"id","codi_estacio","codi_variable","data_lectura","data_extrem","valor_lectura","codi_estat","codi_base"
"X4320101090000","X4","32","2009-01-01T00:00:00.000",,"11.9","V","HO"
"X4330101090000","X4","33","2009-01-01T00:00:00.000",,"74","V","HO"
"X4340101090000","X4","34","2009-01-01T00:00:00.000",,"1017","V","HO"
"X4350101090000","X4","35","2009-01-01T00:00:00.000",,"0","V","HO"
"X4360101090000","X4","36","2009-01-01T00:00:00.000",,"0","V","HO"
"X4010101090000","X4","1","2009-01-01T00:00:00.000","2009-01-01T00:00:00.000","1017","V","HO"
"X4420101090000","X4","42","2009-01-01T00:00:00.000","2009-01-01T00:21:00.000","11.8","V","HO"
"X4440101090000","X4","44","2009-01-01T00:00:00.000","2009-01-01T00:57:00.000","72","V","HO"
"X4500101090000","X4","50","2009-01-01T00:00:00.000","2009-01-01T00:58:00.000","2.4","V","HO"
"X4510101090000","X4","51","2009-01-01T00:00:00.000",,"331","V","HO"
"X4400101090000","X4","40","2009-01-01T00:00:00.000","2009-01-01T00:00:00.000","12","V","HO"
"X4320101090100","X4","32","2009-01-01T01:00:00.000",,"11.8","V","HO"
"X4330101090100","X4","33","2009-01-01T01:00:00.000",,"72","V","HO"
"X4340101090100","X4","34","2009-01-01T01:00:00.000",,"1016","V","HO"
"X4350101090100","X4","35","2009-01-01T01:00:00.000",,"0","V","HO"
"X4510101090100","X4","51","2009-01-01T01:00:00.000",,"319","V","HO"
"X4400101090100","X4","40","2009-01-01T01:00:00.000","2009-01-01T01:00:00.000","11.9","V","HO"
"X4420101090100","X4","42","2009-01-01T01:00:00.000","2009-01-01T01:57:00.000","11.7","V","HO"
"X4440101090100","X4","44","2009-01-01T01:00:00.000","2009-01-01T01:15:00.000","69","V","HO"
"X4500101090100","X4","50","2009-01-01T01:00:00.000","2009-01-01T01:01:00.000","3.2","V","HO"
"X4360101090100","X4","36","2009-01-01T01:00:00.000",,"0","V","HO"
"X4320101090200","X4","32","2009-01-01T02:00:00.000",,"11.5","V","HO"
"X4330101090200","X4","33","2009-01-01T02:00:00.000",,"75","V","HO"
"X4340101090200","X4","34","2009-01-01T02:00:00.000",,"1016","V","HO"
"X4350101090200","X4","35","2009-01-01T02:00:00.000",,"0","V","HO"
"X4510101090200","X4","51","2009-01-01T02:00:00.000",,"264","V","HO"
"X4400101090200","X4","40","2009-01-01T02:00:00.000","2009-01-01T02:00:00.000","11.7","V","HO"
"X4420101090200","X4","42","2009-01-01T02:00:00.000","2009-01-01T02:44:00.000","11.3","V","HO"
"X4440101090200","X4","44","2009-01-01T02:00:00.000","2009-01-01T02:03:00.000","73","V","HO"
"X4500101090200","X4","50","2009-01-01T02:00:00.000","2009-01-01T02:00:00.000","2","V","HO"
"X4360101090200","X4","36","2009-01-01T02:00:00.000",,"0","V","HO"
"X4320101090300","X4","32","2009-01-01T03:00:00.000",,"11.3","V","HO"
"X4330101090300","X4","33","2009-01-01T03:00:00.000",,"74","V","HO"
"X4340101090300","X4","34","2009-01-01T03:00:00.000",,"1016","V","HO"
"X4350101090300","X4","35","2009-01-01T03:00:00.000",,"0","V","HO"
"X4510101090300","X4","51","2009-01-01T03:00:00.000",,"261","V","HO"
"X4400101090300","X4","40","2009-01-01T03:00:00.000","2009-01-01T03:12:00.000","11.5","V","HO"
"X4420101090300","X4","42","2009-01-01T03:00:00.000","2009-01-01T03:58:00.000","11.2","V","HO"
"X4440101090300","X4","44","2009-01-01T03:00:00.000","2009-01-01T03:52:00.000","72","V","HO"
"X4500101090300","X4","50","2009-01-01T03:00:00.000","2009-01-01T03:50:00.000","2.2","V","HO"
"X4360101090300","X4","36","2009-01-01T03:00:00.000",,"0","V","HO"
"X4320101090400","X4","32","2009-01-01T04:00:00.000",,"11.1","V","HO"
"X4330101090400","X4","33","2009-01-01T04:00:00.000",,"73","V","HO"
"X4340101090400","X4","34","2009-01-01T04:00:00.000",,"1015","V","HO"
"X4510101090400","X4","51","2009-01-01T04:00:00.000",,"214","V","HO"
"X4350101090400","X4","35","2009-01-01T04:00:00.000",,"0","V","HO"
"X4440101090400","X4","44","2009-01-01T04:00:00.000","2009-01-01T04:00:00.000","73","V","HO"
"X4420101090400","X4","42","2009-01-01T04:00:00.000","2009-01-01T04:58:00.000","11","V","HO"
"X4400101090400","X4","40","2009-01-01T04:00:00.000","2009-01-01T04:00:00.000","11.2","V","HO"
"X4360101090400","X4","36","2009-01-01T04:00:00.000",,"0","V","HO"
"X4500101090400","X4","50","2009-01-01T04:00:00.000","2009-01-01T04:28:00.000","1.4","V","HO"
"X4440101090500","X4","44","2009-01-01T05:00:00.000","2009-01-01T05:00:00.000","74","V","HO"
"X4420101090500","X4","42","2009-01-01T05:00:00.000","2009-01-01T05:58:00.000","10.4","V","HO"
"X4510101090500","X4","51","2009-01-01T05:00:00.000",,"220","V","HO"
"X4500101090500","X4","50","2009-01-01T05:00:00.000","2009-01-01T05:45:00.000","1","V","HO"
"X4400101090500","X4","40","2009-01-01T05:00:00.000","2009-01-01T05:00:00.000","11","V","HO"
"X4360101090500","X4","36","2009-01-01T05:00:00.000",,"0","V","HO"
"X4350101090500","X4","35","2009-01-01T05:00:00.000",,"0","V","HO"
"X4340101090500","X4","34","2009-01-01T05:00:00.000",,"1015","V","HO"
"X4330101090500","X4","33","2009-01-01T05:00:00.000",,"76","V","HO"
"X4320101090500","X4","32","2009-01-01T05:00:00.000",,"10.7","V","HO"
"X4320101090600","X4","32","2009-01-01T06:00:00.000",,"10.4","V","HO"
"X4330101090600","X4","33","2009-01-01T06:00:00.000",,"77","V","HO"
"X4340101090600","X4","34","2009-01-01T06:00:00.000",,"1015","V","HO"
"X4350101090600","X4","35","2009-01-01T06:00:00.000",,"0","V","HO"
"X4360101090600","X4","36","2009-01-01T06:00:00.000",,"0","V","HO"
"X4400101090600","X4","40","2009-01-01T06:00:00.000","2009-01-01T06:45:00.000","10.6","V","HO"
"X4420101090600","X4","42","2009-01-01T06:00:00.000","2009-01-01T06:30:00.000","10.3","V","HO"
"X4440101090600","X4","44","2009-01-01T06:00:00.000","2009-01-01T06:44:00.000","74","V","HO"
"X4500101090600","X4","50","2009-01-01T06:00:00.000","2009-01-01T06:40:00.000","1.4","V","HO"
"X4510101090600","X4","51","2009-01-01T06:00:00.000",,"331","V","HO"
"X4340101090700","X4","34","2009-01-01T07:00:00.000",,"1015","V","HO"
"X4350101090700","X4","35","2009-01-01T07:00:00.000",,"0","V","HO"
"X4360101090700","X4","36","2009-01-01T07:00:00.000",,"9","V","HO"
"X4400101090700","X4","40","2009-01-01T07:00:00.000","2009-01-01T07:17:00.000","10.9","V","HO"
"X4330101090700","X4","33","2009-01-01T07:00:00.000",,"72","V","HO"
"X4440101090700","X4","44","2009-01-01T07:00:00.000","2009-01-01T07:19:00.000","70","V","HO"
"X4500101090700","X4","50","2009-01-01T07:00:00.000","2009-01-01T07:14:00.000","3.5","V","HO"
"X4510101090700","X4","51","2009-01-01T07:00:00.000",,"293","V","HO"
"X4320101090700","X4","32","2009-01-01T07:00:00.000",,"10.7","V","HO"
"X4420101090700","X4","42","2009-01-01T07:00:00.000","2009-01-01T07:00:00.000","10.4","V","HO"
"X4510101090800","X4","51","2009-01-01T08:00:00.000",,"81","V","HO"
"X4500101090800","X4","50","2009-01-01T08:00:00.000","2009-01-01T08:15:00.000","1.7","V","HO"
"X4440101090800","X4","44","2009-01-01T08:00:00.000","2009-01-01T08:45:00.000","73","V","HO"
"X4420101090800","X4","42","2009-01-01T08:00:00.000","2009-01-01T08:03:00.000","10.4","V","HO"
"X4320101090800","X4","32","2009-01-01T08:00:00.000",,"10.5","V","HO"
"X4360101090800","X4","36","2009-01-01T08:00:00.000",,"56","V","HO"
"X4350101090800","X4","35","2009-01-01T08:00:00.000",,"0","V","HO"
"X4340101090800","X4","34","2009-01-01T08:00:00.000",,"1016","V","HO"
"X4330101090800","X4","33","2009-01-01T08:00:00.000",,"74","V","HO"
"X4400101090800","X4","40","2009-01-01T08:00:00.000","2009-01-01T08:57:00.000","10.6","V","HO"
"X4320101090900","X4","32","2009-01-01T09:00:00.000",,"11","V","HO"
"X4330101090900","X4","33","2009-01-01T09:00:00.000",,"71","V","HO"
"X4340101090900","X4","34","2009-01-01T09:00:00.000",,"1016","V","HO"
"X4350101090900","X4","35","2009-01-01T09:00:00.000",,"0","V","HO"
"X4510101090900","X4","51","2009-01-01T09:00:00.000",,"339","V","HO"
"X4400101090900","X4","40","2009-01-01T09:00:00.000","2009-01-01T09:58:00.000","11.7","V","HO"
"X4420101090900","X4","42","2009-01-01T09:00:00.000","2009-01-01T09:03:00.000","10.6","V","HO"
"X4440101090900","X4","44","2009-01-01T09:00:00.000","2009-01-01T09:58:00.000","68","V","HO"
"X4500101090900","X4","50","2009-01-01T09:00:00.000","2009-01-01T09:25:00.000","3.2","V","HO"
"X4360101090900","X4","36","2009-01-01T09:00:00.000",,"128","V","HO"
"X4320101091000","X4","32","2009-01-01T10:00:00.000",,"12.4","V","HO"
"X4330101091000","X4","33","2009-01-01T10:00:00.000",,"66","V","HO"
"X4340101091000","X4","34","2009-01-01T10:00:00.000",,"1016","V","HO"
"X4350101091000","X4","35","2009-01-01T10:00:00.000",,"0","V","HO"
"X4510101091000","X4","51","2009-01-01T10:00:00.000",,"13","V","HO"
"X4400101091000","X4","40","2009-01-01T10:00:00.000","2009-01-01T10:58:00.000","12.9","V","HO"
"X4420101091000","X4","42","2009-01-01T10:00:00.000","2009-01-01T10:00:00.000","11.7","V","HO"
"X4440101091000","X4","44","2009-01-01T10:00:00.000","2009-01-01T10:31:00.000","65","V","HO"
"X4500101091000","X4","50","2009-01-01T10:00:00.000","2009-01-01T10:35:00.000","4.3","V","HO"
"X4360101091000","X4","36","2009-01-01T10:00:00.000",,"246","V","HO"
"X4400101091100","X4","40","2009-01-01T11:00:00.000","2009-01-01T11:57:00.000","14.1","V","HO"
"X4420101091100","X4","42","2009-01-01T11:00:00.000","2009-01-01T11:00:00.000","13","V","HO"
"X4440101091100","X4","44","2009-01-01T11:00:00.000","2009-01-01T11:42:00.000","62","V","HO"
"X4500101091100","X4","50","2009-01-01T11:00:00.000","2009-01-01T11:38:00.000","2.8","V","HO"
"X4510101091100","X4","51","2009-01-01T11:00:00.000",,"70","V","HO"
"X4350101091100","X4","35","2009-01-01T11:00:00.000",,"0","V","HO"
"X4340101091100","X4","34","2009-01-01T11:00:00.000",,"1016","V","HO"
"X4330101091100","X4","33","2009-01-01T11:00:00.000",,"63","V","HO"
"X4320101091100","X4","32","2009-01-01T11:00:00.000",,"13.8","V","HO"
"X4360101091100","X4","36","2009-01-01T11:00:00.000",,"317","V","HO"
"X4320101091200","X4","32","2009-01-01T12:00:00.000",,"14.2","V","HO"
"X4330101091200","X4","33","2009-01-01T12:00:00.000",,"64","V","HO"
"X4340101091200","X4","34","2009-01-01T12:00:00.000",,"1015","V","HO"
"X4350101091200","X4","35","2009-01-01T12:00:00.000",,"0","V","HO"
"X4510101091200","X4","51","2009-01-01T12:00:00.000",,"91","V","HO"
"X4400101091200","X4","40","2009-01-01T12:00:00.000","2009-01-01T12:09:00.000","14.4","V","HO"
"X4420101091200","X4","42","2009-01-01T12:00:00.000","2009-01-01T12:58:00.000","14","V","HO"
"X4440101091200","X4","44","2009-01-01T12:00:00.000","2009-01-01T12:12:00.000","62","V","HO"
"X4500101091200","X4","50","2009-01-01T12:00:00.000","2009-01-01T12:32:00.000","4","V","HO"
"X4360101091200","X4","36","2009-01-01T12:00:00.000",,"273","V","HO"
"X4330101091300","X4","33","2009-01-01T13:00:00.000",,"69","V","HO"
"X4340101091300","X4","34","2009-01-01T13:00:00.000",,"1015","V","HO"
"X4320101091300","X4","32","2009-01-01T13:00:00.000",,"13.8","V","HO"
"X4350101091300","X4","35","2009-01-01T13:00:00.000",,"0","V","HO"
"X4360101091300","X4","36","2009-01-01T13:00:00.000",,"204","V","HO"
"X4400101091300","X4","40","2009-01-01T13:00:00.000","2009-01-01T13:18:00.000","14.1","V","HO"
"X4420101091300","X4","42","2009-01-01T13:00:00.000","2009-01-01T13:56:00.000","13.5","V","HO"
"X4440101091300","X4","44","2009-01-01T13:00:00.000","2009-01-01T13:03:00.000","66","V","HO"
"X4500101091300","X4","50","2009-01-01T13:00:00.000","2009-01-01T13:41:00.000","5.1","V","HO"
"X4510101091300","X4","51","2009-01-01T13:00:00.000",,"74","V","HO"
"X4440101091400","X4","44","2009-01-01T14:00:00.000","2009-01-01T14:47:00.000","72","V","HO"
"X4500101091400","X4","50","2009-01-01T14:00:00.000","2009-01-01T14:02:00.000","5.2","V","HO"
"X4510101091400","X4","51","2009-01-01T14:00:00.000",,"80","V","HO"
"X4020101091400","X4","2","2009-01-01T14:00:00.000","2009-01-01T14:03:00.000","1015","V","HO"
"X4320101091400","X4","32","2009-01-01T14:00:00.000",,"13.5","V","HO"
"X4330101091400","X4","33","2009-01-01T14:00:00.000",,"73","V","HO"
"X4340101091400","X4","34","2009-01-01T14:00:00.000",,"1015","V","HO"
"X4350101091400","X4","35","2009-01-01T14:00:00.000",,"0","V","HO"
"X4360101091400","X4","36","2009-01-01T14:00:00.000",,"133","V","HO"
"X4400101091400","X4","40","2009-01-01T14:00:00.000","2009-01-01T14:24:00.000","13.6","V","HO"
"X4420101091400","X4","42","2009-01-01T14:00:00.000","2009-01-01T14:15:00.000","13.4","V","HO"
"X4320101091500","X4","32","2009-01-01T15:00:00.000",,"13.3","V","HO"
"X4330101091500","X4","33","2009-01-01T15:00:00.000",,"74","V","HO"
"X4340101091500","X4","34","2009-01-01T15:00:00.000",,"1015","V","HO"
"X4350101091500","X4","35","2009-01-01T15:00:00.000",,"0","V","HO"
"X4510101091500","X4","51","2009-01-01T15:00:00.000",,"81","V","HO"
"X4500101091500","X4","50","2009-01-01T15:00:00.000","2009-01-01T15:02:00.000","3.4","V","HO"
"X4440101091500","X4","44","2009-01-01T15:00:00.000","2009-01-01T15:01:00.000","73","V","HO"
"X4420101091500","X4","42","2009-01-01T15:00:00.000","2009-01-01T15:58:00.000","13.1","V","HO"
"X4400101091500","X4","40","2009-01-01T15:00:00.000","2009-01-01T15:00:00.000","13.5","V","HO"
"X4360101091500","X4","36","2009-01-01T15:00:00.000",,"54","V","HO"
"X4320101091600","X4","32","2009-01-01T16:00:00.000",,"12.9","V","HO"
"X4330101091600","X4","33","2009-01-01T16:00:00.000",,"74","V","HO"
"X4340101091600","X4","34","2009-01-01T16:00:00.000",,"1015","V","HO"
"X4350101091600","X4","35","2009-01-01T16:00:00.000",,"0","V","HO"
"X4510101091600","X4","51","2009-01-01T16:00:00.000",,"81","V","HO"
"X4400101091600","X4","40","2009-01-01T16:00:00.000","2009-01-01T16:00:00.000","13","V","HO"
"X4420101091600","X4","42","2009-01-01T16:00:00.000","2009-01-01T16:54:00.000","12.7","V","HO"
"X4440101091600","X4","44","2009-01-01T16:00:00.000","2009-01-01T16:11:00.000","73","V","HO"
"X4500101091600","X4","50","2009-01-01T16:00:00.000","2009-01-01T16:23:00.000","2.1","V","HO"
"X4360101091600","X4","36","2009-01-01T16:00:00.000",,"4","V","HO"
"X4360101091700","X4","36","2009-01-01T17:00:00.000",,"0","V","HO"
"X4400101091700","X4","40","2009-01-01T17:00:00.000","2009-01-01T17:57:00.000","12.7","V","HO"
"X4420101091700","X4","42","2009-01-01T17:00:00.000","2009-01-01T17:28:00.000","12.5","V","HO"
"X4440101091700","X4","44","2009-01-01T17:00:00.000","2009-01-01T17:02:00.000","75","V","HO"
"X4350101091700","X4","35","2009-01-01T17:00:00.000",,"0","V","HO"
"X4510101091700","X4","51","2009-01-01T17:00:00.000",,"47","V","HO"
"X4320101091700","X4","32","2009-01-01T17:00:00.000",,"12.6","V","HO"
"X4330101091700","X4","33","2009-01-01T17:00:00.000",,"75","V","HO"
"X4340101091700","X4","34","2009-01-01T17:00:00.000",,"1015","V","HO"
"X4500101091700","X4","50","2009-01-01T17:00:00.000","2009-01-01T17:44:00.000","1.9","V","HO"
"X4320101091800","X4","32","2009-01-01T18:00:00.000",,"12.8","V","HO"
"X4330101091800","X4","33","2009-01-01T18:00:00.000",,"74","V","HO"
"X4340101091800","X4","34","2009-01-01T18:00:00.000",,"1016","V","HO"
"X4350101091800","X4","35","2009-01-01T18:00:00.000",,"0","V","HO"
"X4510101091800","X4","51","2009-01-01T18:00:00.000",,"85","V","HO"
"X4400101091800","X4","40","2009-01-01T18:00:00.000","2009-01-01T18:52:00.000","12.9","V","HO"
"X4420101091800","X4","42","2009-01-01T18:00:00.000","2009-01-01T18:00:00.000","12.7","V","HO"
"X4440101091800","X4","44","2009-01-01T18:00:00.000","2009-01-01T18:40:00.000","73","V","HO"
"X4500101091800","X4","50","2009-01-01T18:00:00.000","2009-01-01T18:37:00.000","1.7","V","HO"
"X4360101091800","X4","36","2009-01-01T18:00:00.000",,"0","V","HO"
"X4420101091900","X4","42","2009-01-01T19:00:00.000","2009-01-01T19:07:00.000","12.9","V","HO"
"X4440101091900","X4","44","2009-01-01T19:00:00.000","2009-01-01T19:58:00.000","74","V","HO"
"X4500101091900","X4","50","2009-01-01T19:00:00.000","2009-01-01T19:29:00.000","2.4","V","HO"
"X4510101091900","X4","51","2009-01-01T19:00:00.000",,"36","V","HO"
"X4400101091900","X4","40","2009-01-01T19:00:00.000","2009-01-01T19:18:00.000","12.9","V","HO"
"X4330101091900","X4","33","2009-01-01T19:00:00.000",,"74","V","HO"
"X4340101091900","X4","34","2009-01-01T19:00:00.000",,"1016","V","HO"
"X4350101091900","X4","35","2009-01-01T19:00:00.000",,"0","V","HO"
"X4360101091900","X4","36","2009-01-01T19:00:00.000",,"0","V","HO"
"X4320101091900","X4","32","2009-01-01T19:00:00.000",,"12.9","V","HO"
"X4400101092000","X4","40","2009-01-01T20:00:00.000","2009-01-01T20:38:00.000","13","V","HO"
"X4330101092000","X4","33","2009-01-01T20:00:00.000",,"72","V","HO"
"X4350101092000","X4","35","2009-01-01T20:00:00.000",,"0","V","HO"
"X4340101092000","X4","34","2009-01-01T20:00:00.000",,"1016","V","HO"
"X4360101092000","X4","36","2009-01-01T20:00:00.000",,"0","V","HO"
"X4320101092000","X4","32","2009-01-01T20:00:00.000",,"12.9","V","HO"
"X4420101092000","X4","42","2009-01-01T20:00:00.000","2009-01-01T20:58:00.000","12.8","V","HO"
"X4440101092000","X4","44","2009-01-01T20:00:00.000","2009-01-01T20:42:00.000","71","V","HO"
"X4500101092000","X4","50","2009-01-01T20:00:00.000","2009-01-01T20:40:00.000","3.1","V","HO"
"X4510101092000","X4","51","2009-01-01T20:00:00.000",,"30","V","HO"
"X4330101092100","X4","33","2009-01-01T21:00:00.000",,"72","V","HO"
"X4320101092100","X4","32","2009-01-01T21:00:00.000",,"12.8","V","HO"
"X4340101092100","X4","34","2009-01-01T21:00:00.000",,"1016","V","HO"
"X4350101092100","X4","35","2009-01-01T21:00:00.000",,"0","V","HO"
"X4360101092100","X4","36","2009-01-01T21:00:00.000",,"0","V","HO"
"X4500101092100","X4","50","2009-01-01T21:00:00.000","2009-01-01T21:38:00.000","2.7","V","HO"
"X4440101092100","X4","44","2009-01-01T21:00:00.000","2009-01-01T21:00:00.000","72","V","HO"
"X4420101092100","X4","42","2009-01-01T21:00:00.000","2009-01-01T21:07:00.000","12.8","V","HO"
"X4400101092100","X4","40","2009-01-01T21:00:00.000","2009-01-01T21:49:00.000","12.8","V","HO"
"X4510101092100","X4","51","2009-01-01T21:00:00.000",,"1","V","HO"
"X4420101092200","X4","42","2009-01-01T22:00:00.000","2009-01-01T22:58:00.000","12.5","V","HO"
"X4440101092200","X4","44","2009-01-01T22:00:00.000","2009-01-01T22:00:00.000","73","V","HO"
"X4500101092200","X4","50","2009-01-01T22:00:00.000","2009-01-01T22:21:00.000","3","V","HO"
"X4510101092200","X4","51","2009-01-01T22:00:00.000",,"40","V","HO"
"X4360101092200","X4","36","2009-01-01T22:00:00.000",,"0","V","HO"
"X4340101092200","X4","34","2009-01-01T22:00:00.000",,"1016","V","HO"
"X4330101092200","X4","33","2009-01-01T22:00:00.000",,"74","V","HO"
"X4320101092200","X4","32","2009-01-01T22:00:00.000",,"12.7","V","HO"
"X4400101092200","X4","40","2009-01-01T22:00:00.000","2009-01-01T22:00:00.000","12.8","V","HO"
"X4350101092200","X4","35","2009-01-01T22:00:00.000",,"0","V","HO"
"X4440101092300","X4","44","2009-01-01T23:00:00.000","2009-01-01T23:22:00.000","74","V","HO"
"X4500101092300","X4","50","2009-01-01T23:00:00.000","2009-01-01T23:52:00.000","3.2","V","HO"
"X4510101092300","X4","51","2009-01-01T23:00:00.000",,"13","V","HO"
"X4350101092300","X4","35","2009-01-01T23:00:00.000",,"0","V","HO"
"X4320101092300","X4","32","2009-01-01T23:00:00.000",,"12.4","V","HO"
"X4330101092300","X4","33","2009-01-01T23:00:00.000",,"74","V","HO"
"X4420101092300","X4","42","2009-01-01T23:00:00.000","2009-01-01T23:57:00.000","12.3","V","HO"
"X4400101092300","X4","40","2009-01-01T23:00:00.000","2009-01-01T23:00:00.000","12.5","V","HO"
"X4360101092300","X4","36","2009-01-01T23:00:00.000",,"0","V","HO"
"X4340101092300","X4","34","2009-01-01T23:00:00.000",,"1015","V","HO"
"X4320201090000","X4","32","2009-01-02T00:00:00.000",,"12.2","V","HO"
"X4330201090000","X4","33","2009-01-02T00:00:00.000",,"75","V","HO"
"X4010201090000","X4","1","2009-01-02T00:00:00.000","2009-01-02T00:00:00.000","1015","V","HO"
"X4360201090000","X4","36","2009-01-02T00:00:00.000",,"0","V","HO"
"X4400201090000","X4","40","2009-01-02T00:00:00.000","2009-01-02T00:00:00.000","12.3","V","HO"
"X4350201090000","X4","35","2009-01-02T00:00:00.000",,"0","V","HO"
"X4440201090000","X4","44","2009-01-02T00:00:00.000","2009-01-02T00:58:00.000","75","V","HO"
"X4500201090000","X4","50","2009-01-02T00:00:00.000","2009-01-02T00:33:00.000","3.6","V","HO"
"X4510201090000","X4","51","2009-01-02T00:00:00.000",,"8","V","HO"
"X4340201090000","X4","34","2009-01-02T00:00:00.000",,"1015","V","HO"
"X4420201090000","X4","42","2009-01-02T00:00:00.000","2009-01-02T00:44:00.000","12.2","V","HO"
"X4320201090100","X4","32","2009-01-02T01:00:00.000",,"12.2","V","HO"
"X4350201090100","X4","35","2009-01-02T01:00:00.000",,"0","V","HO"
"X4360201090100","X4","36","2009-01-02T01:00:00.000",,"0","V","HO"
"X4400201090100","X4","40","2009-01-02T01:00:00.000","2009-01-02T01:13:00.000","12.3","V","HO"
"X4340201090100","X4","34","2009-01-02T01:00:00.000",,"1015","V","HO"
"X4440201090100","X4","44","2009-01-02T01:00:00.000","2009-01-02T01:55:00.000","72","V","HO"
"X4500201090100","X4","50","2009-01-02T01:00:00.000","2009-01-02T01:24:00.000","3.4","V","HO"
"X4510201090100","X4","51","2009-01-02T01:00:00.000",,"3","V","HO"
"X4330201090100","X4","33","2009-01-02T01:00:00.000",,"73","V","HO"
"X4420201090100","X4","42","2009-01-02T01:00:00.000","2009-01-02T01:57:00.000","12.2","V","HO"
"X4320201090200","X4","32","2009-01-02T02:00:00.000",,"12.1","V","HO"
"X4330201090200","X4","33","2009-01-02T02:00:00.000",,"72","V","HO"
"X4340201090200","X4","34","2009-01-02T02:00:00.000",,"1015","V","HO"
"X4350201090200","X4","35","2009-01-02T02:00:00.000",,"0","V","HO"
"X4510201090200","X4","51","2009-01-02T02:00:00.000",,"358","V","HO"
"X4400201090200","X4","40","2009-01-02T02:00:00.000","2009-01-02T02:00:00.000","12.2","V","HO"
"X4420201090200","X4","42","2009-01-02T02:00:00.000","2009-01-02T02:37:00.000","12.1","V","HO"
"X4440201090200","X4","44","2009-01-02T02:00:00.000","2009-01-02T02:21:00.000","72","V","HO"
"X4500201090200","X4","50","2009-01-02T02:00:00.000","2009-01-02T02:00:00.000","3.2","V","HO"
"X4360201090200","X4","36","2009-01-02T02:00:00.000",,"0","V","HO"
"X4320201090300","X4","32","2009-01-02T03:00:00.000",,"12.1","V","HO"
"X4330201090300","X4","33","2009-01-02T03:00:00.000",,"73","V","HO"
"X4340201090300","X4","34","2009-01-02T03:00:00.000",,"1014","V","HO"
"X4350201090300","X4","35","2009-01-02T03:00:00.000",,"0","V","HO"
"X4510201090300","X4","51","2009-01-02T03:00:00.000",,"353","V","HO"
"X4400201090300","X4","40","2009-01-02T03:00:00.000","2009-01-02T03:00:00.000","12.1","V","HO"
"X4420201090300","X4","42","2009-01-02T03:00:00.000","2009-01-02T03:51:00.000","12.1","V","HO"
"X4440201090300","X4","44","2009-01-02T03:00:00.000","2009-01-02T03:00:00.000","72","V","HO"
"X4500201090300","X4","50","2009-01-02T03:00:00.000","2009-01-02T03:24:00.000","2.1","V","HO"
"X4360201090300","X4","36","2009-01-02T03:00:00.000",,"0","V","HO"
"X4320201090400","X4","32","2009-01-02T04:00:00.000",,"12","V","HO"
"X4330201090400","X4","33","2009-01-02T04:00:00.000",,"74","V","HO"
"X4340201090400","X4","34","2009-01-02T04:00:00.000",,"1014","V","HO"
"X4350201090400","X4","35","2009-01-02T04:00:00.000",,"0","V","HO"
"X4510201090400","X4","51","2009-01-02T04:00:00.000",,"37","V","HO"
"X4400201090400","X4","40","2009-01-02T04:00:00.000","2009-01-02T04:00:00.000","12.1","V","HO"
"X4420201090400","X4","42","2009-01-02T04:00:00.000","2009-01-02T04:58:00.000","11.8","V","HO"
"X4440201090400","X4","44","2009-01-02T04:00:00.000","2009-01-02T04:05:00.000","73","V","HO"
"X4500201090400","X4","50","2009-01-02T04:00:00.000","2009-01-02T04:07:00.000","2.1","V","HO"
"X4360201090400","X4","36","2009-01-02T04:00:00.000",,"0","V","HO"
"X4320201090500","X4","32","2009-01-02T05:00:00.000",,"11.8","V","HO"
"X4330201090500","X4","33","2009-01-02T05:00:00.000",,"76","V","HO"
"X4510201090500","X4","51","2009-01-02T05:00:00.000",,"195","V","HO"
"X4500201090500","X4","50","2009-01-02T05:00:00.000","2009-01-02T05:54:00.000","1.4","V","HO"
"X4440201090500","X4","44","2009-01-02T05:00:00.000","2009-01-02T05:00:00.000","74","V","HO"
"X4420201090500","X4","42","2009-01-02T05:00:00.000","2009-01-02T05:58:00.000","11.7","V","HO"
"X4400201090500","X4","40","2009-01-02T05:00:00.000","2009-01-02T05:11:00.000","11.9","V","HO"
"X4360201090500","X4","36","2009-01-02T05:00:00.000",,"0","V","HO"
"X4350201090500","X4","35","2009-01-02T05:00:00.000",,"0","V","HO"
"X4340201090500","X4","34","2009-01-02T05:00:00.000",,"1013","V","HO"
"X4320201090600","X4","32","2009-01-02T06:00:00.000",,"11.5","V","HO"
"X4330201090600","X4","33","2009-01-02T06:00:00.000",,"76","V","HO"
"X4340201090600","X4","34","2009-01-02T06:00:00.000",,"1014","V","HO"
"X4350201090600","X4","35","2009-01-02T06:00:00.000",,"0","V","HO"
"X4510201090600","X4","51","2009-01-02T06:00:00.000",,"76","V","HO"
"X4400201090600","X4","40","2009-01-02T06:00:00.000","2009-01-02T06:00:00.000","11.6","V","HO"
"X4420201090600","X4","42","2009-01-02T06:00:00.000","2009-01-02T06:52:00.000","11.4","V","HO"
"X4440201090600","X4","44","2009-01-02T06:00:00.000","2009-01-02T06:00:00.000","76","V","HO"
"X4500201090600","X4","50","2009-01-02T06:00:00.000","2009-01-02T06:28:00.000","2.1","V","HO"
"X4360201090600","X4","36","2009-01-02T06:00:00.000",,"0","V","HO"
"X4350201090700","X4","35","2009-01-02T07:00:00.000",,"0","V","HO"
"X4360201090700","X4","36","2009-01-02T07:00:00.000",,"5","V","HO"
"X4330201090700","X4","33","2009-01-02T07:00:00.000",,"75","V","HO"
"X4320201090700","X4","32","2009-01-02T07:00:00.000",,"11.7","V","HO"
"X4340201090700","X4","34","2009-01-02T07:00:00.000",,"1014","V","HO"
"X4500201090700","X4","50","2009-01-02T07:00:00.000","2009-01-02T07:31:00.000","2.7","V","HO"
"X4440201090700","X4","44","2009-01-02T07:00:00.000","2009-01-02T07:39:00.000","73","V","HO"
"X4420201090700","X4","42","2009-01-02T07:00:00.000","2009-01-02T07:00:00.000","11.4","V","HO"
"X4400201090700","X4","40","2009-01-02T07:00:00.000","2009-01-02T07:43:00.000","11.8","V","HO"
"X4510201090700","X4","51","2009-01-02T07:00:00.000",,"346","V","HO"
"X4510201090800","X4","51","2009-01-02T08:00:00.000",,"216","V","HO"
"X4500201090800","X4","50","2009-01-02T08:00:00.000","2009-01-02T08:22:00.000","2","V","HO"
"X4440201090800","X4","44","2009-01-02T08:00:00.000","2009-01-02T08:56:00.000","74","V","HO"
"X4420201090800","X4","42","2009-01-02T08:00:00.000","2009-01-02T08:00:00.000","11.8","V","HO"
"X4400201090800","X4","40","2009-01-02T08:00:00.000","2009-01-02T08:57:00.000","11.9","V","HO"
"X4360201090800","X4","36","2009-01-02T08:00:00.000",,"32","V","HO"
"X4350201090800","X4","35","2009-01-02T08:00:00.000",,"0","V","HO"
"X4340201090800","X4","34","2009-01-02T08:00:00.000",,"1014","V","HO"
"X4330201090800","X4","33","2009-01-02T08:00:00.000",,"75","V","HO"
"X4320201090800","X4","32","2009-01-02T08:00:00.000",,"11.8","V","HO"
"X4320201090900","X4","32","2009-01-02T09:00:00.000",,"12","V","HO"
"X4330201090900","X4","33","2009-01-02T09:00:00.000",,"75","V","HO"
"X4340201090900","X4","34","2009-01-02T09:00:00.000",,"1014","V","HO"
"X4350201090900","X4","35","2009-01-02T09:00:00.000",,"0","V","HO"
"X4360201090900","X4","36","2009-01-02T09:00:00.000",,"76","V","HO"
"X4400201090900","X4","40","2009-01-02T09:00:00.000","2009-01-02T09:46:00.000","12.1","V","HO"
"X4420201090900","X4","42","2009-01-02T09:00:00.000","2009-01-02T09:26:00.000","11.9","V","HO"
"X4440201090900","X4","44","2009-01-02T09:00:00.000","2009-01-02T09:50:00.000","74","V","HO"
"X4500201090900","X4","50","2009-01-02T09:00:00.000","2009-01-02T09:16:00.000","2.1","V","HO"
"X4510201090900","X4","51","2009-01-02T09:00:00.000",,"83","V","HO"
"X4510201091000","X4","51","2009-01-02T10:00:00.000",,"179","V","HO"
"X4320201091000","X4","32","2009-01-02T10:00:00.000",,"12.2","V","HO"
"X4330201091000","X4","33","2009-01-02T10:00:00.000",,"74","V","HO"
"X4340201091000","X4","34","2009-01-02T10:00:00.000",,"1014","V","HO"
"X4350201091000","X4","35","2009-01-02T10:00:00.000",,"0.1","V","HO"
"X4360201091000","X4","36","2009-01-02T10:00:00.000",,"120","V","HO"
"X4400201091000","X4","40","2009-01-02T10:00:00.000","2009-01-02T10:43:00.000","12.4","V","HO"
"X4420201091000","X4","42","2009-01-02T10:00:00.000","2009-01-02T10:06:00.000","12","V","HO"
"X4440201091000","X4","44","2009-01-02T10:00:00.000","2009-01-02T10:25:00.000","73","V","HO"
"X4500201091000","X4","50","2009-01-02T10:00:00.000","2009-01-02T10:42:00.000","1.9","V","HO"
"X4500201091100","X4","50","2009-01-02T11:00:00.000","2009-01-02T11:28:00.000","2.7","V","HO"
"X4510201091100","X4","51","2009-01-02T11:00:00.000",,"259","V","HO"
"X4320201091100","X4","32","2009-01-02T11:00:00.000",,"12.5","V","HO"
"X4330201091100","X4","33","2009-01-02T11:00:00.000",,"77","V","HO"
"X4440201091100","X4","44","2009-01-02T11:00:00.000","2009-01-02T11:09:00.000","75","V","HO"
"X4350201091100","X4","35","2009-01-02T11:00:00.000",,"0","V","HO"
"X4360201091100","X4","36","2009-01-02T11:00:00.000",,"162","V","HO"
"X4400201091100","X4","40","2009-01-02T11:00:00.000","2009-01-02T11:58:00.000","12.7","V","HO"
"X4420201091100","X4","42","2009-01-02T11:00:00.000","2009-01-02T11:00:00.000","12.3","V","HO"
"X4340201091100","X4","34","2009-01-02T11:00:00.000",,"1013","V","HO"
"X4350201091200","X4","35","2009-01-02T12:00:00.000",,"0","V","HO"
"X4340201091200","X4","34","2009-01-02T12:00:00.000",,"1013","V","HO"
"X4330201091200","X4","33","2009-01-02T12:00:00.000",,"76","V","HO"
"X4320201091200","X4","32","2009-01-02T12:00:00.000",,"12.9","V","HO"
"X4360201091200","X4","36","2009-01-02T12:00:00.000",,"190","V","HO"
"X4440201091200","X4","44","2009-01-02T12:00:00.000","2009-01-02T12:57:00.000","73","V","HO"
"X4500201091200","X4","50","2009-01-02T12:00:00.000","2009-01-02T12:41:00.000","3.1","V","HO"
"X4510201091200","X4","51","2009-01-02T12:00:00.000",,"258","V","HO"
"X4400201091200","X4","40","2009-01-02T12:00:00.000","2009-01-02T12:58:00.000","13.2","V","HO"
"X4420201091200","X4","42","2009-01-02T12:00:00.000","2009-01-02T12:00:00.000","12.7","V","HO"
"X4510201091300","X4","51","2009-01-02T13:00:00.000",,"268","V","HO"
"X4330201091300","X4","33","2009-01-02T13:00:00.000",,"73","V","HO"
"X4320201091300","X4","32","2009-01-02T13:00:00.000",,"13.3","V","HO"
"X4340201091300","X4","34","2009-01-02T13:00:00.000",,"1012","V","HO"
"X4500201091300","X4","50","2009-01-02T13:00:00.000","2009-01-02T13:49:00.000","4","V","HO"
"X4360201091300","X4","36","2009-01-02T13:00:00.000",,"136","V","HO"
"X4400201091300","X4","40","2009-01-02T13:00:00.000","2009-01-02T13:18:00.000","13.4","V","HO"
"X4420201091300","X4","42","2009-01-02T13:00:00.000","2009-01-02T13:53:00.000","13.1","V","HO"
"X4440201091300","X4","44","2009-01-02T13:00:00.000","2009-01-02T13:16:00.000","71","V","HO"
"X4350201091300","X4","35","2009-01-02T13:00:00.000",,"0","V","HO"
"X4320201091400","X4","32","2009-01-02T14:00:00.000",,"13","V","HO"
"X4510201091400","X4","51","2009-01-02T14:00:00.000",,"246","V","HO"
"X4500201091400","X4","50","2009-01-02T14:00:00.000","2009-01-02T14:03:00.000","4","V","HO"
"X4440201091400","X4","44","2009-01-02T14:00:00.000","2009-01-02T14:03:00.000","73","V","HO"
"X4330201091400","X4","33","2009-01-02T14:00:00.000",,"76","V","HO"
"X4400201091400","X4","40","2009-01-02T14:00:00.000","2009-01-02T14:01:00.000","13.2","V","HO"
"X4360201091400","X4","36","2009-01-02T14:00:00.000",,"94","V","HO"
"X4350201091400","X4","35","2009-01-02T14:00:00.000",,"0","V","HO"
"X4340201091400","X4","34","2009-01-02T14:00:00.000",,"1012","V","HO"
"X4420201091400","X4","42","2009-01-02T14:00:00.000","2009-01-02T14:50:00.000","12.8","V","HO"
"X4320201091500","X4","32","2009-01-02T15:00:00.000",,"12.9","V","HO"
"X4330201091500","X4","33","2009-01-02T15:00:00.000",,"74","V","HO"
"X4340201091500","X4","34","2009-01-02T15:00:00.000",,"1012","V","HO"
"X4440201091500","X4","44","2009-01-02T15:00:00.000","2009-01-02T15:19:00.000","70","V","HO"
"X4420201091500","X4","42","2009-01-02T15:00:00.000","2009-01-02T15:00:00.000","12.8","V","HO"
"X4510201091500","X4","51","2009-01-02T15:00:00.000",,"67","V","HO"
"X4350201091500","X4","35","2009-01-02T15:00:00.000",,"0","V","HO"
"X4360201091500","X4","36","2009-01-02T15:00:00.000",,"36","V","HO"
"X4400201091500","X4","40","2009-01-02T15:00:00.000","2009-01-02T15:22:00.000","13","V","HO"
"X4500201091500","X4","50","2009-01-02T15:00:00.000","2009-01-02T15:29:00.000","2.9","V","HO"
"X4320201091600","X4","32","2009-01-02T16:00:00.000",,"12.7","V","HO"
"X4330201091600","X4","33","2009-01-02T16:00:00.000",,"73","V","HO"
"X4340201091600","X4","34","2009-01-02T16:00:00.000",,"1012","V","HO"
"X4350201091600","X4","35","2009-01-02T16:00:00.000",,"0","V","HO"
"X4360201091600","X4","36","2009-01-02T16:00:00.000",,"6","V","HO"
"X4020201091600","X4","2","2009-01-02T16:00:00.000","2009-01-02T16:24:00.000","1012","V","HO"
"X4420201091600","X4","42","2009-01-02T16:00:00.000","2009-01-02T16:38:00.000","12.5","V","HO"
"X4440201091600","X4","44","2009-01-02T16:00:00.000","2009-01-02T16:44:00.000","70","V","HO"
"X4500201091600","X4","50","2009-01-02T16:00:00.000","2009-01-02T16:56:00.000","2.6","V","HO"
"X4510201091600","X4","51","2009-01-02T16:00:00.000",,"260","V","HO"
"X4400201091600","X4","40","2009-01-02T16:00:00.000","2009-01-02T16:00:00.000","12.9","V","HO"
"X4420201091700","X4","42","2009-01-02T17:00:00.000","2009-01-02T17:58:00.000","12.1","V","HO"
"X4440201091700","X4","44","2009-01-02T17:00:00.000","2009-01-02T17:15:00.000","70","V","HO"
"X4500201091700","X4","50","2009-01-02T17:00:00.000","2009-01-02T17:07:00.000","3.4","V","HO"
"X4510201091700","X4","51","2009-01-02T17:00:00.000",,"282","V","HO"
"X4400201091700","X4","40","2009-01-02T17:00:00.000","2009-01-02T17:00:00.000","12.6","V","HO"
"X4330201091700","X4","33","2009-01-02T17:00:00.000",,"72","V","HO"
"X4340201091700","X4","34","2009-01-02T17:00:00.000",,"1012","V","HO"
"X4350201091700","X4","35","2009-01-02T17:00:00.000",,"0","V","HO"
"X4360201091700","X4","36","2009-01-02T17:00:00.000",,"0","V","HO"
"X4320201091700","X4","32","2009-01-02T17:00:00.000",,"12.3","V","HO"
"X4320201091800","X4","32","2009-01-02T18:00:00.000",,"11.8","V","HO"
"X4330201091800","X4","33","2009-01-02T18:00:00.000",,"75","V","HO"
"X4340201091800","X4","34","2009-01-02T18:00:00.000",,"1012","V","HO"
"X4360201091800","X4","36","2009-01-02T18:00:00.000",,"0","V","HO"
"X4350201091800","X4","35","2009-01-02T18:00:00.000",,"0","V","HO"
"X4420201091800","X4","42","2009-01-02T18:00:00.000","2009-01-02T18:48:00.000","11.6","V","HO"
"X4440201091800","X4","44","2009-01-02T18:00:00.000","2009-01-02T18:03:00.000","74","V","HO"
"X4500201091800","X4","50","2009-01-02T18:00:00.000","2009-01-02T18:51:00.000","1.6","V","HO"
"X4510201091800","X4","51","2009-01-02T18:00:00.000",,"216","V","HO"
"X4400201091800","X4","40","2009-01-02T18:00:00.000","2009-01-02T18:00:00.000","12.1","V","HO"
"X4320201091900","X4","32","2009-01-02T19:00:00.000",,"11.3","V","HO"
"X4330201091900","X4","33","2009-01-02T19:00:00.000",,"73","V","HO"
"X4340201091900","X4","34","2009-01-02T19:00:00.000",,"1012","V","HO"
"X4350201091900","X4","35","2009-01-02T19:00:00.000",,"0","V","HO"
"X4510201091900","X4","51","2009-01-02T19:00:00.000",,"262","V","HO"
"X4400201091900","X4","40","2009-01-02T19:00:00.000","2009-01-02T19:00:00.000","11.6","V","HO"
"X4420201091900","X4","42","2009-01-02T19:00:00.000","2009-01-02T19:53:00.000","11","V","HO"
"X4440201091900","X4","44","2009-01-02T19:00:00.000","2009-01-02T19:30:00.000","72","V","HO"
"X4500201091900","X4","50","2009-01-02T19:00:00.000","2009-01-02T19:07:00.000","2.5","V","HO"
"X4360201091900","X4","36","2009-01-02T19:00:00.000",,"0","V","HO"
"X4320201092000","X4","32","2009-01-02T20:00:00.000",,"10.9","V","HO"
"X4330201092000","X4","33","2009-01-02T20:00:00.000",,"76","V","HO"
"X4340201092000","X4","34","2009-01-02T20:00:00.000",,"1012","V","HO"
"X4350201092000","X4","35","2009-01-02T20:00:00.000",,"0","V","HO"
"X4510201092000","X4","51","2009-01-02T20:00:00.000",,"29","V","HO"
"X4400201092000","X4","40","2009-01-02T20:00:00.000","2009-01-02T20:00:00.000","11","V","HO"
"X4420201092000","X4","42","2009-01-02T20:00:00.000","2009-01-02T20:58:00.000","10.7","V","HO"
"X4440201092000","X4","44","2009-01-02T20:00:00.000","2009-01-02T20:00:00.000","73","V","HO"
"X4500201092000","X4","50","2009-01-02T20:00:00.000","2009-01-02T20:18:00.000","2.4","V","HO"
"X4360201092000","X4","36","2009-01-02T20:00:00.000",,"0","V","HO"
"X4320201092100","X4","32","2009-01-02T21:00:00.000",,"10.5","V","HO"
"X4330201092100","X4","33","2009-01-02T21:00:00.000",,"77","V","HO"
"X4400201092100","X4","40","2009-01-02T21:00:00.000","2009-01-02T21:00:00.000","10.7","V","HO"
"X4420201092100","X4","42","2009-01-02T21:00:00.000","2009-01-02T21:50:00.000","10.3","V","HO"
"X4360201092100","X4","36","2009-01-02T21:00:00.000",,"0","V","HO"
"X4500201092100","X4","50","2009-01-02T21:00:00.000","2009-01-02T21:42:00.000","1.6","V","HO"
"X4510201092100","X4","51","2009-01-02T21:00:00.000",,"263","V","HO"
"X4340201092100","X4","34","2009-01-02T21:00:00.000",,"1012","V","HO"
"X4350201092100","X4","35","2009-01-02T21:00:00.000",,"0","V","HO"
"X4440201092100","X4","44","2009-01-02T21:00:00.000","2009-01-02T21:58:00.000","76","V","HO"
"X4320201092200","X4","32","2009-01-02T22:00:00.000",,"10.2","V","HO"
"X4330201092200","X4","33","2009-01-02T22:00:00.000",,"75","V","HO"
"X4340201092200","X4","34","2009-01-02T22:00:00.000",,"1012","V","HO"
"X4350201092200","X4","35","2009-01-02T22:00:00.000",,"0","V","HO"
"X4510201092200","X4","51","2009-01-02T22:00:00.000",,"292","V","HO"
"X4400201092200","X4","40","2009-01-02T22:00:00.000","2009-01-02T22:00:00.000","10.3","V","HO"
"X4420201092200","X4","42","2009-01-02T22:00:00.000","2009-01-02T22:58:00.000","9.9","V","HO"
"X4440201092200","X4","44","2009-01-02T22:00:00.000","2009-01-02T22:32:00.000","74","V","HO"
"X4500201092200","X4","50","2009-01-02T22:00:00.000","2009-01-02T22:24:00.000","2.4","V","HO"
"X4360201092200","X4","36","2009-01-02T22:00:00.000",,"0","V","HO"
"X4320201092300","X4","32","2009-01-02T23:00:00.000",,"9.8","V","HO"
"X4330201092300","X4","33","2009-01-02T23:00:00.000",,"74","V","HO"
"X4340201092300","X4","34","2009-01-02T23:00:00.000",,"1012","V","HO"
"X4350201092300","X4","35","2009-01-02T23:00:00.000",,"0","V","HO"
"X4510201092300","X4","51","2009-01-02T23:00:00.000",,"291","V","HO"
"X4400201092300","X4","40","2009-01-02T23:00:00.000","2009-01-02T23:01:00.000","10","V","HO"
"X4420201092300","X4","42","2009-01-02T23:00:00.000","2009-01-02T23:53:00.000","9.6","V","HO"
"X4440201092300","X4","44","2009-01-02T23:00:00.000","2009-01-02T23:18:00.000","74","V","HO"
"X4500201092300","X4","50","2009-01-02T23:00:00.000","2009-01-02T23:56:00.000","2.6","V","HO"
"X4360201092300","X4","36","2009-01-02T23:00:00.000",,"0","V","HO"
"X4320301090000","X4","32","2009-01-03T00:00:00.000",,"9.7","V","HO"
"X4330301090000","X4","33","2009-01-03T00:00:00.000",,"74","V","HO"
"X4340301090000","X4","34","2009-01-03T00:00:00.000",,"1012","V","HO"
"X4350301090000","X4","35","2009-01-03T00:00:00.000",,"0","V","HO"
"X4360301090000","X4","36","2009-01-03T00:00:00.000",,"0","V","HO"
"X4400301090000","X4","40","2009-01-03T00:00:00.000","2009-01-03T00:15:00.000","9.8","V","HO"
"X4420301090000","X4","42","2009-01-03T00:00:00.000","2009-01-03T00:51:00.000","9.6","V","HO"
"X4440301090000","X4","44","2009-01-03T00:00:00.000","2009-01-03T00:08:00.000","74","V","HO"
"X4500301090000","X4","50","2009-01-03T00:00:00.000","2009-01-03T00:05:00.000","3.1","V","HO"
"X4510301090000","X4","51","2009-01-03T00:00:00.000",,"293","V","HO"
"X4320301090100","X4","32","2009-01-03T01:00:00.000",,"9.5","V","HO"
"X4330301090100","X4","33","2009-01-03T01:00:00.000",,"75","V","HO"
"X4340301090100","X4","34","2009-01-03T01:00:00.000",,"1012","V","HO"
"X4350301090100","X4","35","2009-01-03T01:00:00.000",,"0","V","HO"
"X4360301090100","X4","36","2009-01-03T01:00:00.000",,"0","V","HO"
"X4400301090100","X4","40","2009-01-03T01:00:00.000","2009-01-03T01:22:00.000","9.6","V","HO"
"X4420301090100","X4","42","2009-01-03T01:00:00.000","2009-01-03T01:58:00.000","9.3","V","HO"
"X4440301090100","X4","44","2009-01-03T01:00:00.000","2009-01-03T01:24:00.000","74","V","HO"
"X4500301090100","X4","50","2009-01-03T01:00:00.000","2009-01-03T01:18:00.000","2","V","HO"
"X4510301090100","X4","51","2009-01-03T01:00:00.000",,"290","V","HO"
"X4350301090200","X4","35","2009-01-03T02:00:00.000",,"0","V","HO"
"X4360301090200","X4","36","2009-01-03T02:00:00.000",,"0","V","HO"
"X4400301090200","X4","40","2009-01-03T02:00:00.000","2009-01-03T02:55:00.000","9.7","V","HO"
"X4420301090200","X4","42","2009-01-03T02:00:00.000","2009-01-03T02:01:00.000","9.3","V","HO"
"X4320301090200","X4","32","2009-01-03T02:00:00.000",,"9.5","V","HO"
"X4500301090200","X4","50","2009-01-03T02:00:00.000","2009-01-03T02:41:00.000","1.3","V","HO"
"X4330301090200","X4","33","2009-01-03T02:00:00.000",,"76","V","HO"
"X4510301090200","X4","51","2009-01-03T02:00:00.000",,"221","V","HO"
"X4340301090200","X4","34","2009-01-03T02:00:00.000",,"1011","V","HO"
"X4440301090200","X4","44","2009-01-03T02:00:00.000","2009-01-03T02:56:00.000","75","V","HO"
"X4320301090300","X4","32","2009-01-03T03:00:00.000",,"9.9","V","HO"
"X4330301090300","X4","33","2009-01-03T03:00:00.000",,"74","V","HO"
"X4340301090300","X4","34","2009-01-03T03:00:00.000",,"1011","V","HO"
"X4350301090300","X4","35","2009-01-03T03:00:00.000",,"0","V","HO"
"X4510301090300","X4","51","2009-01-03T03:00:00.000",,"76","V","HO"
"X4400301090300","X4","40","2009-01-03T03:00:00.000","2009-01-03T03:51:00.000","10.1","V","HO"
"X4420301090300","X4","42","2009-01-03T03:00:00.000","2009-01-03T03:03:00.000","9.7","V","HO"
"X4440301090300","X4","44","2009-01-03T03:00:00.000","2009-01-03T03:35:00.000","73","V","HO"
"X4500301090300","X4","50","2009-01-03T03:00:00.000","2009-01-03T03:49:00.000","2.1","V","HO"
"X4360301090300","X4","36","2009-01-03T03:00:00.000",,"0","V","HO"
"X4350301090400","X4","35","2009-01-03T04:00:00.000",,"0","V","HO"
"X4340301090400","X4","34","2009-01-03T04:00:00.000",,"1011","V","HO"
"X4330301090400","X4","33","2009-01-03T04:00:00.000",,"75","V","HO"
"X4320301090400","X4","32","2009-01-03T04:00:00.000",,"10.1","V","HO"
"X4510301090400","X4","51","2009-01-03T04:00:00.000",,"161","V","HO"
"X4400301090400","X4","40","2009-01-03T04:00:00.000","2009-01-03T04:50:00.000","10.2","V","HO"
"X4420301090400","X4","42","2009-01-03T04:00:00.000","2009-01-03T04:03:00.000","10","V","HO"
"X4440301090400","X4","44","2009-01-03T04:00:00.000","2009-01-03T04:00:00.000","74","V","HO"
"X4500301090400","X4","50","2009-01-03T04:00:00.000","2009-01-03T04:58:00.000","1.3","V","HO"
"X4360301090400","X4","36","2009-01-03T04:00:00.000",,"0","V","HO"
"X4320301090500","X4","32","2009-01-03T05:00:00.000",,"10.3","V","HO"
"X4330301090500","X4","33","2009-01-03T05:00:00.000",,"75","V","HO"
"X4340301090500","X4","34","2009-01-03T05:00:00.000",,"1011","V","HO"
"X4350301090500","X4","35","2009-01-03T05:00:00.000",,"0","V","HO"
"X4510301090500","X4","51","2009-01-03T05:00:00.000",,"77","V","HO"
"X4400301090500","X4","40","2009-01-03T05:00:00.000","2009-01-03T05:38:00.000","10.3","V","HO"
"X4420301090500","X4","42","2009-01-03T05:00:00.000","2009-01-03T05:00:00.000","10.2","V","HO"
"X4440301090500","X4","44","2009-01-03T05:00:00.000","2009-01-03T05:58:00.000","74","V","HO"
"X4500301090500","X4","50","2009-01-03T05:00:00.000","2009-01-03T05:48:00.000","1.3","V","HO"
"X4360301090500","X4","36","2009-01-03T05:00:00.000",,"0","V","HO"
"X4510301090600","X4","51","2009-01-03T06:00:00.000",,"72","V","HO"
"X4320301090600","X4","32","2009-01-03T06:00:00.000",,"10.3","V","HO"
"X4330301090600","X4","33","2009-01-03T06:00:00.000",,"74","V","HO"
"X4340301090600","X4","34","2009-01-03T06:00:00.000",,"1011","V","HO"
"X4500301090600","X4","50","2009-01-03T06:00:00.000","2009-01-03T06:57:00.000","1.7","V","HO"
"X4360301090600","X4","36","2009-01-03T06:00:00.000",,"0","V","HO"
"X4400301090600","X4","40","2009-01-03T06:00:00.000","2009-01-03T06:57:00.000","10.5","V","HO"
"X4420301090600","X4","42","2009-01-03T06:00:00.000","2009-01-03T06:24:00.000","10.3","V","HO"
"X4440301090600","X4","44","2009-01-03T06:00:00.000","2009-01-03T06:05:00.000","73","V","HO"
"X4350301090600","X4","35","2009-01-03T06:00:00.000",,"0","V","HO"
"X4320301090700","X4","32","2009-01-03T07:00:00.000",,"10.5","V","HO"
"X4330301090700","X4","33","2009-01-03T07:00:00.000",,"73","V","HO"
"X4340301090700","X4","34","2009-01-03T07:00:00.000",,"1012","V","HO"
"X4350301090700","X4","35","2009-01-03T07:00:00.000",,"0","V","HO"
"X4510301090700","X4","51","2009-01-03T07:00:00.000",,"35","V","HO"
"X4400301090700","X4","40","2009-01-03T07:00:00.000","2009-01-03T07:57:00.000","10.6","V","HO"
"X4420301090700","X4","42","2009-01-03T07:00:00.000","2009-01-03T07:19:00.000","10.4","V","HO"
"X4440301090700","X4","44","2009-01-03T07:00:00.000","2009-01-03T07:58:00.000","71","V","HO"
"X4500301090700","X4","50","2009-01-03T07:00:00.000","2009-01-03T07:45:00.000","2.6","V","HO"
"X4360301090700","X4","36","2009-01-03T07:00:00.000",,"4","V","HO"
"X4320301090800","X4","32","2009-01-03T08:00:00.000",,"10.7","V","HO"
"X4340301090800","X4","34","2009-01-03T08:00:00.000",,"1012","V","HO"
"X4350301090800","X4","35","2009-01-03T08:00:00.000",,"0","V","HO"
"X4360301090800","X4","36","2009-01-03T08:00:00.000",,"22","V","HO"
"X4330301090800","X4","33","2009-01-03T08:00:00.000",,"70","V","HO"
"X4420301090800","X4","42","2009-01-03T08:00:00.000","2009-01-03T08:04:00.000","10.6","V","HO"
"X4440301090800","X4","44","2009-01-03T08:00:00.000","2009-01-03T08:58:00.000","68","V","HO"
"X4500301090800","X4","50","2009-01-03T08:00:00.000","2009-01-03T08:53:00.000","3.6","V","HO"
"X4510301090800","X4","51","2009-01-03T08:00:00.000",,"25","V","HO"
"X4400301090800","X4","40","2009-01-03T08:00:00.000","2009-01-03T08:57:00.000","10.8","V","HO"
"X4330301090900","X4","33","2009-01-03T09:00:00.000",,"67","V","HO"
"X4320301090900","X4","32","2009-01-03T09:00:00.000",,"11","V","HO"
"X4420301090900","X4","42","2009-01-03T09:00:00.000","2009-01-03T09:00:00.000","10.8","V","HO"
"X4440301090900","X4","44","2009-01-03T09:00:00.000","2009-01-03T09:54:00.000","66","V","HO"
"X4500301090900","X4","50","2009-01-03T09:00:00.000","2009-01-03T09:41:00.000","3.7","V","HO"
"X4360301090900","X4","36","2009-01-03T09:00:00.000",,"53","V","HO"
"X4350301090900","X4","35","2009-01-03T09:00:00.000",,"0","V","HO"
"X4340301090900","X4","34","2009-01-03T09:00:00.000",,"1012","V","HO"
"X4510301090900","X4","51","2009-01-03T09:00:00.000",,"8","V","HO"
"X4400301090900","X4","40","2009-01-03T09:00:00.000","2009-01-03T09:57:00.000","11.1","V","HO"
"X4010301091000","X4","1","2009-01-03T10:00:00.000","2009-01-03T10:05:00.000","1013","V","HO"
"X4500301091000","X4","50","2009-01-03T10:00:00.000","2009-01-03T10:11:00.000","3.2","V","HO"
"X4320301091000","X4","32","2009-01-03T10:00:00.000",,"11.3","V","HO"
"X4330301091000","X4","33","2009-01-03T10:00:00.000",,"68","V","HO"
"X4340301091000","X4","34","2009-01-03T10:00:00.000",,"1012","V","HO"
"X4510301091000","X4","51","2009-01-03T10:00:00.000",,"46","V","HO"
"X4360301091000","X4","36","2009-01-03T10:00:00.000",,"59","V","HO"
"X4400301091000","X4","40","2009-01-03T10:00:00.000","2009-01-03T10:49:00.000","11.5","V","HO"
"X4420301091000","X4","42","2009-01-03T10:00:00.000","2009-01-03T10:00:00.000","11.1","V","HO"
"X4440301091000","X4","44","2009-01-03T10:00:00.000","2009-01-03T10:07:00.000","66","V","HO"
"X4350301091000","X4","35","2009-01-03T10:00:00.000",,"0","V","HO"
"X4320301091100","X4","32","2009-01-03T11:00:00.000",,"11.3","V","HO"
"X4330301091100","X4","33","2009-01-03T11:00:00.000",,"75","V","HO"
"X4340301091100","X4","34","2009-01-03T11:00:00.000",,"1012","V","HO"
"X4350301091100","X4","35","2009-01-03T11:00:00.000",,"0","V","HO"
"X4510301091100","X4","51","2009-01-03T11:00:00.000",,"80","V","HO"
"X4400301091100","X4","40","2009-01-03T11:00:00.000","2009-01-03T11:09:00.000","11.6","V","HO"
"X4420301091100","X4","42","2009-01-03T11:00:00.000","2009-01-03T11:57:00.000","11","V","HO"
"X4440301091100","X4","44","2009-01-03T11:00:00.000","2009-01-03T11:00:00.000","70","V","HO"
"X4500301091100","X4","50","2009-01-03T11:00:00.000","2009-01-03T11:54:00.000","4.7","V","HO"
"X4360301091100","X4","36","2009-01-03T11:00:00.000",,"45","V","HO"
"X4420301091200","X4","42","2009-01-03T12:00:00.000","2009-01-03T12:47:00.000","10.6","V","HO"
"X4320301091200","X4","32","2009-01-03T12:00:00.000",,"10.8","V","HO"
"X4330301091200","X4","33","2009-01-03T12:00:00.000",,"80","V","HO"
"X4340301091200","X4","34","2009-01-03T12:00:00.000",,"1012","V","HO"
"X4400301091200","X4","40","2009-01-03T12:00:00.000","2009-01-03T12:01:00.000","11","V","HO"
"X4360301091200","X4","36","2009-01-03T12:00:00.000",,"54","V","HO"
"X4440301091200","X4","44","2009-01-03T12:00:00.000","2009-01-03T12:00:00.000","79","V","HO"
"X4500301091200","X4","50","2009-01-03T12:00:00.000","2009-01-03T12:29:00.000","5.3","V","HO"
"X4510301091200","X4","51","2009-01-03T12:00:00.000",,"69","V","HO"
"X4350301091200","X4","35","2009-01-03T12:00:00.000",,"0","V","HO"
"X4320301091300","X4","32","2009-01-03T13:00:00.000",,"10.5","V","HO"
"X4340301091300","X4","34","2009-01-03T13:00:00.000",,"1011","V","HO"
"X4350301091300","X4","35","2009-01-03T13:00:00.000",,"0","V","HO"
"X4360301091300","X4","36","2009-01-03T13:00:00.000",,"47","V","HO"
"X4400301091300","X4","40","2009-01-03T13:00:00.000","2009-01-03T13:00:00.000","10.6","V","HO"
"X4420301091300","X4","42","2009-01-03T13:00:00.000","2009-01-03T13:40:00.000","10.4","V","HO"
"X4440301091300","X4","44","2009-01-03T13:00:00.000","2009-01-03T13:39:00.000","78","V","HO"
"X4500301091300","X4","50","2009-01-03T13:00:00.000","2009-01-03T13:01:00.000","5.2","V","HO"
"X4510301091300","X4","51","2009-01-03T13:00:00.000",,"89","V","HO"
"X4330301091300","X4","33","2009-01-03T13:00:00.000",,"79","V","HO"
"X4020301091400","X4","2","2009-01-03T14:00:00.000","2009-01-03T14:53:00.000","1011","V","HO"
"X4320301091400","X4","32","2009-01-03T14:00:00.000",,"10.7","V","HO"
"X4330301091400","X4","33","2009-01-03T14:00:00.000",,"78","V","HO"
"X4340301091400","X4","34","2009-01-03T14:00:00.000",,"1011","V","HO"
"X4350301091400","X4","35","2009-01-03T14:00:00.000",,"0","V","HO"
"X4360301091400","X4","36","2009-01-03T14:00:00.000",,"59","V","HO"
"X4400301091400","X4","40","2009-01-03T14:00:00.000","2009-01-03T14:21:00.000","10.7","V","HO"
"X4420301091400","X4","42","2009-01-03T14:00:00.000","2009-01-03T14:00:00.000","10.5","V","HO"
"X4440301091400","X4","44","2009-01-03T14:00:00.000","2009-01-03T14:26:00.000","78","V","HO"
"X4500301091400","X4","50","2009-01-03T14:00:00.000","2009-01-03T14:47:00.000","4.7","V","HO"
"X4510301091400","X4","51","2009-01-03T14:00:00.000",,"93","V","HO"
"X4340301091500","X4","34","2009-01-03T15:00:00.000",,"1011","V","HO"
"X4350301091500","X4","35","2009-01-03T15:00:00.000",,"0","V","HO"
"X4360301091500","X4","36","2009-01-03T15:00:00.000",,"8","V","HO"
"X4400301091500","X4","40","2009-01-03T15:00:00.000","2009-01-03T15:00:00.000","10.7","V","HO"
"X4420301091500","X4","42","2009-01-03T15:00:00.000","2009-01-03T15:44:00.000","10.5","V","HO"
"X4440301091500","X4","44","2009-01-03T15:00:00.000","2009-01-03T15:25:00.000","78","V","HO"
"X4500301091500","X4","50","2009-01-03T15:00:00.000","2009-01-03T15:19:00.000","5.1","V","HO"
"X4510301091500","X4","51","2009-01-03T15:00:00.000",,"78","V","HO"
"X4320301091500","X4","32","2009-01-03T15:00:00.000",,"10.6","V","HO"
"X4330301091500","X4","33","2009-01-03T15:00:00.000",,"78","V","HO"
"X4350301091600","X4","35","2009-01-03T16:00:00.000",,"0","V","HO"
"X4360301091600","X4","36","2009-01-03T16:00:00.000",,"0","V","HO"
"X4400301091600","X4","40","2009-01-03T16:00:00.000","2009-01-03T16:00:00.000","10.6","V","HO"
"X4420301091600","X4","42","2009-01-03T16:00:00.000","2009-01-03T16:25:00.000","10.5","V","HO"
"X4440301091600","X4","44","2009-01-03T16:00:00.000","2009-01-03T16:24:00.000","76","V","HO"
"X4500301091600","X4","50","2009-01-03T16:00:00.000","2009-01-03T16:16:00.000","4.8","V","HO"
"X4510301091600","X4","51","2009-01-03T16:00:00.000",,"67","V","HO"
"X4320301091600","X4","32","2009-01-03T16:00:00.000",,"10.6","V","HO"
"X4330301091600","X4","33","2009-01-03T16:00:00.000",,"77","V","HO"
"X4340301091600","X4","34","2009-01-03T16:00:00.000",,"1011","V","HO"
"X4360301091700","X4","36","2009-01-03T17:00:00.000",,"0","V","HO"
"X4400301091700","X4","40","2009-01-03T17:00:00.000","2009-01-03T17:00:00.000","10.6","V","HO"
"X4420301091700","X4","42","2009-01-03T17:00:00.000","2009-01-03T17:58:00.000","10.3","V","HO"
"X4440301091700","X4","44","2009-01-03T17:00:00.000","2009-01-03T17:00:00.000","78","V","HO"
"X4350301091700","X4","35","2009-01-03T17:00:00.000",,"0","V","HO"
"X4510301091700","X4","51","2009-01-03T17:00:00.000",,"40","V","HO"
"X4320301091700","X4","32","2009-01-03T17:00:00.000",,"10.5","V","HO"
"X4330301091700","X4","33","2009-01-03T17:00:00.000",,"79","V","HO"
"X4340301091700","X4","34","2009-01-03T17:00:00.000",,"1011","V","HO"
"X4500301091700","X4","50","2009-01-03T17:00:00.000","2009-01-03T17:10:00.000","4.1","V","HO"
"X4510301091800","X4","51","2009-01-03T18:00:00.000",,"73","V","HO"
"X4320301091800","X4","32","2009-01-03T18:00:00.000",,"10.4","V","HO"
"X4330301091800","X4","33","2009-01-03T18:00:00.000",,"79","V","HO"
"X4340301091800","X4","34","2009-01-03T18:00:00.000",,"1012","V","HO"
"X4350301091800","X4","35","2009-01-03T18:00:00.000",,"0.1","V","HO"
"X4360301091800","X4","36","2009-01-03T18:00:00.000",,"0","V","HO"
"X4400301091800","X4","40","2009-01-03T18:00:00.000","2009-01-03T18:55:00.000","10.6","V","HO"
"X4420301091800","X4","42","2009-01-03T18:00:00.000","2009-01-03T18:22:00.000","10.3","V","HO"
"X4440301091800","X4","44","2009-01-03T18:00:00.000","2009-01-03T18:58:00.000","75","V","HO"
"X4500301091800","X4","50","2009-01-03T18:00:00.000","2009-01-03T18:53:00.000","6.2","V","HO"
"X4320301091900","X4","32","2009-01-03T19:00:00.000",,"10.5","V","HO"
"X4330301091900","X4","33","2009-01-03T19:00:00.000",,"73","V","HO"
"X4340301091900","X4","34","2009-01-03T19:00:00.000",,"1012","V","HO"
"X4350301091900","X4","35","2009-01-03T19:00:00.000",,"0","V","HO"
"X4510301091900","X4","51","2009-01-03T19:00:00.000",,"36","V","HO"
"X4400301091900","X4","40","2009-01-03T19:00:00.000","2009-01-03T19:10:00.000","10.6","V","HO"
"X4420301091900","X4","42","2009-01-03T19:00:00.000","2009-01-03T19:58:00.000","10.4","V","HO"
"X4440301091900","X4","44","2009-01-03T19:00:00.000","2009-01-03T19:58:00.000","69","V","HO"
"X4500301091900","X4","50","2009-01-03T19:00:00.000","2009-01-03T19:56:00.000","7","V","HO"
"X4360301091900","X4","36","2009-01-03T19:00:00.000",,"0","V","HO"
"X4320301092000","X4","32","2009-01-03T20:00:00.000",,"10.2","V","HO"
"X4330301092000","X4","33","2009-01-03T20:00:00.000",,"69","V","HO"
"X4340301092000","X4","34","2009-01-03T20:00:00.000",,"1012","V","HO"
"X4350301092000","X4","35","2009-01-03T20:00:00.000",,"0","V","HO"
"X4510301092000","X4","51","2009-01-03T20:00:00.000",,"72","V","HO"
"X4400301092000","X4","40","2009-01-03T20:00:00.000","2009-01-03T20:00:00.000","10.3","V","HO"
"X4420301092000","X4","42","2009-01-03T20:00:00.000","2009-01-03T20:54:00.000","10","V","HO"
"X4440301092000","X4","44","2009-01-03T20:00:00.000","2009-01-03T20:44:00.000","68","V","HO"
"X4500301092000","X4","50","2009-01-03T20:00:00.000","2009-01-03T20:15:00.000","8.4","V","HO"
"X4360301092000","X4","36","2009-01-03T20:00:00.000",,"0","V","HO"
"X4320301092100","X4","32","2009-01-03T21:00:00.000",,"10","V","HO"
"X4330301092100","X4","33","2009-01-03T21:00:00.000",,"68","V","HO"
"X4340301092100","X4","34","2009-01-03T21:00:00.000",,"1012","V","HO"
"X4350301092100","X4","35","2009-01-03T21:00:00.000",,"0","V","HO"
"X4510301092100","X4","51","2009-01-03T21:00:00.000",,"59","V","HO"
"X4400301092100","X4","40","2009-01-03T21:00:00.000","2009-01-03T21:00:00.000","10","V","HO"
"X4420301092100","X4","42","2009-01-03T21:00:00.000","2009-01-03T21:44:00.000","9.9","V","HO"
"X4440301092100","X4","44","2009-01-03T21:00:00.000","2009-01-03T21:58:00.000","65","V","HO"
"X4500301092100","X4","50","2009-01-03T21:00:00.000","2009-01-03T21:47:00.000","5.8","V","HO"
"X4360301092100","X4","36","2009-01-03T21:00:00.000",,"0","V","HO"
"X4360301092200","X4","36","2009-01-03T22:00:00.000",,"0","V","HO"
"X4400301092200","X4","40","2009-01-03T22:00:00.000","2009-01-03T22:20:00.000","10.1","V","HO"
"X4420301092200","X4","42","2009-01-03T22:00:00.000","2009-01-03T22:57:00.000","10","V","HO"
"X4440301092200","X4","44","2009-01-03T22:00:00.000","2009-01-03T22:57:00.000","65","V","HO"
"X4350301092200","X4","35","2009-01-03T22:00:00.000",,"0","V","HO"
"X4510301092200","X4","51","2009-01-03T22:00:00.000",,"24","V","HO"
"X4320301092200","X4","32","2009-01-03T22:00:00.000",,"10","V","HO"
"X4330301092200","X4","33","2009-01-03T22:00:00.000",,"66","V","HO"
"X4340301092200","X4","34","2009-01-03T22:00:00.000",,"1012","V","HO"
"X4500301092200","X4","50","2009-01-03T22:00:00.000","2009-01-03T22:25:00.000","5.7","V","HO"
"X4330301092300","X4","33","2009-01-03T23:00:00.000",,"65","V","HO"
"X4440301092300","X4","44","2009-01-03T23:00:00.000","2009-01-03T23:41:00.000","64","V","HO"
"X4360301092300","X4","36","2009-01-03T23:00:00.000",,"0","V","HO"
"X4400301092300","X4","40","2009-01-03T23:00:00.000","2009-01-03T23:01:00.000","10","V","HO"
"X4320301092300","X4","32","2009-01-03T23:00:00.000",,"9.9","V","HO"
"X4510301092300","X4","51","2009-01-03T23:00:00.000",,"24","V","HO"
"X4500301092300","X4","50","2009-01-03T23:00:00.000","2009-01-03T23:07:00.000","4.1","V","HO"
"X4350301092300","X4","35","2009-01-03T23:00:00.000",,"0","V","HO"
"X4340301092300","X4","34","2009-01-03T23:00:00.000",,"1012","V","HO"
"X4420301092300","X4","42","2009-01-03T23:00:00.000","2009-01-03T23:57:00.000","9.7","V","HO"
"X4360401090000","X4","36","2009-01-04T00:00:00.000",,"0","V","HO"
"X4400401090000","X4","40","2009-01-04T00:00:00.000","2009-01-04T00:00:00.000","9.7","V","HO"
"X4350401090000","X4","35","2009-01-04T00:00:00.000",,"0","V","HO"
"X4340401090000","X4","34","2009-01-04T00:00:00.000",,"1012","V","HO"
"X4420401090000","X4","42","2009-01-04T00:00:00.000","2009-01-04T00:58:00.000","9.5","V","HO"
"X4320401090000","X4","32","2009-01-04T00:00:00.000",,"9.6","V","HO"
"X4510401090000","X4","51","2009-01-04T00:00:00.000",,"23","V","HO"
"X4500401090000","X4","50","2009-01-04T00:00:00.000","2009-01-04T00:57:00.000","4.6","V","HO"
"X4440401090000","X4","44","2009-01-04T00:00:00.000","2009-01-04T00:04:00.000","66","V","HO"
"X4330401090000","X4","33","2009-01-04T00:00:00.000",,"66","V","HO"
"X4020401090100","X4","2","2009-01-04T01:00:00.000","2009-01-04T01:00:00.000","1012","V","HO"
"X4320401090100","X4","32","2009-01-04T01:00:00.000",,"9.3","V","HO"
"X4330401090100","X4","33","2009-01-04T01:00:00.000",,"67","V","HO"
"X4340401090100","X4","34","2009-01-04T01:00:00.000",,"1012","V","HO"
"X4350401090100","X4","35","2009-01-04T01:00:00.000",,"0","V","HO"
"X4360401090100","X4","36","2009-01-04T01:00:00.000",,"0","V","HO"
"X4400401090100","X4","40","2009-01-04T01:00:00.000","2009-01-04T01:00:00.000","9.5","V","HO"
"X4420401090100","X4","42","2009-01-04T01:00:00.000","2009-01-04T01:37:00.000","9.2","V","HO"
"X4440401090100","X4","44","2009-01-04T01:00:00.000","2009-01-04T01:56:00.000","66","V","HO"
"X4500401090100","X4","50","2009-01-04T01:00:00.000","2009-01-04T01:24:00.000","5.1","V","HO"
"X4510401090100","X4","51","2009-01-04T01:00:00.000",,"23","V","HO"
"X4320401090200","X4","32","2009-01-04T02:00:00.000",,"9.1","V","HO"
"X4330401090200","X4","33","2009-01-04T02:00:00.000",,"65","V","HO"
"X4340401090200","X4","34","2009-01-04T02:00:00.000",,"1012","V","HO"
"X4350401090200","X4","35","2009-01-04T02:00:00.000",,"0","V","HO"
"X4510401090200","X4","51","2009-01-04T02:00:00.000",,"34","V","HO"
"X4400401090200","X4","40","2009-01-04T02:00:00.000","2009-01-04T02:00:00.000","9.3","V","HO"
"X4420401090200","X4","42","2009-01-04T02:00:00.000","2009-01-04T02:58:00.000","8.8","V","HO"
"X4440401090200","X4","44","2009-01-04T02:00:00.000","2009-01-04T02:28:00.000","65","V","HO"
"X4500401090200","X4","50","2009-01-04T02:00:00.000","2009-01-04T02:07:00.000","4.3","V","HO"
"X4360401090200","X4","36","2009-01-04T02:00:00.000",,"0","V","HO"
"X4320401090300","X4","32","2009-01-04T03:00:00.000",,"8.7","V","HO"
"X4330401090300","X4","33","2009-01-04T03:00:00.000",,"66","V","HO"
"X4340401090300","X4","34","2009-01-04T03:00:00.000",,"1012","V","HO"
"X4350401090300","X4","35","2009-01-04T03:00:00.000",,"0","V","HO"
"X4500401090300","X4","50","2009-01-04T03:00:00.000","2009-01-04T03:13:00.000","3.5","V","HO"
"X4400401090300","X4","40","2009-01-04T03:00:00.000","2009-01-04T03:00:00.000","8.8","V","HO"
"X4420401090300","X4","42","2009-01-04T03:00:00.000","2009-01-04T03:54:00.000","8.6","V","HO"
"X4440401090300","X4","44","2009-01-04T03:00:00.000","2009-01-04T03:57:00.000","65","V","HO"
"X4510401090300","X4","51","2009-01-04T03:00:00.000",,"15","V","HO"
"X4360401090300","X4","36","2009-01-04T03:00:00.000",,"0","V","HO"
"X4350401090400","X4","35","2009-01-04T04:00:00.000",,"0","V","HO"
"X4340401090400","X4","34","2009-01-04T04:00:00.000",,"1012","V","HO"
"X4330401090400","X4","33","2009-01-04T04:00:00.000",,"66","V","HO"
"X4360401090400","X4","36","2009-01-04T04:00:00.000",,"0","V","HO"
"X4510401090400","X4","51","2009-01-04T04:00:00.000",,"3","V","HO"
"X4400401090400","X4","40","2009-01-04T04:00:00.000","2009-01-04T04:00:00.000","8.6","V","HO"
"X4420401090400","X4","42","2009-01-04T04:00:00.000","2009-01-04T04:57:00.000","8","V","HO"
"X4440401090400","X4","44","2009-01-04T04:00:00.000","2009-01-04T04:04:00.000","65","V","HO"
"X4500401090400","X4","50","2009-01-04T04:00:00.000","2009-01-04T04:46:00.000","4.2","V","HO"
"X4320401090400","X4","32","2009-01-04T04:00:00.000",,"8.3","V","HO"
"X4320401090500","X4","32","2009-01-04T05:00:00.000",,"7.9","V","HO"
"X4330401090500","X4","33","2009-01-04T05:00:00.000",,"66","V","HO"
"X4340401090500","X4","34","2009-01-04T05:00:00.000",,"1012","V","HO"
"X4350401090500","X4","35","2009-01-04T05:00:00.000",,"0","V","HO"
"X4510401090500","X4","51","2009-01-04T05:00:00.000",,"3","V","HO"
"X4400401090500","X4","40","2009-01-04T05:00:00.000","2009-01-04T05:00:00.000","8","V","HO"
"X4420401090500","X4","42","2009-01-04T05:00:00.000","2009-01-04T05:58:00.000","7.7","V","HO"
"X4440401090500","X4","44","2009-01-04T05:00:00.000","2009-01-04T05:47:00.000","66","V","HO"
"X4500401090500","X4","50","2009-01-04T05:00:00.000","2009-01-04T05:12:00.000","4.4","V","HO"
"X4360401090500","X4","36","2009-01-04T05:00:00.000",,"0","V","HO"
"X4340401090600","X4","34","2009-01-04T06:00:00.000",,"1013","V","HO"
"X4350401090600","X4","35","2009-01-04T06:00:00.000",,"0","V","HO"
"X4360401090600","X4","36","2009-01-04T06:00:00.000",,"0","V","HO"
"X4400401090600","X4","40","2009-01-04T06:00:00.000","2009-01-04T06:10:00.000","7.8","V","HO"
"X4330401090600","X4","33","2009-01-04T06:00:00.000",,"66","V","HO"
"X4440401090600","X4","44","2009-01-04T06:00:00.000","2009-01-04T06:17:00.000","66","V","HO"
"X4500401090600","X4","50","2009-01-04T06:00:00.000","2009-01-04T06:07:00.000","4.3","V","HO"
"X4510401090600","X4","51","2009-01-04T06:00:00.000",,"19","V","HO"
"X4320401090600","X4","32","2009-01-04T06:00:00.000",,"7.6","V","HO"
"X4420401090600","X4","42","2009-01-04T06:00:00.000","2009-01-04T06:58:00.000","7.3","V","HO"
"X4320401090700","X4","32","2009-01-04T07:00:00.000",,"7.1","V","HO"
"X4330401090700","X4","33","2009-01-04T07:00:00.000",,"68","V","HO"
"X4340401090700","X4","34","2009-01-04T07:00:00.000",,"1013","V","HO"
"X4350401090700","X4","35","2009-01-04T07:00:00.000",,"0","V","HO"
"X4510401090700","X4","51","2009-01-04T07:00:00.000",,"359","V","HO"
"X4400401090700","X4","40","2009-01-04T07:00:00.000","2009-01-04T07:00:00.000","7.3","V","HO"
"X4420401090700","X4","42","2009-01-04T07:00:00.000","2009-01-04T07:32:00.000","7","V","HO"
"X4440401090700","X4","44","2009-01-04T07:00:00.000","2009-01-04T07:55:00.000","66","V","HO"
"X4500401090700","X4","50","2009-01-04T07:00:00.000","2009-01-04T07:36:00.000","3.5","V","HO"
"X4360401090700","X4","36","2009-01-04T07:00:00.000",,"9","V","HO"
"X4440401090800","X4","44","2009-01-04T08:00:00.000","2009-01-04T08:52:00.000","58","V","HO"
"X4500401090800","X4","50","2009-01-04T08:00:00.000","2009-01-04T08:49:00.000","3.5","V","HO"
"X4510401090800","X4","51","2009-01-04T08:00:00.000",,"7","V","HO"
"X4320401090800","X4","32","2009-01-04T08:00:00.000",,"7.9","V","HO"
"X4420401090800","X4","42","2009-01-04T08:00:00.000","2009-01-04T08:04:00.000","7.1","V","HO"
"X4340401090800","X4","34","2009-01-04T08:00:00.000",,"1014","V","HO"
"X4350401090800","X4","35","2009-01-04T08:00:00.000",,"0","V","HO"
"X4360401090800","X4","36","2009-01-04T08:00:00.000",,"135","V","HO"
"X4400401090800","X4","40","2009-01-04T08:00:00.000","2009-01-04T08:57:00.000","8.8","V","HO"
"X4330401090800","X4","33","2009-01-04T08:00:00.000",,"63","V","HO"
"X4320401090900","X4","32","2009-01-04T09:00:00.000",,"9.6","V","HO"
"X4330401090900","X4","33","2009-01-04T09:00:00.000",,"54","V","HO"
"X4340401090900","X4","34","2009-01-04T09:00:00.000",,"1015","V","HO"
"X4350401090900","X4","35","2009-01-04T09:00:00.000",,"0","V","HO"
"X4010401090900","X4","1","2009-01-04T09:00:00.000","2009-01-04T09:43:00.000","1015","V","HO"
"X4510401090900","X4","51","2009-01-04T09:00:00.000",,"16","V","HO"
"X4400401090900","X4","40","2009-01-04T09:00:00.000","2009-01-04T09:57:00.000","10.9","V","HO"
"X4420401090900","X4","42","2009-01-04T09:00:00.000","2009-01-04T09:04:00.000","8.5","V","HO"
"X4440401090900","X4","44","2009-01-04T09:00:00.000","2009-01-04T09:56:00.000","47","V","HO"
"X4500401090900","X4","50","2009-01-04T09:00:00.000","2009-01-04T09:00:00.000","4","V","HO"
"X4360401090900","X4","36","2009-01-04T09:00:00.000",,"269","V","HO"
"X4440401091000","X4","44","2009-01-04T10:00:00.000","2009-01-04T10:01:00.000","46","V","HO"
"X4360401091000","X4","36","2009-01-04T10:00:00.000",,"392","V","HO"
"X4350401091000","X4","35","2009-01-04T10:00:00.000",,"0","V","HO"
"X4340401091000","X4","34","2009-01-04T10:00:00.000",,"1015","V","HO"
"X4500401091000","X4","50","2009-01-04T10:00:00.000","2009-01-04T10:52:00.000","4.2","V","HO"
"X4320401091000","X4","32","2009-01-04T10:00:00.000",,"10.8","V","HO"
"X4330401091000","X4","33","2009-01-04T10:00:00.000",,"49","V","HO"
"X4400401091000","X4","40","2009-01-04T10:00:00.000","2009-01-04T10:01:00.000","11","V","HO"
"X4510401091000","X4","51","2009-01-04T10:00:00.000",,"96","V","HO"
"X4420401091000","X4","42","2009-01-04T10:00:00.000","2009-01-04T10:15:00.000","10.5","V","HO"
"X4400401091100","X4","40","2009-01-04T11:00:00.000","2009-01-04T11:58:00.000","11.1","V","HO"
"X4420401091100","X4","42","2009-01-04T11:00:00.000","2009-01-04T11:48:00.000","10.6","V","HO"
"X4440401091100","X4","44","2009-01-04T11:00:00.000","2009-01-04T11:37:00.000","46","V","HO"
"X4500401091100","X4","50","2009-01-04T11:00:00.000","2009-01-04T11:15:00.000","4.8","V","HO"
"X4360401091100","X4","36","2009-01-04T11:00:00.000",,"448","V","HO"
"X4320401091100","X4","32","2009-01-04T11:00:00.000",,"10.8","V","HO"
"X4330401091100","X4","33","2009-01-04T11:00:00.000",,"49","V","HO"
"X4340401091100","X4","34","2009-01-04T11:00:00.000",,"1014","V","HO"
"X4350401091100","X4","35","2009-01-04T11:00:00.000",,"0","V","HO"
"X4510401091100","X4","51","2009-01-04T11:00:00.000",,"46","V","HO"
"X4400401091200","X4","40","2009-01-04T12:00:00.000","2009-01-04T12:46:00.000","11.8","V","HO"
"X4420401091200","X4","42","2009-01-04T12:00:00.000","2009-01-04T12:07:00.000","11.1","V","HO"
"X4440401091200","X4","44","2009-01-04T12:00:00.000","2009-01-04T12:47:00.000","45","V","HO"
"X4500401091200","X4","50","2009-01-04T12:00:00.000","2009-01-04T12:18:00.000","4.1","V","HO"
"X4510401091200","X4","51","2009-01-04T12:00:00.000",,"178","V","HO"
"X4320401091200","X4","32","2009-01-04T12:00:00.000",,"11.5","V","HO"
"X4330401091200","X4","33","2009-01-04T12:00:00.000",,"47","V","HO"
"X4340401091200","X4","34","2009-01-04T12:00:00.000",,"1013","V","HO"
"X4350401091200","X4","35","2009-01-04T12:00:00.000",,"0","V","HO"
"X4360401091200","X4","36","2009-01-04T12:00:00.000",,"439","V","HO"
"X4320401091300","X4","32","2009-01-04T13:00:00.000",,"12","V","HO"
"X4330401091300","X4","33","2009-01-04T13:00:00.000",,"47","V","HO"
"X4340401091300","X4","34","2009-01-04T13:00:00.000",,"1013","V","HO"
"X4350401091300","X4","35","2009-01-04T13:00:00.000",,"0","V","HO"
"X4510401091300","X4","51","2009-01-04T13:00:00.000",,"173","V","HO"
"X4400401091300","X4","40","2009-01-04T13:00:00.000","2009-01-04T13:22:00.000","12.2","V","HO"
"X4420401091300","X4","42","2009-01-04T13:00:00.000","2009-01-04T13:52:00.000","11.7","V","HO"
"X4440401091300","X4","44","2009-01-04T13:00:00.000","2009-01-04T13:09:00.000","45","V","HO"
"X4500401091300","X4","50","2009-01-04T13:00:00.000","2009-01-04T13:30:00.000","3.2","V","HO"
"X4360401091300","X4","36","2009-01-04T13:00:00.000",,"375","V","HO"
"X4320401091400","X4","32","2009-01-04T14:00:00.000",,"11.6","V","HO"
"X4330401091400","X4","33","2009-01-04T14:00:00.000",,"51","V","HO"
"X4510401091400","X4","51","2009-01-04T14:00:00.000",,"204","V","HO"
"X4340401091400","X4","34","2009-01-04T14:00:00.000",,"1012","V","HO"
"X4500401091400","X4","50","2009-01-04T14:00:00.000","2009-01-04T14:47:00.000","3.9","V","HO"
"X4360401091400","X4","36","2009-01-04T14:00:00.000",,"227","V","HO"
"X4400401091400","X4","40","2009-01-04T14:00:00.000","2009-01-04T14:05:00.000","11.9","V","HO"
"X4420401091400","X4","42","2009-01-04T14:00:00.000","2009-01-04T14:53:00.000","11.4","V","HO"
"X4440401091400","X4","44","2009-01-04T14:00:00.000","2009-01-04T14:00:00.000","49","V","HO"
"X4350401091400","X4","35","2009-01-04T14:00:00.000",,"0","V","HO"
"X4320401091500","X4","32","2009-01-04T15:00:00.000",,"11.2","V","HO"
"X4330401091500","X4","33","2009-01-04T15:00:00.000",,"54","V","HO"
"X4340401091500","X4","34","2009-01-04T15:00:00.000",,"1013","V","HO"
"X4350401091500","X4","35","2009-01-04T15:00:00.000",,"0","V","HO"
"X4510401091500","X4","51","2009-01-04T15:00:00.000",,"260","V","HO"
"X4400401091500","X4","40","2009-01-04T15:00:00.000","2009-01-04T15:12:00.000","11.8","V","HO"
"X4420401091500","X4","42","2009-01-04T15:00:00.000","2009-01-04T15:58:00.000","10.6","V","HO"
"X4440401091500","X4","44","2009-01-04T15:00:00.000","2009-01-04T15:11:00.000","51","V","HO"
"X4500401091500","X4","50","2009-01-04T15:00:00.000","2009-01-04T15:29:00.000","4.5","V","HO"
"X4360401091500","X4","36","2009-01-04T15:00:00.000",,"88","V","HO"
"X4320401091600","X4","32","2009-01-04T16:00:00.000",,"10.2","V","HO"
"X4330401091600","X4","33","2009-01-04T16:00:00.000",,"62","V","HO"
"X4340401091600","X4","34","2009-01-04T16:00:00.000",,"1013","V","HO"
"X4350401091600","X4","35","2009-01-04T16:00:00.000",,"0","V","HO"
"X4510401091600","X4","51","2009-01-04T16:00:00.000",,"253","V","HO"
"X4400401091600","X4","40","2009-01-04T16:00:00.000","2009-01-04T16:00:00.000","10.5","V","HO"
"X4420401091600","X4","42","2009-01-04T16:00:00.000","2009-01-04T16:58:00.000","10","V","HO"
"X4440401091600","X4","44","2009-01-04T16:00:00.000","2009-01-04T16:00:00.000","58","V","HO"
"X4500401091600","X4","50","2009-01-04T16:00:00.000","2009-01-04T16:31:00.000","3.9","V","HO"
"X4360401091600","X4","36","2009-01-04T16:00:00.000",,"6","V","HO"
"X4340401091700","X4","34","2009-01-04T17:00:00.000",,"1013","V","HO"
"X4350401091700","X4","35","2009-01-04T17:00:00.000",,"0","V","HO"
"X4360401091700","X4","36","2009-01-04T17:00:00.000",,"0","V","HO"
"X4400401091700","X4","40","2009-01-04T17:00:00.000","2009-01-04T17:01:00.000","10","V","HO"
"X4330401091700","X4","33","2009-01-04T17:00:00.000",,"61","V","HO"
"X4440401091700","X4","44","2009-01-04T17:00:00.000","2009-01-04T17:27:00.000","59","V","HO"
"X4500401091700","X4","50","2009-01-04T17:00:00.000","2009-01-04T17:35:00.000","5.7","V","HO"
"X4510401091700","X4","51","2009-01-04T17:00:00.000",,"317","V","HO"
"X4320401091700","X4","32","2009-01-04T17:00:00.000",,"9.9","V","HO"
"X4420401091700","X4","42","2009-01-04T17:00:00.000","2009-01-04T17:55:00.000","9.7","V","HO"
"X4320401091800","X4","32","2009-01-04T18:00:00.000",,"9.5","V","HO"
"X4330401091800","X4","33","2009-01-04T18:00:00.000",,"63","V","HO"
"X4340401091800","X4","34","2009-01-04T18:00:00.000",,"1013","V","HO"
"X4350401091800","X4","35","2009-01-04T18:00:00.000",,"0","V","HO"
"X4510401091800","X4","51","2009-01-04T18:00:00.000",,"282","V","HO"
"X4400401091800","X4","40","2009-01-04T18:00:00.000","2009-01-04T18:00:00.000","9.7","V","HO"
"X4500401091800","X4","50","2009-01-04T18:00:00.000","2009-01-04T18:35:00.000","5.3","V","HO"
"X4440401091800","X4","44","2009-01-04T18:00:00.000","2009-01-04T18:00:00.000","61","V","HO"
"X4420401091800","X4","42","2009-01-04T18:00:00.000","2009-01-04T18:57:00.000","9.2","V","HO"
"X4360401091800","X4","36","2009-01-04T18:00:00.000",,"0","V","HO"
"X4320401091900","X4","32","2009-01-04T19:00:00.000",,"9.1","V","HO"
"X4440401091900","X4","44","2009-01-04T19:00:00.000","2009-01-04T19:58:00.000","65","V","HO"
"X4500401091900","X4","50","2009-01-04T19:00:00.000","2009-01-04T19:58:00.000","4.2","V","HO"
"X4510401091900","X4","51","2009-01-04T19:00:00.000",,"323","V","HO"
"X4420401091900","X4","42","2009-01-04T19:00:00.000","2009-01-04T19:49:00.000","9","V","HO"
"X4340401091900","X4","34","2009-01-04T19:00:00.000",,"1013","V","HO"
"X4350401091900","X4","35","2009-01-04T19:00:00.000",,"0","V","HO"
"X4360401091900","X4","36","2009-01-04T19:00:00.000",,"0","V","HO"
"X4400401091900","X4","40","2009-01-04T19:00:00.000","2009-01-04T19:00:00.000","9.2","V","HO"
"X4330401091900","X4","33","2009-01-04T19:00:00.000",,"66","V","HO"
"X4400401092000","X4","40","2009-01-04T20:00:00.000","2009-01-04T20:31:00.000","9.1","V","HO"
"X4420401092000","X4","42","2009-01-04T20:00:00.000","2009-01-04T20:57:00.000","8.8","V","HO"
"X4440401092000","X4","44","2009-01-04T20:00:00.000","2009-01-04T20:28:00.000","63","V","HO"
"X4500401092000","X4","50","2009-01-04T20:00:00.000","2009-01-04T20:00:00.000","3.7","V","HO"
"X4360401092000","X4","36","2009-01-04T20:00:00.000",,"0","V","HO"
"X4320401092000","X4","32","2009-01-04T20:00:00.000",,"9","V","HO"
"X4330401092000","X4","33","2009-01-04T20:00:00.000",,"64","V","HO"
"X4340401092000","X4","34","2009-01-04T20:00:00.000",,"1013","V","HO"
"X4350401092000","X4","35","2009-01-04T20:00:00.000",,"0","V","HO"
"X4510401092000","X4","51","2009-01-04T20:00:00.000",,"326","V","HO"
"X4340401092100","X4","34","2009-01-04T21:00:00.000",,"1013","V","HO"
"X4350401092100","X4","35","2009-01-04T21:00:00.000",,"0","V","HO"
"X4360401092100","X4","36","2009-01-04T21:00:00.000",,"0","V","HO"
"X4400401092100","X4","40","2009-01-04T21:00:00.000","2009-01-04T21:08:00.000","8.9","V","HO"
"X4420401092100","X4","42","2009-01-04T21:00:00.000","2009-01-04T21:44:00.000","8.8","V","HO"
"X4440401092100","X4","44","2009-01-04T21:00:00.000","2009-01-04T21:58:00.000","62","V","HO"
"X4500401092100","X4","50","2009-01-04T21:00:00.000","2009-01-04T21:50:00.000","6.3","V","HO"
"X4510401092100","X4","51","2009-01-04T21:00:00.000",,"336","V","HO"
"X4320401092100","X4","32","2009-01-04T21:00:00.000",,"8.9","V","HO"
"X4330401092100","X4","33","2009-01-04T21:00:00.000",,"64","V","HO"
"X4340401092200","X4","34","2009-01-04T22:00:00.000",,"1013","V","HO"
"X4350401092200","X4","35","2009-01-04T22:00:00.000",,"0","V","HO"
"X4360401092200","X4","36","2009-01-04T22:00:00.000",,"0","V","HO"
"X4400401092200","X4","40","2009-01-04T22:00:00.000","2009-01-04T22:17:00.000","9","V","HO"
"X4330401092200","X4","33","2009-01-04T22:00:00.000",,"61","V","HO"
"X4440401092200","X4","44","2009-01-04T22:00:00.000","2009-01-04T22:17:00.000","61","V","HO"
"X4500401092200","X4","50","2009-01-04T22:00:00.000","2009-01-04T22:05:00.000","5.5","V","HO"
"X4510401092200","X4","51","2009-01-04T22:00:00.000",,"329","V","HO"
"X4320401092200","X4","32","2009-01-04T22:00:00.000",,"8.8","V","HO"
"X4420401092200","X4","42","2009-01-04T22:00:00.000","2009-01-04T22:58:00.000","8.7","V","HO"
"X4320401092300","X4","32","2009-01-04T23:00:00.000",,"8.5","V","HO"
"X4330401092300","X4","33","2009-01-04T23:00:00.000",,"61","V","HO"
"X4340401092300","X4","34","2009-01-04T23:00:00.000",,"1013","V","HO"
"X4350401092300","X4","35","2009-01-04T23:00:00.000",,"0","V","HO"
"X4510401092300","X4","51","2009-01-04T23:00:00.000",,"335","V","HO"
"X4400401092300","X4","40","2009-01-04T23:00:00.000","2009-01-04T23:00:00.000","8.7","V","HO"
"X4420401092300","X4","42","2009-01-04T23:00:00.000","2009-01-04T23:40:00.000","8.4","V","HO"
"X4440401092300","X4","44","2009-01-04T23:00:00.000","2009-01-04T23:57:00.000","60","V","HO"
"X4500401092300","X4","50","2009-01-04T23:00:00.000","2009-01-04T23:07:00.000","3.9","V","HO"
"X4360401092300","X4","36","2009-01-04T23:00:00.000",,"0","V","HO"
"X4320501090000","X4","32","2009-01-05T00:00:00.000",,"8.1","V","HO"
"X4330501090000","X4","33","2009-01-05T00:00:00.000",,"62","V","HO"
"X4340501090000","X4","34","2009-01-05T00:00:00.000",,"1012","V","HO"
"X4350501090000","X4","35","2009-01-05T00:00:00.000",,"0","V","HO"
"X4360501090000","X4","36","2009-01-05T00:00:00.000",,"0","V","HO"
"X4510501090000","X4","51","2009-01-05T00:00:00.000",,"339","V","HO"
"X4020501090000","X4","2","2009-01-05T00:00:00.000","2009-01-05T00:00:00.000","1008","V","HO"
"X4400501090000","X4","40","2009-01-05T00:00:00.000","2009-01-05T00:00:00.000","8.5","V","HO"
"X4420501090000","X4","42","2009-01-05T00:00:00.000","2009-01-05T00:47:00.000","7.9","V","HO"
"X4440501090000","X4","44","2009-01-05T00:00:00.000","2009-01-05T00:01:00.000","60","V","HO"
"X4500501090000","X4","50","2009-01-05T00:00:00.000","2009-01-05T00:49:00.000","2.8","V","HO"
"X4010501090000","X4","1","2009-01-05T00:00:00.000","2009-01-05T00:01:00.000","1013","V","HO"
"X4320501090100","X4","32","2009-01-05T01:00:00.000",,"7.8","V","HO"
"X4330501090100","X4","33","2009-01-05T01:00:00.000",,"61","V","HO"
"X4340501090100","X4","34","2009-01-05T01:00:00.000",,"1012","V","HO"
"X4350501090100","X4","35","2009-01-05T01:00:00.000",,"0","V","HO"
"X4500501090100","X4","50","2009-01-05T01:00:00.000","2009-01-05T01:49:00.000","2.6","V","HO"
"X4510501090100","X4","51","2009-01-05T01:00:00.000",,"249","V","HO"
"X4360501090100","X4","36","2009-01-05T01:00:00.000",,"0","V","HO"
"X4400501090100","X4","40","2009-01-05T01:00:00.000","2009-01-05T01:00:00.000","8.1","V","HO"
"X4420501090100","X4","42","2009-01-05T01:00:00.000","2009-01-05T01:58:00.000","7.6","V","HO"
"X4440501090100","X4","44","2009-01-05T01:00:00.000","2009-01-05T01:00:00.000","60","V","HO"
"X4320501090200","X4","32","2009-01-05T02:00:00.000",,"7.6","V","HO"
"X4360501090200","X4","36","2009-01-05T02:00:00.000",,"0","V","HO"
"X4340501090200","X4","34","2009-01-05T02:00:00.000",,"1012","V","HO"
"X4350501090200","X4","35","2009-01-05T02:00:00.000",,"0","V","HO"
"X4330501090200","X4","33","2009-01-05T02:00:00.000",,"62","V","HO"
"X4400501090200","X4","40","2009-01-05T02:00:00.000","2009-01-05T02:58:00.000","7.7","V","HO"
"X4420501090200","X4","42","2009-01-05T02:00:00.000","2009-01-05T02:39:00.000","7.5","V","HO"
"X4440501090200","X4","44","2009-01-05T02:00:00.000","2009-01-05T02:51:00.000","60","V","HO"
"X4500501090200","X4","50","2009-01-05T02:00:00.000","2009-01-05T02:46:00.000","3.3","V","HO"
"X4510501090200","X4","51","2009-01-05T02:00:00.000",,"276","V","HO"
"X4340501090300","X4","34","2009-01-05T03:00:00.000",,"1011","V","HO"
"X4510501090300","X4","51","2009-01-05T03:00:00.000",,"233","V","HO"
"X4500501090300","X4","50","2009-01-05T03:00:00.000","2009-01-05T03:00:00.000","1.9","V","HO"
"X4440501090300","X4","44","2009-01-05T03:00:00.000","2009-01-05T03:07:00.000","61","V","HO"
"X4330501090300","X4","33","2009-01-05T03:00:00.000",,"62","V","HO"
"X4400501090300","X4","40","2009-01-05T03:00:00.000","2009-01-05T03:00:00.000","7.7","V","HO"
"X4360501090300","X4","36","2009-01-05T03:00:00.000",,"0","V","HO"
"X4350501090300","X4","35","2009-01-05T03:00:00.000",,"0","V","HO"
"X4320501090300","X4","32","2009-01-05T03:00:00.000",,"7.4","V","HO"
"X4420501090300","X4","42","2009-01-05T03:00:00.000","2009-01-05T03:58:00.000","7.2","V","HO"
"X4320501090400","X4","32","2009-01-05T04:00:00.000",,"6.8","V","HO"
"X4330501090400","X4","33","2009-01-05T04:00:00.000",,"64","V","HO"
"X4340501090400","X4","34","2009-01-05T04:00:00.000",,"1011","V","HO"
"X4350501090400","X4","35","2009-01-05T04:00:00.000",,"0","V","HO"
"X4510501090400","X4","51","2009-01-05T04:00:00.000",,"236","V","HO"
"X4400501090400","X4","40","2009-01-05T04:00:00.000","2009-01-05T04:00:00.000","7.1","V","HO"
"X4420501090400","X4","42","2009-01-05T04:00:00.000","2009-01-05T04:54:00.000","6.5","V","HO"
"X4440501090400","X4","44","2009-01-05T04:00:00.000","2009-01-05T04:11:00.000","63","V","HO"
"X4500501090400","X4","50","2009-01-05T04:00:00.000","2009-01-05T04:16:00.000","1.8","V","HO"
"X4360501090400","X4","36","2009-01-05T04:00:00.000",,"0","V","HO"
"X4320501090500","X4","32","2009-01-05T05:00:00.000",,"6.7","V","HO"
"X4330501090500","X4","33","2009-01-05T05:00:00.000",,"63","V","HO"
"X4340501090500","X4","34","2009-01-05T05:00:00.000",,"1011","V","HO"
"X4350501090500","X4","35","2009-01-05T05:00:00.000",,"0","V","HO"
"X4510501090500","X4","51","2009-01-05T05:00:00.000",,"288","V","HO"
"X4400501090500","X4","40","2009-01-05T05:00:00.000","2009-01-05T05:58:00.000","6.8","V","HO"
"X4420501090500","X4","42","2009-01-05T05:00:00.000","2009-01-05T05:46:00.000","6.6","V","HO"
"X4440501090500","X4","44","2009-01-05T05:00:00.000","2009-01-05T05:58:00.000","62","V","HO"
"X4500501090500","X4","50","2009-01-05T05:00:00.000","2009-01-05T05:55:00.000","3.4","V","HO"
"X4360501090500","X4","36","2009-01-05T05:00:00.000",,"0","V","HO"
"X4320501090600","X4","32","2009-01-05T06:00:00.000",,"6.8","V","HO"
"X4330501090600","X4","33","2009-01-05T06:00:00.000",,"61","V","HO"
"X4340501090600","X4","34","2009-01-05T06:00:00.000",,"1011","V","HO"
"X4350501090600","X4","35","2009-01-05T06:00:00.000",,"0","V","HO"
"X4510501090600","X4","51","2009-01-05T06:00:00.000",,"295","V","HO"
"X4400501090600","X4","40","2009-01-05T06:00:00.000","2009-01-05T06:09:00.000","7.1","V","HO"
"X4420501090600","X4","42","2009-01-05T06:00:00.000","2009-01-05T06:55:00.000","6.5","V","HO"
"X4440501090600","X4","44","2009-01-05T06:00:00.000","2009-01-05T06:15:00.000","60","V","HO"
"X4500501090600","X4","50","2009-01-05T06:00:00.000","2009-01-05T06:13:00.000","4.9","V","HO"
"X4360501090600","X4","36","2009-01-05T06:00:00.000",,"0","V","HO"
"X4320501090700","X4","32","2009-01-05T07:00:00.000",,"6.5","V","HO"
"X4330501090700","X4","33","2009-01-05T07:00:00.000",,"62","V","HO"
"X4340501090700","X4","34","2009-01-05T07:00:00.000",,"1011","V","HO"
"X4350501090700","X4","35","2009-01-05T07:00:00.000",,"0","V","HO"
"X4420501090700","X4","42","2009-01-05T07:00:00.000","2009-01-05T07:25:00.000","6.3","V","HO"
"X4510501090700","X4","51","2009-01-05T07:00:00.000",,"262","V","HO"
"X4500501090700","X4","50","2009-01-05T07:00:00.000","2009-01-05T07:23:00.000","4.5","V","HO"
"X4440501090700","X4","44","2009-01-05T07:00:00.000","2009-01-05T07:58:00.000","61","V","HO"
"X4400501090700","X4","40","2009-01-05T07:00:00.000","2009-01-05T07:58:00.000","6.9","V","HO"
"X4360501090700","X4","36","2009-01-05T07:00:00.000",,"25","V","HO"
"X4510501090800","X4","51","2009-01-05T08:00:00.000",,"260","V","HO"
"X4320501090800","X4","32","2009-01-05T08:00:00.000",,"7.4","V","HO"
"X4330501090800","X4","33","2009-01-05T08:00:00.000",,"58","V","HO"
"X4340501090800","X4","34","2009-01-05T08:00:00.000",,"1011","V","HO"
"X4350501090800","X4","35","2009-01-05T08:00:00.000",,"0","V","HO"
"X4360501090800","X4","36","2009-01-05T08:00:00.000",,"150","V","HO"
"X4400501090800","X4","40","2009-01-05T08:00:00.000","2009-01-05T08:58:00.000","7.9","V","HO"
"X4420501090800","X4","42","2009-01-05T08:00:00.000","2009-01-05T08:00:00.000","6.9","V","HO"
"X4440501090800","X4","44","2009-01-05T08:00:00.000","2009-01-05T08:55:00.000","55","V","HO"
"X4500501090800","X4","50","2009-01-05T08:00:00.000","2009-01-05T08:11:00.000","5.4","V","HO"
"X4360501090900","X4","36","2009-01-05T09:00:00.000",,"292","V","HO"
"X4350501090900","X4","35","2009-01-05T09:00:00.000",,"0","V","HO"
"X4340501090900","X4","34","2009-01-05T09:00:00.000",,"1012","V","HO"
"X4400501090900","X4","40","2009-01-05T09:00:00.000","2009-01-05T09:29:00.000","9","V","HO"
"X4330501090900","X4","33","2009-01-05T09:00:00.000",,"52","V","HO"
"X4440501090900","X4","44","2009-01-05T09:00:00.000","2009-01-05T09:28:00.000","49","V","HO"
"X4500501090900","X4","50","2009-01-05T09:00:00.000","2009-01-05T09:35:00.000","5.2","V","HO"
"X4510501090900","X4","51","2009-01-05T09:00:00.000",,"273","V","HO"
"X4320501090900","X4","32","2009-01-05T09:00:00.000",,"8.5","V","HO"
"X4420501090900","X4","42","2009-01-05T09:00:00.000","2009-01-05T09:01:00.000","7.9","V","HO"
"X4400501091000","X4","40","2009-01-05T10:00:00.000","2009-01-05T10:42:00.000","9.2","V","HO"
"X4420501091000","X4","42","2009-01-05T10:00:00.000","2009-01-05T10:00:00.000","8.6","V","HO"
"X4440501091000","X4","44","2009-01-05T10:00:00.000","2009-01-05T10:39:00.000","47","V","HO"
"X4500501091000","X4","50","2009-01-05T10:00:00.000","2009-01-05T10:48:00.000","9.5","V","HO"
"X4360501091000","X4","36","2009-01-05T10:00:00.000",,"433","V","HO"
"X4320501091000","X4","32","2009-01-05T10:00:00.000",,"8.9","V","HO"
"X4330501091000","X4","33","2009-01-05T10:00:00.000",,"49","V","HO"
"X4340501091000","X4","34","2009-01-05T10:00:00.000",,"1012","V","HO"
"X4350501091000","X4","35","2009-01-05T10:00:00.000",,"0","V","HO"
"X4510501091000","X4","51","2009-01-05T10:00:00.000",,"286","V","HO"
"X4320501091100","X4","32","2009-01-05T11:00:00.000",,"9.6","V","HO"
"X4330501091100","X4","33","2009-01-05T11:00:00.000",,"48","V","HO"
"X4340501091100","X4","34","2009-01-05T11:00:00.000",,"1011","V","HO"
"X4350501091100","X4","35","2009-01-05T11:00:00.000",,"0","V","HO"
"X4510501091100","X4","51","2009-01-05T11:00:00.000",,"325","V","HO"
"X4400501091100","X4","40","2009-01-05T11:00:00.000","2009-01-05T11:56:00.000","10.3","V","HO"
"X4420501091100","X4","42","2009-01-05T11:00:00.000","2009-01-05T11:00:00.000","8.8","V","HO"
"X4440501091100","X4","44","2009-01-05T11:00:00.000","2009-01-05T11:57:00.000","45","V","HO"
"X4500501091100","X4","50","2009-01-05T11:00:00.000","2009-01-05T11:26:00.000","8.3","V","HO"
"X4360501091100","X4","36","2009-01-05T11:00:00.000",,"435","V","HO"
"X4330501091200","X4","33","2009-01-05T12:00:00.000",,"46","V","HO"
"X4340501091200","X4","34","2009-01-05T12:00:00.000",,"1010","V","HO"
"X4350501091200","X4","35","2009-01-05T12:00:00.000",,"0","V","HO"
"X4360501091200","X4","36","2009-01-05T12:00:00.000",,"409","V","HO"
"X4320501091200","X4","32","2009-01-05T12:00:00.000",,"10.1","V","HO"
"X4400501091200","X4","40","2009-01-05T12:00:00.000","2009-01-05T12:26:00.000","10.5","V","HO"
"X4420501091200","X4","42","2009-01-05T12:00:00.000","2009-01-05T12:44:00.000","9.8","V","HO"
"X4440501091200","X4","44","2009-01-05T12:00:00.000","2009-01-05T12:27:00.000","44","V","HO"
"X4500501091200","X4","50","2009-01-05T12:00:00.000","2009-01-05T12:09:00.000","9","V","HO"
"X4510501091200","X4","51","2009-01-05T12:00:00.000",,"306","V","HO"
"X4320501091300","X4","32","2009-01-05T13:00:00.000",,"10.7","V","HO"
"X4330501091300","X4","33","2009-01-05T13:00:00.000",,"43","V","HO"
"X4340501091300","X4","34","2009-01-05T13:00:00.000",,"1009","V","HO"
"X4350501091300","X4","35","2009-01-05T13:00:00.000",,"0","V","HO"
"X4360501091300","X4","36","2009-01-05T13:00:00.000",,"369","V","HO"
"X4400501091300","X4","40","2009-01-05T13:00:00.000","2009-01-05T13:29:00.000","11.1","V","HO"
"X4420501091300","X4","42","2009-01-05T13:00:00.000","2009-01-05T13:58:00.000","10.3","V","HO"
"X4440501091300","X4","44","2009-01-05T13:00:00.000","2009-01-05T13:29:00.000","42","V","HO"
"X4500501091300","X4","50","2009-01-05T13:00:00.000","2009-01-05T13:43:00.000","9.4","V","HO"
"X4510501091300","X4","51","2009-01-05T13:00:00.000",,"316","V","HO"
"X4440501091400","X4","44","2009-01-05T14:00:00.000","2009-01-05T14:17:00.000","44","V","HO"
"X4360501091400","X4","36","2009-01-05T14:00:00.000",,"230","V","HO"
"X4510501091400","X4","51","2009-01-05T14:00:00.000",,"333","V","HO"
"X4500501091400","X4","50","2009-01-05T14:00:00.000","2009-01-05T14:02:00.000","8.2","V","HO"
"X4350501091400","X4","35","2009-01-05T14:00:00.000",,"0","V","HO"
"X4340501091400","X4","34","2009-01-05T14:00:00.000",,"1009","V","HO"
"X4330501091400","X4","33","2009-01-05T14:00:00.000",,"45","V","HO"
"X4320501091400","X4","32","2009-01-05T14:00:00.000",,"10.3","V","HO"
"X4420501091400","X4","42","2009-01-05T14:00:00.000","2009-01-05T14:58:00.000","10","V","HO"
"X4400501091400","X4","40","2009-01-05T14:00:00.000","2009-01-05T14:17:00.000","10.5","V","HO"
"X4320501091500","X4","32","2009-01-05T15:00:00.000",,"9.4","V","HO"
"X4330501091500","X4","33","2009-01-05T15:00:00.000",,"49","V","HO"
"X4340501091500","X4","34","2009-01-05T15:00:00.000",,"1009","V","HO"
"X4350501091500","X4","35","2009-01-05T15:00:00.000",,"0","V","HO"
"X4510501091500","X4","51","2009-01-05T15:00:00.000",,"309","V","HO"
"X4400501091500","X4","40","2009-01-05T15:00:00.000","2009-01-05T15:02:00.000","10","V","HO"
"X4420501091500","X4","42","2009-01-05T15:00:00.000","2009-01-05T15:58:00.000","8.4","V","HO"
"X4440501091500","X4","44","2009-01-05T15:00:00.000","2009-01-05T15:00:00.000","46","V","HO"
"X4500501091500","X4","50","2009-01-05T15:00:00.000","2009-01-05T15:43:00.000","7.2","V","HO"
"X4360501091500","X4","36","2009-01-05T15:00:00.000",,"77","V","HO"
"X4320501091600","X4","32","2009-01-05T16:00:00.000",,"7.8","V","HO"
"X4330501091600","X4","33","2009-01-05T16:00:00.000",,"55","V","HO"
"X4440501091600","X4","44","2009-01-05T16:00:00.000","2009-01-05T16:00:00.000","53","V","HO"
"X4500501091600","X4","50","2009-01-05T16:00:00.000","2009-01-05T16:27:00.000","7.1","V","HO"
"X4340501091600","X4","34","2009-01-05T16:00:00.000",,"1009","V","HO"
"X4420501091600","X4","42","2009-01-05T16:00:00.000","2009-01-05T16:58:00.000","7.1","V","HO"
"X4400501091600","X4","40","2009-01-05T16:00:00.000","2009-01-05T16:00:00.000","8.4","V","HO"
"X4360501091600","X4","36","2009-01-05T16:00:00.000",,"9","V","HO"
"X4350501091600","X4","35","2009-01-05T16:00:00.000",,"0","V","HO"
"X4510501091600","X4","51","2009-01-05T16:00:00.000",,"332","V","HO"
"X4320501091700","X4","32","2009-01-05T17:00:00.000",,"6.6","V","HO"
"X4330501091700","X4","33","2009-01-05T17:00:00.000",,"58","V","HO"
"X4340501091700","X4","34","2009-01-05T17:00:00.000",,"1009","V","HO"
"X4350501091700","X4","35","2009-01-05T17:00:00.000",,"0","V","HO"
"X4360501091700","X4","36","2009-01-05T17:00:00.000",,"0","V","HO"
"X4400501091700","X4","40","2009-01-05T17:00:00.000","2009-01-05T17:00:00.000","7.1","V","HO"
"X4420501091700","X4","42","2009-01-05T17:00:00.000","2009-01-05T17:57:00.000","6.2","V","HO"
"X4440501091700","X4","44","2009-01-05T17:00:00.000","2009-01-05T17:00:00.000","57","V","HO"
"X4500501091700","X4","50","2009-01-05T17:00:00.000","2009-01-05T17:52:00.000","8","V","HO"
"X4510501091700","X4","51","2009-01-05T17:00:00.000",,"332","V","HO"
"X4320501091800","X4","32","2009-01-05T18:00:00.000",,"5.9","V","HO"
"X4330501091800","X4","33","2009-01-05T18:00:00.000",,"60","V","HO"
"X4340501091800","X4","34","2009-01-05T18:00:00.000",,"1009","V","HO"
"X4350501091800","X4","35","2009-01-05T18:00:00.000",,"0","V","HO"
"X4510501091800","X4","51","2009-01-05T18:00:00.000",,"306","V","HO"
"X4400501091800","X4","40","2009-01-05T18:00:00.000","2009-01-05T18:00:00.000","6.2","V","HO"
"X4420501091800","X4","42","2009-01-05T18:00:00.000","2009-01-05T18:57:00.000","5.7","V","HO"
"X4440501091800","X4","44","2009-01-05T18:00:00.000","2009-01-05T18:01:00.000","59","V","HO"
"X4500501091800","X4","50","2009-01-05T18:00:00.000","2009-01-05T18:55:00.000","7.3","V","HO"
"X4360501091800","X4","36","2009-01-05T18:00:00.000",,"0","V","HO"
"X4320501091900","X4","32","2009-01-05T19:00:00.000",,"5.6","V","HO"
"X4330501091900","X4","33","2009-01-05T19:00:00.000",,"62","V","HO"
"X4340501091900","X4","34","2009-01-05T19:00:00.000",,"1009","V","HO"
"X4350501091900","X4","35","2009-01-05T19:00:00.000",,"0","V","HO"
"X4510501091900","X4","51","2009-01-05T19:00:00.000",,"333","V","HO"
"X4400501091900","X4","40","2009-01-05T19:00:00.000","2009-01-05T19:00:00.000","5.7","V","HO"
"X4420501091900","X4","42","2009-01-05T19:00:00.000","2009-01-05T19:38:00.000","5.5","V","HO"
"X4440501091900","X4","44","2009-01-05T19:00:00.000","2009-01-05T19:00:00.000","61","V","HO"
"X4500501091900","X4","50","2009-01-05T19:00:00.000","2009-01-05T19:08:00.000","8.2","V","HO"
"X4360501091900","X4","36","2009-01-05T19:00:00.000",,"0","V","HO"
"X4360501092000","X4","36","2009-01-05T20:00:00.000",,"0","V","HO"
"X4400501092000","X4","40","2009-01-05T20:00:00.000","2009-01-05T20:58:00.000","5.9","V","HO"
"X4420501092000","X4","42","2009-01-05T20:00:00.000","2009-01-05T20:00:00.000","5.6","V","HO"
"X4440501092000","X4","44","2009-01-05T20:00:00.000","2009-01-05T20:14:00.000","61","V","HO"
"X4500501092000","X4","50","2009-01-05T20:00:00.000","2009-01-05T20:00:00.000","7.1","V","HO"
"X4510501092000","X4","51","2009-01-05T20:00:00.000",,"329","V","HO"
"X4320501092000","X4","32","2009-01-05T20:00:00.000",,"5.8","V","HO"
"X4330501092000","X4","33","2009-01-05T20:00:00.000",,"62","V","HO"
"X4340501092000","X4","34","2009-01-05T20:00:00.000",,"1009","V","HO"
"X4350501092000","X4","35","2009-01-05T20:00:00.000",,"0","V","HO"
"X4320501092100","X4","32","2009-01-05T21:00:00.000",,"6","V","HO"
"X4330501092100","X4","33","2009-01-05T21:00:00.000",,"62","V","HO"
"X4340501092100","X4","34","2009-01-05T21:00:00.000",,"1009","V","HO"
"X4350501092100","X4","35","2009-01-05T21:00:00.000",,"0","V","HO"
"X4510501092100","X4","51","2009-01-05T21:00:00.000",,"2","V","HO"
"X4400501092100","X4","40","2009-01-05T21:00:00.000","2009-01-05T21:54:00.000","6","V","HO"
"X4420501092100","X4","42","2009-01-05T21:00:00.000","2009-01-05T21:01:00.000","5.9","V","HO"
"X4440501092100","X4","44","2009-01-05T21:00:00.000","2009-01-05T21:15:00.000","61","V","HO"
"X4500501092100","X4","50","2009-01-05T21:00:00.000","2009-01-05T21:11:00.000","3.9","V","HO"
"X4360501092100","X4","36","2009-01-05T21:00:00.000",,"0","V","HO"
"X4320501092200","X4","32","2009-01-05T22:00:00.000",,"6.1","V","HO"
"X4330501092200","X4","33","2009-01-05T22:00:00.000",,"62","V","HO"
"X4340501092200","X4","34","2009-01-05T22:00:00.000",,"1009","V","HO"
"X4350501092200","X4","35","2009-01-05T22:00:00.000",,"0","V","HO"
"X4510501092200","X4","51","2009-01-05T22:00:00.000",,"285","V","HO"
"X4400501092200","X4","40","2009-01-05T22:00:00.000","2009-01-05T22:34:00.000","6.2","V","HO"
"X4420501092200","X4","42","2009-01-05T22:00:00.000","2009-01-05T22:20:00.000","6","V","HO"
"X4440501092200","X4","44","2009-01-05T22:00:00.000","2009-01-05T22:58:00.000","61","V","HO"
"X4500501092200","X4","50","2009-01-05T22:00:00.000","2009-01-05T22:38:00.000","4.7","V","HO"
"X4360501092200","X4","36","2009-01-05T22:00:00.000",,"0","V","HO"
"X4330501092300","X4","33","2009-01-05T23:00:00.000",,"62","V","HO"
"X4340501092300","X4","34","2009-01-05T23:00:00.000",,"1009","V","HO"
"X4350501092300","X4","35","2009-01-05T23:00:00.000",,"0","V","HO"
"X4360501092300","X4","36","2009-01-05T23:00:00.000",,"0","V","HO"
"X4400501092300","X4","40","2009-01-05T23:00:00.000","2009-01-05T23:00:00.000","6.2","V","HO"
"X4420501092300","X4","42","2009-01-05T23:00:00.000","2009-01-05T23:32:00.000","6","V","HO"
"X4440501092300","X4","44","2009-01-05T23:00:00.000","2009-01-05T23:00:00.000","61","V","HO"
"X4500501092300","X4","50","2009-01-05T23:00:00.000","2009-01-05T23:43:00.000","5.7","V","HO"
"X4510501092300","X4","51","2009-01-05T23:00:00.000",,"321","V","HO"
"X4320501092300","X4","32","2009-01-05T23:00:00.000",,"6.1","V","HO"
"X4320601090000","X4","32","2009-01-06T00:00:00.000",,"6.1","V","HO"
"X4330601090000","X4","33","2009-01-06T00:00:00.000",,"62","V","HO"
"X4010601090000","X4","1","2009-01-06T00:00:00.000","2009-01-06T00:00:00.000","1008","V","HO"
"X4510601090000","X4","51","2009-01-06T00:00:00.000",,"326","V","HO"
"X4500601090000","X4","50","2009-01-06T00:00:00.000","2009-01-06T00:38:00.000","7.8","V","HO"
"X4440601090000","X4","44","2009-01-06T00:00:00.000","2009-01-06T00:52:00.000","62","V","HO"
"X4420601090000","X4","42","2009-01-06T00:00:00.000","2009-01-06T00:06:00.000","6","V","HO"
"X4400601090000","X4","40","2009-01-06T00:00:00.000","2009-01-06T00:52:00.000","6.3","V","HO"
"X4360601090000","X4","36","2009-01-06T00:00:00.000",,"0","V","HO"
"X4350601090000","X4","35","2009-01-06T00:00:00.000",,"0","V","HO"
"X4340601090000","X4","34","2009-01-06T00:00:00.000",,"1008","V","HO"
"X4320601090100","X4","32","2009-01-06T01:00:00.000",,"6.3","V","HO"
"X4330601090100","X4","33","2009-01-06T01:00:00.000",,"61","V","HO"
"X4340601090100","X4","34","2009-01-06T01:00:00.000",,"1007","V","HO"
"X4350601090100","X4","35","2009-01-06T01:00:00.000",,"0","V","HO"
"X4510601090100","X4","51","2009-01-06T01:00:00.000",,"326","V","HO"
"X4400601090100","X4","40","2009-01-06T01:00:00.000","2009-01-06T01:30:00.000","6.3","V","HO"
"X4420601090100","X4","42","2009-01-06T01:00:00.000","2009-01-06T01:00:00.000","6.2","V","HO"
"X4440601090100","X4","44","2009-01-06T01:00:00.000","2009-01-06T01:36:00.000","60","V","HO"
"X4500601090100","X4","50","2009-01-06T01:00:00.000","2009-01-06T01:15:00.000","6.6","V","HO"
"X4360601090100","X4","36","2009-01-06T01:00:00.000",,"0","V","HO"
"X4360601090200","X4","36","2009-01-06T02:00:00.000",,"0","V","HO"
"X4320601090200","X4","32","2009-01-06T02:00:00.000",,"6.3","V","HO"
"X4510601090200","X4","51","2009-01-06T02:00:00.000",,"311","V","HO"
"X4400601090200","X4","40","2009-01-06T02:00:00.000","2009-01-06T02:19:00.000","6.3","V","HO"
"X4420601090200","X4","42","2009-01-06T02:00:00.000","2009-01-06T02:44:00.000","6.2","V","HO"
"X4350601090200","X4","35","2009-01-06T02:00:00.000",,"0","V","HO"
"X4500601090200","X4","50","2009-01-06T02:00:00.000","2009-01-06T02:54:00.000","5.2","V","HO"
"X4330601090200","X4","33","2009-01-06T02:00:00.000",,"61","V","HO"
"X4440601090200","X4","44","2009-01-06T02:00:00.000","2009-01-06T02:08:00.000","61","V","HO"
"X4340601090200","X4","34","2009-01-06T02:00:00.000",,"1007","V","HO"
"X4320601090300","X4","32","2009-01-06T03:00:00.000",,"6.2","V","HO"
"X4330601090300","X4","33","2009-01-06T03:00:00.000",,"61","V","HO"
"X4340601090300","X4","34","2009-01-06T03:00:00.000",,"1007","V","HO"
"X4350601090300","X4","35","2009-01-06T03:00:00.000",,"0","V","HO"
"X4360601090300","X4","36","2009-01-06T03:00:00.000",,"0","V","HO"
"X4400601090300","X4","40","2009-01-06T03:00:00.000","2009-01-06T03:03:00.000","6.3","V","HO"
"X4420601090300","X4","42","2009-01-06T03:00:00.000","2009-01-06T03:56:00.000","5.9","V","HO"
"X4440601090300","X4","44","2009-01-06T03:00:00.000","2009-01-06T03:10:00.000","61","V","HO"
"X4500601090300","X4","50","2009-01-06T03:00:00.000","2009-01-06T03:03:00.000","3.5","V","HO"
"X4510601090300","X4","51","2009-01-06T03:00:00.000",,"349","V","HO"
"X4320601090400","X4","32","2009-01-06T04:00:00.000",,"5.8","V","HO"
"X4330601090400","X4","33","2009-01-06T04:00:00.000",,"63","V","HO"
"X4340601090400","X4","34","2009-01-06T04:00:00.000",,"1006","V","HO"
"X4350601090400","X4","35","2009-01-06T04:00:00.000",,"0","V","HO"
"X4510601090400","X4","51","2009-01-06T04:00:00.000",,"310","V","HO"
"X4400601090400","X4","40","2009-01-06T04:00:00.000","2009-01-06T04:02:00.000","5.9","V","HO"
"X4420601090400","X4","42","2009-01-06T04:00:00.000","2009-01-06T04:30:00.000","5.6","V","HO"
"X4440601090400","X4","44","2009-01-06T04:00:00.000","2009-01-06T04:03:00.000","62","V","HO"
"X4500601090400","X4","50","2009-01-06T04:00:00.000","2009-01-06T04:39:00.000","2.5","V","HO"
"X4360601090400","X4","36","2009-01-06T04:00:00.000",,"0","V","HO"
"X4510601090500","X4","51","2009-01-06T05:00:00.000",,"250","V","HO"
"X4500601090500","X4","50","2009-01-06T05:00:00.000","2009-01-06T05:50:00.000","3.3","V","HO"
"X4320601090500","X4","32","2009-01-06T05:00:00.000",,"6","V","HO"
"X4330601090500","X4","33","2009-01-06T05:00:00.000",,"62","V","HO"
"X4340601090500","X4","34","2009-01-06T05:00:00.000",,"1006","V","HO"
"X4350601090500","X4","35","2009-01-06T05:00:00.000",,"0","V","HO"
"X4360601090500","X4","36","2009-01-06T05:00:00.000",,"0","V","HO"
"X4400601090500","X4","40","2009-01-06T05:00:00.000","2009-01-06T05:49:00.000","6.1","V","HO"
"X4420601090500","X4","42","2009-01-06T05:00:00.000","2009-01-06T05:00:00.000","5.8","V","HO"
"X4440601090500","X4","44","2009-01-06T05:00:00.000","2009-01-06T05:13:00.000","62","V","HO"
"X4320601090600","X4","32","2009-01-06T06:00:00.000",,"6","V","HO"
"X4330601090600","X4","33","2009-01-06T06:00:00.000",,"64","V","HO"
"X4340601090600","X4","34","2009-01-06T06:00:00.000",,"1006","V","HO"
"X4350601090600","X4","35","2009-01-06T06:00:00.000",,"0","V","HO"
"X4510601090600","X4","51","2009-01-06T06:00:00.000",,"292","V","HO"
"X4400601090600","X4","40","2009-01-06T06:00:00.000","2009-01-06T06:20:00.000","6.1","V","HO"
"X4420601090600","X4","42","2009-01-06T06:00:00.000","2009-01-06T06:44:00.000","6","V","HO"
"X4440601090600","X4","44","2009-01-06T06:00:00.000","2009-01-06T06:00:00.000","63","V","HO"
"X4500601090600","X4","50","2009-01-06T06:00:00.000","2009-01-06T06:14:00.000","2.8","V","HO"
"X4360601090600","X4","36","2009-01-06T06:00:00.000",,"0","V","HO"
"X4320601090700","X4","32","2009-01-06T07:00:00.000",,"6","V","HO"
"X4330601090700","X4","33","2009-01-06T07:00:00.000",,"66","V","HO"
"X4340601090700","X4","34","2009-01-06T07:00:00.000",,"1006","V","HO"
"X4350601090700","X4","35","2009-01-06T07:00:00.000",,"0","V","HO"
"X4510601090700","X4","51","2009-01-06T07:00:00.000",,"248","V","HO"
"X4400601090700","X4","40","2009-01-06T07:00:00.000","2009-01-06T07:02:00.000","6","V","HO"
"X4420601090700","X4","42","2009-01-06T07:00:00.000","2009-01-06T07:44:00.000","5.9","V","HO"
"X4440601090700","X4","44","2009-01-06T07:00:00.000","2009-01-06T07:01:00.000","65","V","HO"
"X4500601090700","X4","50","2009-01-06T07:00:00.000","2009-01-06T07:05:00.000","2.1","V","HO"
"X4360601090700","X4","36","2009-01-06T07:00:00.000",,"13","V","HO"
"X4500601090800","X4","50","2009-01-06T08:00:00.000","2009-01-06T08:55:00.000","2.7","V","HO"
"X4510601090800","X4","51","2009-01-06T08:00:00.000",,"154","V","HO"
"X4320601090800","X4","32","2009-01-06T08:00:00.000",,"6.9","V","HO"
"X4330601090800","X4","33","2009-01-06T08:00:00.000",,"63","V","HO"
"X4440601090800","X4","44","2009-01-06T08:00:00.000","2009-01-06T08:58:00.000","58","V","HO"
"X4350601090800","X4","35","2009-01-06T08:00:00.000",,"0","V","HO"
"X4360601090800","X4","36","2009-01-06T08:00:00.000",,"133","V","HO"
"X4400601090800","X4","40","2009-01-06T08:00:00.000","2009-01-06T08:42:00.000","7.7","V","HO"
"X4420601090800","X4","42","2009-01-06T08:00:00.000","2009-01-06T08:00:00.000","6","V","HO"
"X4340601090800","X4","34","2009-01-06T08:00:00.000",,"1007","V","HO"
"X4320601090900","X4","32","2009-01-06T09:00:00.000",,"7.5","V","HO"
"X4330601090900","X4","33","2009-01-06T09:00:00.000",,"58","V","HO"
"X4340601090900","X4","34","2009-01-06T09:00:00.000",,"1007","V","HO"
"X4350601090900","X4","35","2009-01-06T09:00:00.000",,"0","V","HO"
"X4510601090900","X4","51","2009-01-06T09:00:00.000",,"208","V","HO"
"X4400601090900","X4","40","2009-01-06T09:00:00.000","2009-01-06T09:58:00.000","7.7","V","HO"
"X4420601090900","X4","42","2009-01-06T09:00:00.000","2009-01-06T09:27:00.000","7.4","V","HO"
"X4440601090900","X4","44","2009-01-06T09:00:00.000","2009-01-06T09:09:00.000","57","V","HO"
"X4500601090900","X4","50","2009-01-06T09:00:00.000","2009-01-06T09:18:00.000","3.3","V","HO"
"X4360601090900","X4","36","2009-01-06T09:00:00.000",,"178","V","HO"
"X4400601091000","X4","40","2009-01-06T10:00:00.000","2009-01-06T10:43:00.000","9.1","V","HO"
"X4320601091000","X4","32","2009-01-06T10:00:00.000",,"8.8","V","HO"
"X4330601091000","X4","33","2009-01-06T10:00:00.000",,"51","V","HO"
"X4340601091000","X4","34","2009-01-06T10:00:00.000",,"1007","V","HO"
"X4350601091000","X4","35","2009-01-06T10:00:00.000",,"0","V","HO"
"X4360601091000","X4","36","2009-01-06T10:00:00.000",,"258","V","HO"
"X4420601091000","X4","42","2009-01-06T10:00:00.000","2009-01-06T10:00:00.000","7.8","V","HO"
"X4440601091000","X4","44","2009-01-06T10:00:00.000","2009-01-06T10:24:00.000","49","V","HO"
"X4500601091000","X4","50","2009-01-06T10:00:00.000","2009-01-06T10:09:00.000","4","V","HO"
"X4510601091000","X4","51","2009-01-06T10:00:00.000",,"252","V","HO"
"X4440601091100","X4","44","2009-01-06T11:00:00.000","2009-01-06T11:00:00.000","51","V","HO"
"X4500601091100","X4","50","2009-01-06T11:00:00.000","2009-01-06T11:33:00.000","5.6","V","HO"
"X4510601091100","X4","51","2009-01-06T11:00:00.000",,"85","V","HO"
"X4320601091100","X4","32","2009-01-06T11:00:00.000",,"8.4","V","HO"
"X4330601091100","X4","33","2009-01-06T11:00:00.000",,"65","V","HO"
"X4340601091100","X4","34","2009-01-06T11:00:00.000",,"1006","V","HO"
"X4350601091100","X4","35","2009-01-06T11:00:00.000",,"0.6","V","HO"
"X4360601091100","X4","36","2009-01-06T11:00:00.000",,"79","V","HO"
"X4400601091100","X4","40","2009-01-06T11:00:00.000","2009-01-06T11:02:00.000","9","V","HO"
"X4420601091100","X4","42","2009-01-06T11:00:00.000","2009-01-06T11:58:00.000","7.5","V","HO"
"X4510601091200","X4","51","2009-01-06T12:00:00.000",,"55","V","HO"
"X4500601091200","X4","50","2009-01-06T12:00:00.000","2009-01-06T12:19:00.000","7","V","HO"
"X4440601091200","X4","44","2009-01-06T12:00:00.000","2009-01-06T12:17:00.000","79","V","HO"
"X4420601091200","X4","42","2009-01-06T12:00:00.000","2009-01-06T12:58:00.000","5.3","V","HO"
"X4400601091200","X4","40","2009-01-06T12:00:00.000","2009-01-06T12:00:00.000","7.5","V","HO"
"X4360601091200","X4","36","2009-01-06T12:00:00.000",,"110","V","HO"
"X4350601091200","X4","35","2009-01-06T12:00:00.000",,"4.3","V","HO"
"X4340601091200","X4","34","2009-01-06T12:00:00.000",,"1006","V","HO"
"X4320601091200","X4","32","2009-01-06T12:00:00.000",,"6.4","V","HO"
"X4330601091200","X4","33","2009-01-06T12:00:00.000",,"81","V","HO"
"X4320601091300","X4","32","2009-01-06T13:00:00.000",,"5.2","V","HO"
"X4330601091300","X4","33","2009-01-06T13:00:00.000",,"83","V","HO"
"X4340601091300","X4","34","2009-01-06T13:00:00.000",,"1005","V","HO"
"X4350601091300","X4","35","2009-01-06T13:00:00.000",,"2.6","V","HO"
"X4510601091300","X4","51","2009-01-06T13:00:00.000",,"43","V","HO"
"X4400601091300","X4","40","2009-01-06T13:00:00.000","2009-01-06T13:37:00.000","5.3","V","HO"
"X4420601091300","X4","42","2009-01-06T13:00:00.000","2009-01-06T13:08:00.000","5.1","V","HO"
"X4440601091300","X4","44","2009-01-06T13:00:00.000","2009-01-06T13:00:00.000","81","V","HO"
"X4500601091300","X4","50","2009-01-06T13:00:00.000","2009-01-06T13:00:00.000","6.7","V","HO"
"X4360601091300","X4","36","2009-01-06T13:00:00.000",,"21","V","HO"
"X4020601091400","X4","2","2009-01-06T14:00:00.000","2009-01-06T14:00:00.000","1005","V","HO"
"X4320601091400","X4","32","2009-01-06T14:00:00.000",,"4.9","V","HO"
"X4330601091400","X4","33","2009-01-06T14:00:00.000",,"84","V","HO"
"X4340601091400","X4","34","2009-01-06T14:00:00.000",,"1005","V","HO"
"X4350601091400","X4","35","2009-01-06T14:00:00.000",,"1.9","V","HO"
"X4510601091400","X4","51","2009-01-06T14:00:00.000",,"11","V","HO"
"X4400601091400","X4","40","2009-01-06T14:00:00.000","2009-01-06T14:00:00.000","5.3","V","HO"
"X4420601091400","X4","42","2009-01-06T14:00:00.000","2009-01-06T14:55:00.000","4.6","V","HO"
"X4440601091400","X4","44","2009-01-06T14:00:00.000","2009-01-06T14:05:00.000","83","V","HO"
"X4500601091400","X4","50","2009-01-06T14:00:00.000","2009-01-06T14:37:00.000","6.3","V","HO"
"X4360601091400","X4","36","2009-01-06T14:00:00.000",,"35","V","HO"
"X4320601091500","X4","32","2009-01-06T15:00:00.000",,"4.6","V","HO"
"X4330601091500","X4","33","2009-01-06T15:00:00.000",,"84","V","HO"
"X4510601091500","X4","51","2009-01-06T15:00:00.000",,"5","V","HO"
"X4500601091500","X4","50","2009-01-06T15:00:00.000","2009-01-06T15:54:00.000","6.1","V","HO"
"X4340601091500","X4","34","2009-01-06T15:00:00.000",,"1005","V","HO"
"X4420601091500","X4","42","2009-01-06T15:00:00.000","2009-01-06T15:57:00.000","4.6","V","HO"
"X4400601091500","X4","40","2009-01-06T15:00:00.000","2009-01-06T15:40:00.000","4.7","V","HO"
"X4360601091500","X4","36","2009-01-06T15:00:00.000",,"13","V","HO"
"X4350601091500","X4","35","2009-01-06T15:00:00.000",,"2.6","V","HO"
"X4440601091500","X4","44","2009-01-06T15:00:00.000","2009-01-06T15:33:00.000","83","V","HO"
"X4510601091600","X4","51","2009-01-06T16:00:00.000",,"340","V","HO"
"X4500601091600","X4","50","2009-01-06T16:00:00.000","2009-01-06T16:07:00.000","4.9","V","HO"
"X4440601091600","X4","44","2009-01-06T16:00:00.000","2009-01-06T16:47:00.000","83","V","HO"
"X4420601091600","X4","42","2009-01-06T16:00:00.000","2009-01-06T16:47:00.000","4.5","V","HO"
"X4400601091600","X4","40","2009-01-06T16:00:00.000","2009-01-06T16:02:00.000","4.6","V","HO"
"X4360601091600","X4","36","2009-01-06T16:00:00.000",,"1","V","HO"
"X4340601091600","X4","34","2009-01-06T16:00:00.000",,"1006","V","HO"
"X4330601091600","X4","33","2009-01-06T16:00:00.000",,"84","V","HO"
"X4320601091600","X4","32","2009-01-06T16:00:00.000",,"4.5","V","HO"
"X4350601091600","X4","35","2009-01-06T16:00:00.000",,"2.4","V","HO"
"X4320601091700","X4","32","2009-01-06T17:00:00.000",,"4.3","V","HO"
"X4330601091700","X4","33","2009-01-06T17:00:00.000",,"82","V","HO"
"X4340601091700","X4","34","2009-01-06T17:00:00.000",,"1006","V","HO"
"X4350601091700","X4","35","2009-01-06T17:00:00.000",,"0.9","V","HO"
"X4510601091700","X4","51","2009-01-06T17:00:00.000",,"5","V","HO"
"X4400601091700","X4","40","2009-01-06T17:00:00.000","2009-01-06T17:00:00.000","4.5","V","HO"
"X4420601091700","X4","42","2009-01-06T17:00:00.000","2009-01-06T17:58:00.000","4","V","HO"
"X4440601091700","X4","44","2009-01-06T17:00:00.000","2009-01-06T17:07:00.000","81","V","HO"
"X4500601091700","X4","50","2009-01-06T17:00:00.000","2009-01-06T17:00:00.000","4.4","V","HO"
"X4360601091700","X4","36","2009-01-06T17:00:00.000",,"0","V","HO"
"X4320601091800","X4","32","2009-01-06T18:00:00.000",,"4","V","HO"
"X4330601091800","X4","33","2009-01-06T18:00:00.000",,"84","V","HO"
"X4340601091800","X4","34","2009-01-06T18:00:00.000",,"1007","V","HO"
"X4350601091800","X4","35","2009-01-06T18:00:00.000",,"0.9","V","HO"
"X4360601091800","X4","36","2009-01-06T18:00:00.000",,"0","V","HO"
"X4400601091800","X4","40","2009-01-06T18:00:00.000","2009-01-06T18:58:00.000","4.3","V","HO"
"X4420601091800","X4","42","2009-01-06T18:00:00.000","2009-01-06T18:15:00.000","3.9","V","HO"
"X4440601091800","X4","44","2009-01-06T18:00:00.000","2009-01-06T18:00:00.000","83","V","HO"
"X4500601091800","X4","50","2009-01-06T18:00:00.000","2009-01-06T18:51:00.000","3.5","V","HO"
"X4510601091800","X4","51","2009-01-06T18:00:00.000",,"2","V","HO"
"X4360601091900","X4","36","2009-01-06T19:00:00.000",,"0","V","HO"
"X4350601091900","X4","35","2009-01-06T19:00:00.000",,"3.1","V","HO"
"X4340601091900","X4","34","2009-01-06T19:00:00.000",,"1007","V","HO"
"X4330601091900","X4","33","2009-01-06T19:00:00.000",,"83","V","HO"
"X4440601091900","X4","44","2009-01-06T19:00:00.000","2009-01-06T19:35:00.000","82","V","HO"
"X4510601091900","X4","51","2009-01-06T19:00:00.000",,"27","V","HO"
"X4500601091900","X4","50","2009-01-06T19:00:00.000","2009-01-06T19:43:00.000","3.9","V","HO"
"X4400601091900","X4","40","2009-01-06T19:00:00.000","2009-01-06T19:15:00.000","4.5","V","HO"
"X4420601091900","X4","42","2009-01-06T19:00:00.000","2009-01-06T19:58:00.000","4.1","V","HO"
"X4320601091900","X4","32","2009-01-06T19:00:00.000",,"4.4","V","HO"
"X4510601092000","X4","51","2009-01-06T20:00:00.000",,"358","V","HO"
"X4360601092000","X4","36","2009-01-06T20:00:00.000",,"0","V","HO"
"X4440601092000","X4","44","2009-01-06T20:00:00.000","2009-01-06T20:00:00.000","84","V","HO"
"X4420601092000","X4","42","2009-01-06T20:00:00.000","2009-01-06T20:58:00.000","3.3","V","HO"
"X4340601092000","X4","34","2009-01-06T20:00:00.000",,"1007","V","HO"
"X4350601092000","X4","35","2009-01-06T20:00:00.000",,"2","V","HO"
"X4320601092000","X4","32","2009-01-06T20:00:00.000",,"3.5","V","HO"
"X4330601092000","X4","33","2009-01-06T20:00:00.000",,"85","V","HO"
"X4500601092000","X4","50","2009-01-06T20:00:00.000","2009-01-06T20:58:00.000","4.6","V","HO"
"X4400601092000","X4","40","2009-01-06T20:00:00.000","2009-01-06T20:00:00.000","4","V","HO"
"X4320601092100","X4","32","2009-01-06T21:00:00.000",,"3","V","HO"
"X4330601092100","X4","33","2009-01-06T21:00:00.000",,"85","V","HO"
"X4340601092100","X4","34","2009-01-06T21:00:00.000",,"1007","V","HO"
"X4350601092100","X4","35","2009-01-06T21:00:00.000",,"0.9","V","HO"
"X4510601092100","X4","51","2009-01-06T21:00:00.000",,"52","V","HO"
"X4400601092100","X4","40","2009-01-06T21:00:00.000","2009-01-06T21:00:00.000","3.3","V","HO"
"X4420601092100","X4","42","2009-01-06T21:00:00.000","2009-01-06T21:58:00.000","2.6","V","HO"
"X4440601092100","X4","44","2009-01-06T21:00:00.000","2009-01-06T21:00:00.000","84","V","HO"
"X4500601092100","X4","50","2009-01-06T21:00:00.000","2009-01-06T21:40:00.000","4.5","V","HO"
"X4360601092100","X4","36","2009-01-06T21:00:00.000",,"0","V","HO"
"X4320601092200","X4","32","2009-01-06T22:00:00.000",,"2.4","V","HO"
"X4330601092200","X4","33","2009-01-06T22:00:00.000",,"87","V","HO"
"X4340601092200","X4","34","2009-01-06T22:00:00.000",,"1007","V","HO"
"X4350601092200","X4","35","2009-01-06T22:00:00.000",,"1.2","V","HO"
"X4510601092200","X4","51","2009-01-06T22:00:00.000",,"66","V","HO"
"X4400601092200","X4","40","2009-01-06T22:00:00.000","2009-01-06T22:00:00.000","2.6","V","HO"
"X4420601092200","X4","42","2009-01-06T22:00:00.000","2009-01-06T22:58:00.000","2.4","V","HO"
"X4440601092200","X4","44","2009-01-06T22:00:00.000","2009-01-06T22:00:00.000","86","V","HO"
"X4500601092200","X4","50","2009-01-06T22:00:00.000","2009-01-06T22:53:00.000","5.3","V","HO"
"X4360601092200","X4","36","2009-01-06T22:00:00.000",,"0","V","HO"
"X4360601092300","X4","36","2009-01-06T23:00:00.000",,"0","V","HO"
"X4400601092300","X4","40","2009-01-06T23:00:00.000","2009-01-06T23:58:00.000","2.7","V","HO"
"X4420601092300","X4","42","2009-01-06T23:00:00.000","2009-01-06T23:10:00.000","2.3","V","HO"
"X4440601092300","X4","44","2009-01-06T23:00:00.000","2009-01-06T23:38:00.000","87","V","HO"
"X4350601092300","X4","35","2009-01-06T23:00:00.000",,"0.9","V","HO"
"X4510601092300","X4","51","2009-01-06T23:00:00.000",,"50","V","HO"
"X4320601092300","X4","32","2009-01-06T23:00:00.000",,"2.4","V","HO"
"X4330601092300","X4","33","2009-01-06T23:00:00.000",,"88","V","HO"
"X4340601092300","X4","34","2009-01-06T23:00:00.000",,"1007","V","HO"
"X4500601092300","X4","50","2009-01-06T23:00:00.000","2009-01-06T23:00:00.000","5.1","V","HO"
"X4350701090000","X4","35","2009-01-07T00:00:00.000",,"0.3","V","HO"
"X4360701090000","X4","36","2009-01-07T00:00:00.000",,"0","V","HO"
"X4400701090000","X4","40","2009-01-07T00:00:00.000","2009-01-07T00:39:00.000","3.3","V","HO"
"X4420701090000","X4","42","2009-01-07T00:00:00.000","2009-01-07T00:00:00.000","2.7","V","HO"
"X4340701090000","X4","34","2009-01-07T00:00:00.000",,"1007","V","HO"
"X4500701090000","X4","50","2009-01-07T00:00:00.000","2009-01-07T00:41:00.000","5.3","V","HO"
"X4510701090000","X4","51","2009-01-07T00:00:00.000",,"268","V","HO"
"X4320701090000","X4","32","2009-01-07T00:00:00.000",,"3","V","HO"
"X4330701090000","X4","33","2009-01-07T00:00:00.000",,"86","V","HO"
"X4440701090000","X4","44","2009-01-07T00:00:00.000","2009-01-07T00:34:00.000","85","V","HO"
"X4350701090100","X4","35","2009-01-07T01:00:00.000",,"0.1","V","HO"
"X4360701090100","X4","36","2009-01-07T01:00:00.000",,"0","V","HO"
"X4400701090100","X4","40","2009-01-07T01:00:00.000","2009-01-07T01:58:00.000","3.1","V","HO"
"X4420701090100","X4","42","2009-01-07T01:00:00.000","2009-01-07T01:35:00.000","2.9","V","HO"
"X4440701090100","X4","44","2009-01-07T01:00:00.000","2009-01-07T01:20:00.000","85","V","HO"
"X4500701090100","X4","50","2009-01-07T01:00:00.000","2009-01-07T01:15:00.000","4.9","V","HO"
"X4510701090100","X4","51","2009-01-07T01:00:00.000",,"263","V","HO"
"X4320701090100","X4","32","2009-01-07T01:00:00.000",,"3","V","HO"
"X4330701090100","X4","33","2009-01-07T01:00:00.000",,"86","V","HO"
"X4340701090100","X4","34","2009-01-07T01:00:00.000",,"1007","V","HO"
"X4320701090200","X4","32","2009-01-07T02:00:00.000",,"3.3","V","HO"
"X4330701090200","X4","33","2009-01-07T02:00:00.000",,"83","V","HO"
"X4340701090200","X4","34","2009-01-07T02:00:00.000",,"1007","V","HO"
"X4350701090200","X4","35","2009-01-07T02:00:00.000",,"0","V","HO"
"X4510701090200","X4","51","2009-01-07T02:00:00.000",,"297","V","HO"
"X4400701090200","X4","40","2009-01-07T02:00:00.000","2009-01-07T02:36:00.000","3.5","V","HO"
"X4420701090200","X4","42","2009-01-07T02:00:00.000","2009-01-07T02:00:00.000","3.1","V","HO"
"X4440701090200","X4","44","2009-01-07T02:00:00.000","2009-01-07T02:50:00.000","81","V","HO"
"X4500701090200","X4","50","2009-01-07T02:00:00.000","2009-01-07T02:10:00.000","5.2","V","HO"
"X4360701090200","X4","36","2009-01-07T02:00:00.000",,"0","V","HO"
"X4320701090300","X4","32","2009-01-07T03:00:00.000",,"3.5","V","HO"
"X4330701090300","X4","33","2009-01-07T03:00:00.000",,"82","V","HO"
"X4340701090300","X4","34","2009-01-07T03:00:00.000",,"1007","V","HO"
"X4350701090300","X4","35","2009-01-07T03:00:00.000",,"0","V","HO"
"X4510701090300","X4","51","2009-01-07T03:00:00.000",,"310","V","HO"
"X4400701090300","X4","40","2009-01-07T03:00:00.000","2009-01-07T03:58:00.000","3.7","V","HO"
"X4420701090300","X4","42","2009-01-07T03:00:00.000","2009-01-07T03:01:00.000","3.4","V","HO"
"X4440701090300","X4","44","2009-01-07T03:00:00.000","2009-01-07T03:58:00.000","81","V","HO"
"X4500701090300","X4","50","2009-01-07T03:00:00.000","2009-01-07T03:19:00.000","3.7","V","HO"
"X4360701090300","X4","36","2009-01-07T03:00:00.000",,"0","V","HO"
"X4320701090400","X4","32","2009-01-07T04:00:00.000",,"3.8","V","HO"
"X4350701090400","X4","35","2009-01-07T04:00:00.000",,"0.1","V","HO"
"X4360701090400","X4","36","2009-01-07T04:00:00.000",,"0","V","HO"
"X4500701090400","X4","50","2009-01-07T04:00:00.000","2009-01-07T04:34:00.000","5.8","V","HO"
"X4510701090400","X4","51","2009-01-07T04:00:00.000",,"298","V","HO"
"X4420701090400","X4","42","2009-01-07T04:00:00.000","2009-01-07T04:00:00.000","3.7","V","HO"
"X4440701090400","X4","44","2009-01-07T04:00:00.000","2009-01-07T04:58:00.000","78","V","HO"
"X4340701090400","X4","34","2009-01-07T04:00:00.000",,"1006","V","HO"
"X4330701090400","X4","33","2009-01-07T04:00:00.000",,"79","V","HO"
"X4400701090400","X4","40","2009-01-07T04:00:00.000","2009-01-07T04:33:00.000","3.8","V","HO"
"X4020701090500","X4","2","2009-01-07T05:00:00.000","2009-01-07T05:19:00.000","1006","V","HO"
"X4320701090500","X4","32","2009-01-07T05:00:00.000",,"3.8","V","HO"
"X4330701090500","X4","33","2009-01-07T05:00:00.000",,"77","V","HO"
"X4340701090500","X4","34","2009-01-07T05:00:00.000",,"1006","V","HO"
"X4350701090500","X4","35","2009-01-07T05:00:00.000",,"0","V","HO"
"X4510701090500","X4","51","2009-01-07T05:00:00.000",,"304","V","HO"
"X4400701090500","X4","40","2009-01-07T05:00:00.000","2009-01-07T05:18:00.000","4.1","V","HO"
"X4420701090500","X4","42","2009-01-07T05:00:00.000","2009-01-07T05:58:00.000","3.6","V","HO"
"X4440701090500","X4","44","2009-01-07T05:00:00.000","2009-01-07T05:12:00.000","77","V","HO"
"X4500701090500","X4","50","2009-01-07T05:00:00.000","2009-01-07T05:44:00.000","7.9","V","HO"
"X4360701090500","X4","36","2009-01-07T05:00:00.000",,"0","V","HO"
"X4320701090600","X4","32","2009-01-07T06:00:00.000",,"3.7","V","HO"
"X4330701090600","X4","33","2009-01-07T06:00:00.000",,"77","V","HO"
"X4340701090600","X4","34","2009-01-07T06:00:00.000",,"1006","V","HO"
"X4350701090600","X4","35","2009-01-07T06:00:00.000",,"0","V","HO"
"X4510701090600","X4","51","2009-01-07T06:00:00.000",,"313","V","HO"
"X4400701090600","X4","40","2009-01-07T06:00:00.000","2009-01-07T06:24:00.000","3.8","V","HO"
"X4420701090600","X4","42","2009-01-07T06:00:00.000","2009-01-07T06:00:00.000","3.6","V","HO"
"X4440701090600","X4","44","2009-01-07T06:00:00.000","2009-01-07T06:25:00.000","76","V","HO"
"X4500701090600","X4","50","2009-01-07T06:00:00.000","2009-01-07T06:24:00.000","6.5","V","HO"
"X4360701090600","X4","36","2009-01-07T06:00:00.000",,"0","V","HO"
"X4510701090700","X4","51","2009-01-07T07:00:00.000",,"323","V","HO"
"X4320701090700","X4","32","2009-01-07T07:00:00.000",,"4","V","HO"
"X4330701090700","X4","33","2009-01-07T07:00:00.000",,"76","V","HO"
"X4340701090700","X4","34","2009-01-07T07:00:00.000",,"1007","V","HO"
"X4350701090700","X4","35","2009-01-07T07:00:00.000",,"0","V","HO"
"X4360701090700","X4","36","2009-01-07T07:00:00.000",,"6","V","HO"
"X4400701090700","X4","40","2009-01-07T07:00:00.000","2009-01-07T07:58:00.000","4.1","V","HO"
"X4420701090700","X4","42","2009-01-07T07:00:00.000","2009-01-07T07:00:00.000","3.8","V","HO"
"X4440701090700","X4","44","2009-01-07T07:00:00.000","2009-01-07T07:58:00.000","75","V","HO"
"X4500701090700","X4","50","2009-01-07T07:00:00.000","2009-01-07T07:00:00.000","3.8","V","HO"
"X4360701090800","X4","36","2009-01-07T08:00:00.000",,"41","V","HO"
"X4400701090800","X4","40","2009-01-07T08:00:00.000","2009-01-07T08:58:00.000","4.4","V","HO"
"X4420701090800","X4","42","2009-01-07T08:00:00.000","2009-01-07T08:13:00.000","4.1","V","HO"
"X4440701090800","X4","44","2009-01-07T08:00:00.000","2009-01-07T08:58:00.000","71","V","HO"
"X4500701090800","X4","50","2009-01-07T08:00:00.000","2009-01-07T08:37:00.000","3.9","V","HO"
"X4350701090800","X4","35","2009-01-07T08:00:00.000",,"0","V","HO"
"X4510701090800","X4","51","2009-01-07T08:00:00.000",,"259","V","HO"
"X4340701090800","X4","34","2009-01-07T08:00:00.000",,"1007","V","HO"
"X4330701090800","X4","33","2009-01-07T08:00:00.000",,"73","V","HO"
"X4320701090800","X4","32","2009-01-07T08:00:00.000",,"4.2","V","HO"
"X4440701090900","X4","44","2009-01-07T09:00:00.000","2009-01-07T09:55:00.000","65","V","HO"
"X4400701090900","X4","40","2009-01-07T09:00:00.000","2009-01-07T09:58:00.000","5.1","V","HO"
"X4420701090900","X4","42","2009-01-07T09:00:00.000","2009-01-07T09:00:00.000","4.4","V","HO"
"X4360701090900","X4","36","2009-01-07T09:00:00.000",,"93","V","HO"
"X4350701090900","X4","35","2009-01-07T09:00:00.000",,"0","V","HO"
"X4340701090900","X4","34","2009-01-07T09:00:00.000",,"1008","V","HO"
"X4330701090900","X4","33","2009-01-07T09:00:00.000",,"69","V","HO"
"X4320701090900","X4","32","2009-01-07T09:00:00.000",,"4.7","V","HO"
"X4500701090900","X4","50","2009-01-07T09:00:00.000","2009-01-07T09:44:00.000","3","V","HO"
"X4510701090900","X4","51","2009-01-07T09:00:00.000",,"295","V","HO"
"X4420701091000","X4","42","2009-01-07T10:00:00.000","2009-01-07T10:00:00.000","5.1","V","HO"
"X4440701091000","X4","44","2009-01-07T10:00:00.000","2009-01-07T10:53:00.000","62","V","HO"
"X4500701091000","X4","50","2009-01-07T10:00:00.000","2009-01-07T10:41:00.000","4.1","V","HO"
"X4510701091000","X4","51","2009-01-07T10:00:00.000",,"255","V","HO"
"X4400701091000","X4","40","2009-01-07T10:00:00.000","2009-01-07T10:39:00.000","5.4","V","HO"
"X4330701091000","X4","33","2009-01-07T10:00:00.000",,"64","V","HO"
"X4340701091000","X4","34","2009-01-07T10:00:00.000",,"1008","V","HO"
"X4350701091000","X4","35","2009-01-07T10:00:00.000",,"0","V","HO"
"X4360701091000","X4","36","2009-01-07T10:00:00.000",,"113","V","HO"
"X4320701091000","X4","32","2009-01-07T10:00:00.000",,"5.3","V","HO"
"X4320701091100","X4","32","2009-01-07T11:00:00.000",,"5.4","V","HO"
"X4330701091100","X4","33","2009-01-07T11:00:00.000",,"62","V","HO"
"X4340701091100","X4","34","2009-01-07T11:00:00.000",,"1008","V","HO"
"X4350701091100","X4","35","2009-01-07T11:00:00.000",,"0","V","HO"
"X4510701091100","X4","51","2009-01-07T11:00:00.000",,"295","V","HO"
"X4400701091100","X4","40","2009-01-07T11:00:00.000","2009-01-07T11:49:00.000","5.8","V","HO"
"X4420701091100","X4","42","2009-01-07T11:00:00.000","2009-01-07T11:05:00.000","5.1","V","HO"
"X4440701091100","X4","44","2009-01-07T11:00:00.000","2009-01-07T11:50:00.000","56","V","HO"
"X4500701091100","X4","50","2009-01-07T11:00:00.000","2009-01-07T11:03:00.000","3.7","V","HO"
"X4360701091100","X4","36","2009-01-07T11:00:00.000",,"131","V","HO"
"X4320701091200","X4","32","2009-01-07T12:00:00.000",,"5.8","V","HO"
"X4330701091200","X4","33","2009-01-07T12:00:00.000",,"55","V","HO"
"X4340701091200","X4","34","2009-01-07T12:00:00.000",,"1007","V","HO"
"X4350701091200","X4","35","2009-01-07T12:00:00.000",,"0","V","HO"
"X4510701091200","X4","51","2009-01-07T12:00:00.000",,"359","V","HO"
"X4400701091200","X4","40","2009-01-07T12:00:00.000","2009-01-07T12:58:00.000","6.1","V","HO"
"X4420701091200","X4","42","2009-01-07T12:00:00.000","2009-01-07T12:11:00.000","5.6","V","HO"
"X4440701091200","X4","44","2009-01-07T12:00:00.000","2009-01-07T12:57:00.000","52","V","HO"
"X4500701091200","X4","50","2009-01-07T12:00:00.000","2009-01-07T12:46:00.000","3.6","V","HO"
"X4360701091200","X4","36","2009-01-07T12:00:00.000",,"136","V","HO"
"X4350701091300","X4","35","2009-01-07T13:00:00.000",,"0","V","HO"
"X4320701091300","X4","32","2009-01-07T13:00:00.000",,"6.5","V","HO"
"X4510701091300","X4","51","2009-01-07T13:00:00.000",,"356","V","HO"
"X4500701091300","X4","50","2009-01-07T13:00:00.000","2009-01-07T13:29:00.000","3.7","V","HO"
"X4440701091300","X4","44","2009-01-07T13:00:00.000","2009-01-07T13:58:00.000","49","V","HO"
"X4420701091300","X4","42","2009-01-07T13:00:00.000","2009-01-07T13:12:00.000","6.1","V","HO"
"X4400701091300","X4","40","2009-01-07T13:00:00.000","2009-01-07T13:58:00.000","7.8","V","HO"
"X4360701091300","X4","36","2009-01-07T13:00:00.000",,"273","V","HO"
"X4330701091300","X4","33","2009-01-07T13:00:00.000",,"54","V","HO"
"X4340701091300","X4","34","2009-01-07T13:00:00.000",,"1007","V","HO"
"X4500701091400","X4","50","2009-01-07T14:00:00.000","2009-01-07T14:42:00.000","6.2","V","HO"
"X4440701091400","X4","44","2009-01-07T14:00:00.000","2009-01-07T14:52:00.000","46","V","HO"
"X4320701091400","X4","32","2009-01-07T14:00:00.000",,"8","V","HO"
"X4420701091400","X4","42","2009-01-07T14:00:00.000","2009-01-07T14:58:00.000","7.6","V","HO"
"X4350701091400","X4","35","2009-01-07T14:00:00.000",,"0","V","HO"
"X4360701091400","X4","36","2009-01-07T14:00:00.000",,"377","V","HO"
"X4510701091400","X4","51","2009-01-07T14:00:00.000",,"302","V","HO"
"X4330701091400","X4","33","2009-01-07T14:00:00.000",,"48","V","HO"
"X4340701091400","X4","34","2009-01-07T14:00:00.000",,"1007","V","HO"
"X4400701091400","X4","40","2009-01-07T14:00:00.000","2009-01-07T14:31:00.000","8.4","V","HO"
"X4330701091500","X4","33","2009-01-07T15:00:00.000",,"50","V","HO"
"X4340701091500","X4","34","2009-01-07T15:00:00.000",,"1008","V","HO"
"X4320701091500","X4","32","2009-01-07T15:00:00.000",,"6.9","V","HO"
"X4350701091500","X4","35","2009-01-07T15:00:00.000",,"0","V","HO"
"X4510701091500","X4","51","2009-01-07T15:00:00.000",,"296","V","HO"
"X4400701091500","X4","40","2009-01-07T15:00:00.000","2009-01-07T15:00:00.000","7.5","V","HO"
"X4420701091500","X4","42","2009-01-07T15:00:00.000","2009-01-07T15:58:00.000","5.9","V","HO"
"X4440701091500","X4","44","2009-01-07T15:00:00.000","2009-01-07T15:39:00.000","48","V","HO"
"X4500701091500","X4","50","2009-01-07T15:00:00.000","2009-01-07T15:19:00.000","6.6","V","HO"
"X4360701091500","X4","36","2009-01-07T15:00:00.000",,"142","V","HO"
"X4320701091600","X4","32","2009-01-07T16:00:00.000",,"5.2","V","HO"
"X4330701091600","X4","33","2009-01-07T16:00:00.000",,"55","V","HO"
"X4340701091600","X4","34","2009-01-07T16:00:00.000",,"1008","V","HO"
"X4350701091600","X4","35","2009-01-07T16:00:00.000",,"0","V","HO"
"X4510701091600","X4","51","2009-01-07T16:00:00.000",,"270","V","HO"
"X4400701091600","X4","40","2009-01-07T16:00:00.000","2009-01-07T16:01:00.000","5.8","V","HO"
"X4420701091600","X4","42","2009-01-07T16:00:00.000","2009-01-07T16:58:00.000","4.8","V","HO"
"X4440701091600","X4","44","2009-01-07T16:00:00.000","2009-01-07T16:00:00.000","53","V","HO"
"X4500701091600","X4","50","2009-01-07T16:00:00.000","2009-01-07T16:04:00.000","5.4","V","HO"
"X4360701091600","X4","36","2009-01-07T16:00:00.000",,"18","V","HO"
"X4320701091700","X4","32","2009-01-07T17:00:00.000",,"4.7","V","HO"
"X4330701091700","X4","33","2009-01-07T17:00:00.000",,"53","V","HO"
"X4340701091700","X4","34","2009-01-07T17:00:00.000",,"1009","V","HO"
"X4440701091700","X4","44","2009-01-07T17:00:00.000","2009-01-07T17:58:00.000","51","V","HO"
"X4420701091700","X4","42","2009-01-07T17:00:00.000","2009-01-07T17:54:00.000","4.6","V","HO"
"X4510701091700","X4","51","2009-01-07T17:00:00.000",,"292","V","HO"
"X4350701091700","X4","35","2009-01-07T17:00:00.000",,"0","V","HO"
"X4360701091700","X4","36","2009-01-07T17:00:00.000",,"0","V","HO"
"X4400701091700","X4","40","2009-01-07T17:00:00.000","2009-01-07T17:00:00.000","4.8","V","HO"
"X4500701091700","X4","50","2009-01-07T17:00:00.000","2009-01-07T17:56:00.000","3.5","V","HO"
"X4510701091800","X4","51","2009-01-07T18:00:00.000",,"345","V","HO"
"X4340701091800","X4","34","2009-01-07T18:00:00.000",,"1010","V","HO"
"X4350701091800","X4","35","2009-01-07T18:00:00.000",,"0","V","HO"
"X4360701091800","X4","36","2009-01-07T18:00:00.000",,"0","V","HO"
"X4400701091800","X4","40","2009-01-07T18:00:00.000","2009-01-07T18:48:00.000","4.7","V","HO"
"X4420701091800","X4","42","2009-01-07T18:00:00.000","2009-01-07T18:57:00.000","4.6","V","HO"
"X4440701091800","X4","44","2009-01-07T18:00:00.000","2009-01-07T18:04:00.000","51","V","HO"
"X4500701091800","X4","50","2009-01-07T18:00:00.000","2009-01-07T18:33:00.000","4.1","V","HO"
"X4320701091800","X4","32","2009-01-07T18:00:00.000",,"4.7","V","HO"
"X4330701091800","X4","33","2009-01-07T18:00:00.000",,"52","V","HO"
"X4400701091900","X4","40","2009-01-07T19:00:00.000","2009-01-07T19:00:00.000","4.6","V","HO"
"X4420701091900","X4","42","2009-01-07T19:00:00.000","2009-01-07T19:56:00.000","4.2","V","HO"
"X4440701091900","X4","44","2009-01-07T19:00:00.000","2009-01-07T19:00:00.000","56","V","HO"
"X4500701091900","X4","50","2009-01-07T19:00:00.000","2009-01-07T19:11:00.000","5.3","V","HO"
"X4360701091900","X4","36","2009-01-07T19:00:00.000",,"0","V","HO"
"X4320701091900","X4","32","2009-01-07T19:00:00.000",,"4.3","V","HO"
"X4330701091900","X4","33","2009-01-07T19:00:00.000",,"58","V","HO"
"X4340701091900","X4","34","2009-01-07T19:00:00.000",,"1010","V","HO"
"X4350701091900","X4","35","2009-01-07T19:00:00.000",,"0","V","HO"
"X4510701091900","X4","51","2009-01-07T19:00:00.000",,"7","V","HO"
"X4340701092000","X4","34","2009-01-07T20:00:00.000",,"1011","V","HO"
"X4350701092000","X4","35","2009-01-07T20:00:00.000",,"0","V","HO"
"X4360701092000","X4","36","2009-01-07T20:00:00.000",,"0","V","HO"
"X4510701092000","X4","51","2009-01-07T20:00:00.000",,"349","V","HO"
"X4400701092000","X4","40","2009-01-07T20:00:00.000","2009-01-07T20:07:00.000","4.3","V","HO"
"X4420701092000","X4","42","2009-01-07T20:00:00.000","2009-01-07T20:58:00.000","3.9","V","HO"
"X4440701092000","X4","44","2009-01-07T20:00:00.000","2009-01-07T20:21:00.000","56","V","HO"
"X4500701092000","X4","50","2009-01-07T20:00:00.000","2009-01-07T20:01:00.000","4","V","HO"
"X4320701092000","X4","32","2009-01-07T20:00:00.000",,"4.1","V","HO"
"X4330701092000","X4","33","2009-01-07T20:00:00.000",,"58","V","HO"
"X4320701092100","X4","32","2009-01-07T21:00:00.000",,"3.8","V","HO"
"X4330701092100","X4","33","2009-01-07T21:00:00.000",,"58","V","HO"
"X4340701092100","X4","34","2009-01-07T21:00:00.000",,"1011","V","HO"
"X4350701092100","X4","35","2009-01-07T21:00:00.000",,"0","V","HO"
"X4510701092100","X4","51","2009-01-07T21:00:00.000",,"13","V","HO"
"X4400701092100","X4","40","2009-01-07T21:00:00.000","2009-01-07T21:57:00.000","3.9","V","HO"
"X4420701092100","X4","42","2009-01-07T21:00:00.000","2009-01-07T21:46:00.000","3.7","V","HO"
"X4440701092100","X4","44","2009-01-07T21:00:00.000","2009-01-07T21:56:00.000","56","V","HO"
"X4500701092100","X4","50","2009-01-07T21:00:00.000","2009-01-07T21:53:00.000","4.4","V","HO"
"X4360701092100","X4","36","2009-01-07T21:00:00.000",,"0","V","HO"
"X4330701092200","X4","33","2009-01-07T22:00:00.000",,"55","V","HO"
"X4340701092200","X4","34","2009-01-07T22:00:00.000",,"1012","V","HO"
"X4350701092200","X4","35","2009-01-07T22:00:00.000",,"0","V","HO"
"X4360701092200","X4","36","2009-01-07T22:00:00.000",,"0","V","HO"
"X4320701092200","X4","32","2009-01-07T22:00:00.000",,"3.8","V","HO"
"X4420701092200","X4","42","2009-01-07T22:00:00.000","2009-01-07T22:44:00.000","3.7","V","HO"
"X4440701092200","X4","44","2009-01-07T22:00:00.000","2009-01-07T22:52:00.000","54","V","HO"
"X4500701092200","X4","50","2009-01-07T22:00:00.000","2009-01-07T22:41:00.000","4.3","V","HO"
"X4510701092200","X4","51","2009-01-07T22:00:00.000",,"329","V","HO"
"X4400701092200","X4","40","2009-01-07T22:00:00.000","2009-01-07T22:01:00.000","3.9","V","HO"
"X4400701092300","X4","40","2009-01-07T23:00:00.000","2009-01-07T23:00:00.000","3.7","V","HO"
"X4360701092300","X4","36","2009-01-07T23:00:00.000",,"0","V","HO"
"X4340701092300","X4","34","2009-01-07T23:00:00.000",,"1012","V","HO"
"X4510701092300","X4","51","2009-01-07T23:00:00.000",,"336","V","HO"
"X4500701092300","X4","50","2009-01-07T23:00:00.000","2009-01-07T23:05:00.000","6.9","V","HO"
"X4010701092300","X4","1","2009-01-07T23:00:00.000","2009-01-07T23:55:00.000","1012","V","HO"
"X4420701092300","X4","42","2009-01-07T23:00:00.000","2009-01-07T23:54:00.000","3.4","V","HO"
"X4330701092300","X4","33","2009-01-07T23:00:00.000",,"53","V","HO"
"X4320701092300","X4","32","2009-01-07T23:00:00.000",,"3.6","V","HO"
"X4350701092300","X4","35","2009-01-07T23:00:00.000",,"0","V","HO"
"X4440701092300","X4","44","2009-01-07T23:00:00.000","2009-01-07T23:25:00.000","52","V","HO"
"X4510801090000","X4","51","2009-01-08T00:00:00.000",,"327","V","HO"
"X4500801090000","X4","50","2009-01-08T00:00:00.000","2009-01-08T00:15:00.000","4.6","V","HO"
"X4440801090000","X4","44","2009-01-08T00:00:00.000","2009-01-08T00:55:00.000","53","V","HO"
"X4400801090000","X4","40","2009-01-08T00:00:00.000","2009-01-08T00:00:00.000","3.5","V","HO"
"X4360801090000","X4","36","2009-01-08T00:00:00.000",,"0","V","HO"
"X4350801090000","X4","35","2009-01-08T00:00:00.000",,"0","V","HO"
"X4340801090000","X4","34","2009-01-08T00:00:00.000",,"1012","V","HO"
"X4330801090000","X4","33","2009-01-08T00:00:00.000",,"54","V","HO"
"X4320801090000","X4","32","2009-01-08T00:00:00.000",,"3.2","V","HO"
"X4420801090000","X4","42","2009-01-08T00:00:00.000","2009-01-08T00:56:00.000","2.9","V","HO"
"X4020801090000","X4","2","2009-01-08T00:00:00.000","2009-01-08T00:28:00.000","1012","V","HO"
"X4320801090100","X4","32","2009-01-08T01:00:00.000",,"2.7","V","HO"
"X4330801090100","X4","33","2009-01-08T01:00:00.000",,"54","V","HO"
"X4340801090100","X4","34","2009-01-08T01:00:00.000",,"1012","V","HO"
"X4350801090100","X4","35","2009-01-08T01:00:00.000",,"0","V","HO"
"X4510801090100","X4","51","2009-01-08T01:00:00.000",,"333","V","HO"
"X4400801090100","X4","40","2009-01-08T01:00:00.000","2009-01-08T01:05:00.000","3","V","HO"
"X4420801090100","X4","42","2009-01-08T01:00:00.000","2009-01-08T01:58:00.000","2.4","V","HO"
"X4500801090100","X4","50","2009-01-08T01:00:00.000","2009-01-08T01:05:00.000","4.5","V","HO"
"X4440801090100","X4","44","2009-01-08T01:00:00.000","2009-01-08T01:02:00.000","53","V","HO"
"X4360801090100","X4","36","2009-01-08T01:00:00.000",,"0","V","HO"
"X4320801090200","X4","32","2009-01-08T02:00:00.000",,"2.3","V","HO"
"X4330801090200","X4","33","2009-01-08T02:00:00.000",,"54","V","HO"
"X4510801090200","X4","51","2009-01-08T02:00:00.000",,"20","V","HO"
"X4500801090200","X4","50","2009-01-08T02:00:00.000","2009-01-08T02:36:00.000","3.2","V","HO"
"X4440801090200","X4","44","2009-01-08T02:00:00.000","2009-01-08T02:44:00.000","52","V","HO"
"X4420801090200","X4","42","2009-01-08T02:00:00.000","2009-01-08T02:32:00.000","2.2","V","HO"
"X4400801090200","X4","40","2009-01-08T02:00:00.000","2009-01-08T02:00:00.000","2.4","V","HO"
"X4360801090200","X4","36","2009-01-08T02:00:00.000",,"0","V","HO"
"X4350801090200","X4","35","2009-01-08T02:00:00.000",,"0","V","HO"
"X4340801090200","X4","34","2009-01-08T02:00:00.000",,"1012","V","HO"
"X4320801090300","X4","32","2009-01-08T03:00:00.000",,"2.1","V","HO"
"X4330801090300","X4","33","2009-01-08T03:00:00.000",,"54","V","HO"
"X4340801090300","X4","34","2009-01-08T03:00:00.000",,"1012","V","HO"
"X4350801090300","X4","35","2009-01-08T03:00:00.000",,"0","V","HO"
"X4510801090300","X4","51","2009-01-08T03:00:00.000",,"347","V","HO"
"X4400801090300","X4","40","2009-01-08T03:00:00.000","2009-01-08T03:00:00.000","2.3","V","HO"
"X4420801090300","X4","42","2009-01-08T03:00:00.000","2009-01-08T03:58:00.000","1.9","V","HO"
"X4500801090300","X4","50","2009-01-08T03:00:00.000","2009-01-08T03:38:00.000","4.8","V","HO"
"X4440801090300","X4","44","2009-01-08T03:00:00.000","2009-01-08T03:00:00.000","53","V","HO"
"X4360801090300","X4","36","2009-01-08T03:00:00.000",,"0","V","HO"
"X4320801090400","X4","32","2009-01-08T04:00:00.000",,"1.8","V","HO"
"X4330801090400","X4","33","2009-01-08T04:00:00.000",,"56","V","HO"
"X4340801090400","X4","34","2009-01-08T04:00:00.000",,"1012","V","HO"
"X4350801090400","X4","35","2009-01-08T04:00:00.000",,"0","V","HO"
"X4510801090400","X4","51","2009-01-08T04:00:00.000",,"335","V","HO"
"X4400801090400","X4","40","2009-01-08T04:00:00.000","2009-01-08T04:25:00.000","1.9","V","HO"
"X4420801090400","X4","42","2009-01-08T04:00:00.000","2009-01-08T04:57:00.000","1.6","V","HO"
"X4440801090400","X4","44","2009-01-08T04:00:00.000","2009-01-08T04:01:00.000","55","V","HO"
"X4500801090400","X4","50","2009-01-08T04:00:00.000","2009-01-08T04:01:00.000","4.5","V","HO"
"X4360801090400","X4","36","2009-01-08T04:00:00.000",,"0","V","HO"
"X4320801090500","X4","32","2009-01-08T05:00:00.000",,"1.6","V","HO"
"X4330801090500","X4","33","2009-01-08T05:00:00.000",,"57","V","HO"
"X4340801090500","X4","34","2009-01-08T05:00:00.000",,"1012","V","HO"
"X4350801090500","X4","35","2009-01-08T05:00:00.000",,"0","V","HO"
"X4510801090500","X4","51","2009-01-08T05:00:00.000",,"8","V","HO"
"X4400801090500","X4","40","2009-01-08T05:00:00.000","2009-01-08T05:47:00.000","1.7","V","HO"
"X4420801090500","X4","42","2009-01-08T05:00:00.000","2009-01-08T05:08:00.000","1.6","V","HO"
"X4440801090500","X4","44","2009-01-08T05:00:00.000","2009-01-08T05:39:00.000","56","V","HO"
"X4500801090500","X4","50","2009-01-08T05:00:00.000","2009-01-08T05:37:00.000","4.1","V","HO"
"X4360801090500","X4","36","2009-01-08T05:00:00.000",,"0","V","HO"
"X4500801090600","X4","50","2009-01-08T06:00:00.000","2009-01-08T06:33:00.000","4.1","V","HO"
"X4510801090600","X4","51","2009-01-08T06:00:00.000",,"19","V","HO"
"X4440801090600","X4","44","2009-01-08T06:00:00.000","2009-01-08T06:26:00.000","56","V","HO"
"X4420801090600","X4","42","2009-01-08T06:00:00.000","2009-01-08T06:00:00.000","1.5","V","HO"
"X4400801090600","X4","40","2009-01-08T06:00:00.000","2009-01-08T06:28:00.000","1.8","V","HO"
"X4360801090600","X4","36","2009-01-08T06:00:00.000",,"0","V","HO"
"X4350801090600","X4","35","2009-01-08T06:00:00.000",,"0","V","HO"
"X4340801090600","X4","34","2009-01-08T06:00:00.000",,"1013","V","HO"
"X4330801090600","X4","33","2009-01-08T06:00:00.000",,"58","V","HO"
"X4320801090600","X4","32","2009-01-08T06:00:00.000",,"1.7","V","HO"
"X4360801090700","X4","36","2009-01-08T07:00:00.000",,"10","V","HO"
"X4400801090700","X4","40","2009-01-08T07:00:00.000","2009-01-08T07:58:00.000","2.3","V","HO"
"X4420801090700","X4","42","2009-01-08T07:00:00.000","2009-01-08T07:00:00.000","1.7","V","HO"
"X4440801090700","X4","44","2009-01-08T07:00:00.000","2009-01-08T07:58:00.000","56","V","HO"
"X4350801090700","X4","35","2009-01-08T07:00:00.000",,"0","V","HO"
"X4510801090700","X4","51","2009-01-08T07:00:00.000",,"337","V","HO"
"X4320801090700","X4","32","2009-01-08T07:00:00.000",,"1.9","V","HO"
"X4330801090700","X4","33","2009-01-08T07:00:00.000",,"58","V","HO"
"X4340801090700","X4","34","2009-01-08T07:00:00.000",,"1013","V","HO"
"X4500801090700","X4","50","2009-01-08T07:00:00.000","2009-01-08T07:23:00.000","5.1","V","HO"
"X4340801090800","X4","34","2009-01-08T08:00:00.000",,"1014","V","HO"
"X4330801090800","X4","33","2009-01-08T08:00:00.000",,"55","V","HO"
"X4320801090800","X4","32","2009-01-08T08:00:00.000",,"2.6","V","HO"
"X4350801090800","X4","35","2009-01-08T08:00:00.000",,"0","V","HO"
"X4510801090800","X4","51","2009-01-08T08:00:00.000",,"13","V","HO"
"X4400801090800","X4","40","2009-01-08T08:00:00.000","2009-01-08T08:58:00.000","3","V","HO"
"X4420801090800","X4","42","2009-01-08T08:00:00.000","2009-01-08T08:00:00.000","2.3","V","HO"
"X4440801090800","X4","44","2009-01-08T08:00:00.000","2009-01-08T08:52:00.000","54","V","HO"
"X4500801090800","X4","50","2009-01-08T08:00:00.000","2009-01-08T08:08:00.000","4.7","V","HO"
"X4360801090800","X4","36","2009-01-08T08:00:00.000",,"70","V","HO"
"X4320801090900","X4","32","2009-01-08T09:00:00.000",,"3.3","V","HO"
"X4330801090900","X4","33","2009-01-08T09:00:00.000",,"54","V","HO"
"X4340801090900","X4","34","2009-01-08T09:00:00.000",,"1015","V","HO"
"X4350801090900","X4","35","2009-01-08T09:00:00.000",,"0","V","HO"
"X4510801090900","X4","51","2009-01-08T09:00:00.000",,"14","V","HO"
"X4400801090900","X4","40","2009-01-08T09:00:00.000","2009-01-08T09:33:00.000","3.5","V","HO"
"X4420801090900","X4","42","2009-01-08T09:00:00.000","2009-01-08T09:00:00.000","3","V","HO"
"X4440801090900","X4","44","2009-01-08T09:00:00.000","2009-01-08T09:27:00.000","53","V","HO"
"X4500801090900","X4","50","2009-01-08T09:00:00.000","2009-01-08T09:41:00.000","5.8","V","HO"
"X4360801090900","X4","36","2009-01-08T09:00:00.000",,"127","V","HO"
"X4320801091000","X4","32","2009-01-08T10:00:00.000",,"3.9","V","HO"
"X4440801091000","X4","44","2009-01-08T10:00:00.000","2009-01-08T10:27:00.000","53","V","HO"
"X4500801091000","X4","50","2009-01-08T10:00:00.000","2009-01-08T10:35:00.000","4.8","V","HO"
"X4420801091000","X4","42","2009-01-08T10:00:00.000","2009-01-08T10:02:00.000","3.2","V","HO"
"X4400801091000","X4","40","2009-01-08T10:00:00.000","2009-01-08T10:27:00.000","4.2","V","HO"
"X4350801091000","X4","35","2009-01-08T10:00:00.000",,"0","V","HO"
"X4340801091000","X4","34","2009-01-08T10:00:00.000",,"1015","V","HO"
"X4330801091000","X4","33","2009-01-08T10:00:00.000",,"55","V","HO"
"X4510801091000","X4","51","2009-01-08T10:00:00.000",,"22","V","HO"
"X4360801091000","X4","36","2009-01-08T10:00:00.000",,"182","V","HO"
"X4320801091100","X4","32","2009-01-08T11:00:00.000",,"4.3","V","HO"
"X4330801091100","X4","33","2009-01-08T11:00:00.000",,"57","V","HO"
"X4340801091100","X4","34","2009-01-08T11:00:00.000",,"1015","V","HO"
"X4350801091100","X4","35","2009-01-08T11:00:00.000",,"0","V","HO"
"X4360801091100","X4","36","2009-01-08T11:00:00.000",,"149","V","HO"
"X4400801091100","X4","40","2009-01-08T11:00:00.000","2009-01-08T11:47:00.000","4.5","V","HO"
"X4420801091100","X4","42","2009-01-08T11:00:00.000","2009-01-08T11:00:00.000","4","V","HO"
"X4440801091100","X4","44","2009-01-08T11:00:00.000","2009-01-08T11:10:00.000","55","V","HO"
"X4500801091100","X4","50","2009-01-08T11:00:00.000","2009-01-08T11:16:00.000","4.1","V","HO"
"X4510801091100","X4","51","2009-01-08T11:00:00.000",,"16","V","HO"
"X4510801091200","X4","51","2009-01-08T12:00:00.000",,"67","V","HO"
"X4360801091200","X4","36","2009-01-08T12:00:00.000",,"276","V","HO"
"X4350801091200","X4","35","2009-01-08T12:00:00.000",,"0","V","HO"
"X4340801091200","X4","34","2009-01-08T12:00:00.000",,"1015","V","HO"
"X4400801091200","X4","40","2009-01-08T12:00:00.000","2009-01-08T12:58:00.000","5.8","V","HO"
"X4320801091200","X4","32","2009-01-08T12:00:00.000",,"5.3","V","HO"
"X4420801091200","X4","42","2009-01-08T12:00:00.000","2009-01-08T12:00:00.000","4.6","V","HO"
"X4440801091200","X4","44","2009-01-08T12:00:00.000","2009-01-08T12:02:00.000","60","V","HO"
"X4500801091200","X4","50","2009-01-08T12:00:00.000","2009-01-08T12:11:00.000","3.6","V","HO"
"X4330801091200","X4","33","2009-01-08T12:00:00.000",,"62","V","HO"
"X4510801091300","X4","51","2009-01-08T13:00:00.000",,"3","V","HO"
"X4320801091300","X4","32","2009-01-08T13:00:00.000",,"6.6","V","HO"
"X4330801091300","X4","33","2009-01-08T13:00:00.000",,"61","V","HO"
"X4340801091300","X4","34","2009-01-08T13:00:00.000",,"1014","V","HO"
"X4350801091300","X4","35","2009-01-08T13:00:00.000",,"0","V","HO"
"X4360801091300","X4","36","2009-01-08T13:00:00.000",,"288","V","HO"
"X4400801091300","X4","40","2009-01-08T13:00:00.000","2009-01-08T13:37:00.000","7.1","V","HO"
"X4420801091300","X4","42","2009-01-08T13:00:00.000","2009-01-08T13:00:00.000","5.9","V","HO"
"X4440801091300","X4","44","2009-01-08T13:00:00.000","2009-01-08T13:51:00.000","59","V","HO"
"X4500801091300","X4","50","2009-01-08T13:00:00.000","2009-01-08T13:35:00.000","3.8","V","HO"
"X4500801091400","X4","50","2009-01-08T14:00:00.000","2009-01-08T14:56:00.000","5","V","HO"
"X4510801091400","X4","51","2009-01-08T14:00:00.000",,"359","V","HO"
"X4320801091400","X4","32","2009-01-08T14:00:00.000",,"6.7","V","HO"
"X4330801091400","X4","33","2009-01-08T14:00:00.000",,"59","V","HO"
"X4340801091400","X4","34","2009-01-08T14:00:00.000",,"1014","V","HO"
"X4350801091400","X4","35","2009-01-08T14:00:00.000",,"0","V","HO"
"X4360801091400","X4","36","2009-01-08T14:00:00.000",,"148","V","HO"
"X4400801091400","X4","40","2009-01-08T14:00:00.000","2009-01-08T14:06:00.000","6.9","V","HO"
"X4420801091400","X4","42","2009-01-08T14:00:00.000","2009-01-08T14:58:00.000","6.5","V","HO"
"X4440801091400","X4","44","2009-01-08T14:00:00.000","2009-01-08T14:09:00.000","58","V","HO"
"X4350801091500","X4","35","2009-01-08T15:00:00.000",,"0","V","HO"
"X4360801091500","X4","36","2009-01-08T15:00:00.000",,"72","V","HO"
"X4400801091500","X4","40","2009-01-08T15:00:00.000","2009-01-08T15:43:00.000","6.7","V","HO"
"X4420801091500","X4","42","2009-01-08T15:00:00.000","2009-01-08T15:58:00.000","6.4","V","HO"
"X4440801091500","X4","44","2009-01-08T15:00:00.000","2009-01-08T15:47:00.000","55","V","HO"
"X4340801091500","X4","34","2009-01-08T15:00:00.000",,"1015","V","HO"
"X4510801091500","X4","51","2009-01-08T15:00:00.000",,"7","V","HO"
"X4500801091500","X4","50","2009-01-08T15:00:00.000","2009-01-08T15:31:00.000","4.1","V","HO"
"X4330801091500","X4","33","2009-01-08T15:00:00.000",,"58","V","HO"
"X4320801091500","X4","32","2009-01-08T15:00:00.000",,"6.5","V","HO"
"X4320801091600","X4","32","2009-01-08T16:00:00.000",,"5.9","V","HO"
"X4330801091600","X4","33","2009-01-08T16:00:00.000",,"58","V","HO"
"X4340801091600","X4","34","2009-01-08T16:00:00.000",,"1015","V","HO"
"X4350801091600","X4","35","2009-01-08T16:00:00.000",,"0","V","HO"
"X4510801091600","X4","51","2009-01-08T16:00:00.000",,"13","V","HO"
"X4400801091600","X4","40","2009-01-08T16:00:00.000","2009-01-08T16:00:00.000","6.3","V","HO"
"X4420801091600","X4","42","2009-01-08T16:00:00.000","2009-01-08T16:44:00.000","5.8","V","HO"
"X4440801091600","X4","44","2009-01-08T16:00:00.000","2009-01-08T16:00:00.000","56","V","HO"
"X4500801091600","X4","50","2009-01-08T16:00:00.000","2009-01-08T16:05:00.000","4.5","V","HO"
"X4360801091600","X4","36","2009-01-08T16:00:00.000",,"7","V","HO"
"X4510801091700","X4","51","2009-01-08T17:00:00.000",,"13","V","HO"
"X4500801091700","X4","50","2009-01-08T17:00:00.000","2009-01-08T17:48:00.000","4.5","V","HO"
"X4440801091700","X4","44","2009-01-08T17:00:00.000","2009-01-08T17:08:00.000","56","V","HO"
"X4420801091700","X4","42","2009-01-08T17:00:00.000","2009-01-08T17:12:00.000","5.7","V","HO"
"X4320801091700","X4","32","2009-01-08T17:00:00.000",,"5.8","V","HO"
"X4360801091700","X4","36","2009-01-08T17:00:00.000",,"0","V","HO"
"X4350801091700","X4","35","2009-01-08T17:00:00.000",,"0","V","HO"
"X4340801091700","X4","34","2009-01-08T17:00:00.000",,"1015","V","HO"
"X4330801091700","X4","33","2009-01-08T17:00:00.000",,"57","V","HO"
"X4400801091700","X4","40","2009-01-08T17:00:00.000","2009-01-08T17:45:00.000","5.9","V","HO"
"X4350801091800","X4","35","2009-01-08T18:00:00.000",,"0","V","HO"
"X4360801091800","X4","36","2009-01-08T18:00:00.000",,"0","V","HO"
"X4400801091800","X4","40","2009-01-08T18:00:00.000","2009-01-08T18:18:00.000","6","V","HO"
"X4420801091800","X4","42","2009-01-08T18:00:00.000","2009-01-08T18:58:00.000","5.7","V","HO"
"X4340801091800","X4","34","2009-01-08T18:00:00.000",,"1016","V","HO"
"X4500801091800","X4","50","2009-01-08T18:00:00.000","2009-01-08T18:55:00.000","4.4","V","HO"
"X4510801091800","X4","51","2009-01-08T18:00:00.000",,"15","V","HO"
"X4320801091800","X4","32","2009-01-08T18:00:00.000",,"5.9","V","HO"
"X4330801091800","X4","33","2009-01-08T18:00:00.000",,"59","V","HO"
"X4440801091800","X4","44","2009-01-08T18:00:00.000","2009-01-08T18:00:00.000","58","V","HO"
"X4320801091900","X4","32","2009-01-08T19:00:00.000",,"5.7","V","HO"
"X4330801091900","X4","33","2009-01-08T19:00:00.000",,"59","V","HO"
"X4340801091900","X4","34","2009-01-08T19:00:00.000",,"1016","V","HO"
"X4350801091900","X4","35","2009-01-08T19:00:00.000",,"0","V","HO"
"X4510801091900","X4","51","2009-01-08T19:00:00.000",,"3","V","HO"
"X4400801091900","X4","40","2009-01-08T19:00:00.000","2009-01-08T19:01:00.000","5.7","V","HO"
"X4420801091900","X4","42","2009-01-08T19:00:00.000","2009-01-08T19:21:00.000","5.7","V","HO"
"X4440801091900","X4","44","2009-01-08T19:00:00.000","2009-01-08T19:47:00.000","58","V","HO"
"X4500801091900","X4","50","2009-01-08T19:00:00.000","2009-01-08T19:10:00.000","3.9","V","HO"
"X4360801091900","X4","36","2009-01-08T19:00:00.000",,"0","V","HO"
"X4400801092000","X4","40","2009-01-08T20:00:00.000","2009-01-08T20:39:00.000","5.9","V","HO"
"X4420801092000","X4","42","2009-01-08T20:00:00.000","2009-01-08T20:06:00.000","5.7","V","HO"
"X4440801092000","X4","44","2009-01-08T20:00:00.000","2009-01-08T20:04:00.000","59","V","HO"
"X4500801092000","X4","50","2009-01-08T20:00:00.000","2009-01-08T20:53:00.000","4","V","HO"
"X4360801092000","X4","36","2009-01-08T20:00:00.000",,"0","V","HO"
"X4320801092000","X4","32","2009-01-08T20:00:00.000",,"5.8","V","HO"
"X4330801092000","X4","33","2009-01-08T20:00:00.000",,"59","V","HO"
"X4340801092000","X4","34","2009-01-08T20:00:00.000",,"1017","V","HO"
"X4350801092000","X4","35","2009-01-08T20:00:00.000",,"0","V","HO"
"X4510801092000","X4","51","2009-01-08T20:00:00.000",,"67","V","HO"
"X4440801092100","X4","44","2009-01-08T21:00:00.000","2009-01-08T21:11:00.000","59","V","HO"
"X4500801092100","X4","50","2009-01-08T21:00:00.000","2009-01-08T21:04:00.000","4.5","V","HO"
"X4510801092100","X4","51","2009-01-08T21:00:00.000",,"31","V","HO"
"X4320801092100","X4","32","2009-01-08T21:00:00.000",,"5.7","V","HO"
"X4330801092100","X4","33","2009-01-08T21:00:00.000",,"61","V","HO"
"X4010801092100","X4","1","2009-01-08T21:00:00.000","2009-01-08T21:03:00.000","1017","V","HO"
"X4350801092100","X4","35","2009-01-08T21:00:00.000",,"0","V","HO"
"X4360801092100","X4","36","2009-01-08T21:00:00.000",,"0","V","HO"
"X4400801092100","X4","40","2009-01-08T21:00:00.000","2009-01-08T21:01:00.000","5.8","V","HO"
"X4420801092100","X4","42","2009-01-08T21:00:00.000","2009-01-08T21:58:00.000","5.5","V","HO"
"X4340801092100","X4","34","2009-01-08T21:00:00.000",,"1017","V","HO"
"X4440801092200","X4","44","2009-01-08T22:00:00.000","2009-01-08T22:30:00.000","60","V","HO"
"X4500801092200","X4","50","2009-01-08T22:00:00.000","2009-01-08T22:35:00.000","5.3","V","HO"
"X4510801092200","X4","51","2009-01-08T22:00:00.000",,"358","V","HO"
"X4320801092200","X4","32","2009-01-08T22:00:00.000",,"5","V","HO"
"X4420801092200","X4","42","2009-01-08T22:00:00.000","2009-01-08T22:46:00.000","4.8","V","HO"
"X4340801092200","X4","34","2009-01-08T22:00:00.000",,"1017","V","HO"
"X4350801092200","X4","35","2009-01-08T22:00:00.000",,"0","V","HO"
"X4360801092200","X4","36","2009-01-08T22:00:00.000",,"0","V","HO"
"X4400801092200","X4","40","2009-01-08T22:00:00.000","2009-01-08T22:00:00.000","5.5","V","HO"
"X4330801092200","X4","33","2009-01-08T22:00:00.000",,"61","V","HO"
"X4500801092300","X4","50","2009-01-08T23:00:00.000","2009-01-08T23:04:00.000","7.5","V","HO"
"X4440801092300","X4","44","2009-01-08T23:00:00.000","2009-01-08T23:07:00.000","61","V","HO"
"X4420801092300","X4","42","2009-01-08T23:00:00.000","2009-01-08T23:53:00.000","4.3","V","HO"
"X4400801092300","X4","40","2009-01-08T23:00:00.000","2009-01-08T23:20:00.000","5","V","HO"
"X4510801092300","X4","51","2009-01-08T23:00:00.000",,"0","V","HO"
"X4350801092300","X4","35","2009-01-08T23:00:00.000",,"0","V","HO"
"X4340801092300","X4","34","2009-01-08T23:00:00.000",,"1016","V","HO"
"X4330801092300","X4","33","2009-01-08T23:00:00.000",,"63","V","HO"
"X4320801092300","X4","32","2009-01-08T23:00:00.000",,"4.8","V","HO"
"X4360801092300","X4","36","2009-01-08T23:00:00.000",,"0","V","HO"
"X4320901090000","X4","32","2009-01-09T00:00:00.000",,"5.2","V","HO"
"X4330901090000","X4","33","2009-01-09T00:00:00.000",,"60","V","HO"
"X4340901090000","X4","34","2009-01-09T00:00:00.000",,"1015","V","HO"
"X4350901090000","X4","35","2009-01-09T00:00:00.000",,"0","V","HO"
"X4510901090000","X4","51","2009-01-09T00:00:00.000",,"8","V","HO"
"X4400901090000","X4","40","2009-01-09T00:00:00.000","2009-01-09T00:50:00.000","5.5","V","HO"
"X4420901090000","X4","42","2009-01-09T00:00:00.000","2009-01-09T00:00:00.000","4.4","V","HO"
"X4440901090000","X4","44","2009-01-09T00:00:00.000","2009-01-09T00:29:00.000","58","V","HO"
"X4500901090000","X4","50","2009-01-09T00:00:00.000","2009-01-09T00:14:00.000","6.1","V","HO"
"X4360901090000","X4","36","2009-01-09T00:00:00.000",,"0","V","HO"
"X4320901090100","X4","32","2009-01-09T01:00:00.000",,"5.8","V","HO"
"X4330901090100","X4","33","2009-01-09T01:00:00.000",,"60","V","HO"
"X4340901090100","X4","34","2009-01-09T01:00:00.000",,"1015","V","HO"
"X4350901090100","X4","35","2009-01-09T01:00:00.000",,"0","V","HO"
"X4510901090100","X4","51","2009-01-09T01:00:00.000",,"15","V","HO"
"X4400901090100","X4","40","2009-01-09T01:00:00.000","2009-01-09T01:58:00.000","6.1","V","HO"
"X4420901090100","X4","42","2009-01-09T01:00:00.000","2009-01-09T01:00:00.000","5.5","V","HO"
"X4440901090100","X4","44","2009-01-09T01:00:00.000","2009-01-09T01:52:00.000","58","V","HO"
"X4500901090100","X4","50","2009-01-09T01:00:00.000","2009-01-09T01:40:00.000","7.2","V","HO"
"X4360901090100","X4","36","2009-01-09T01:00:00.000",,"0","V","HO"
"X4320901090200","X4","32","2009-01-09T02:00:00.000",,"6.4","V","HO"
"X4330901090200","X4","33","2009-01-09T02:00:00.000",,"58","V","HO"
"X4340901090200","X4","34","2009-01-09T02:00:00.000",,"1015","V","HO"
"X4350901090200","X4","35","2009-01-09T02:00:00.000",,"0","V","HO"
"X4510901090200","X4","51","2009-01-09T02:00:00.000",,"19","V","HO"
"X4400901090200","X4","40","2009-01-09T02:00:00.000","2009-01-09T02:58:00.000","6.7","V","HO"
"X4420901090200","X4","42","2009-01-09T02:00:00.000","2009-01-09T02:00:00.000","6.1","V","HO"
"X4440901090200","X4","44","2009-01-09T02:00:00.000","2009-01-09T02:29:00.000","57","V","HO"
"X4500901090200","X4","50","2009-01-09T02:00:00.000","2009-01-09T02:00:00.000","5.6","V","HO"
"X4360901090200","X4","36","2009-01-09T02:00:00.000",,"0","V","HO"
"X4320901090300","X4","32","2009-01-09T03:00:00.000",,"6.9","V","HO"
"X4330901090300","X4","33","2009-01-09T03:00:00.000",,"60","V","HO"
"X4340901090300","X4","34","2009-01-09T03:00:00.000",,"1015","V","HO"
"X4350901090300","X4","35","2009-01-09T03:00:00.000",,"0","V","HO"
"X4510901090300","X4","51","2009-01-09T03:00:00.000",,"16","V","HO"
"X4400901090300","X4","40","2009-01-09T03:00:00.000","2009-01-09T03:58:00.000","7","V","HO"
"X4420901090300","X4","42","2009-01-09T03:00:00.000","2009-01-09T03:00:00.000","6.7","V","HO"
"X4440901090300","X4","44","2009-01-09T03:00:00.000","2009-01-09T03:00:00.000","59","V","HO"
"X4500901090300","X4","50","2009-01-09T03:00:00.000","2009-01-09T03:11:00.000","4.9","V","HO"
"X4360901090300","X4","36","2009-01-09T03:00:00.000",,"0","V","HO"
"X4320901090400","X4","32","2009-01-09T04:00:00.000",,"7.2","V","HO"
"X4330901090400","X4","33","2009-01-09T04:00:00.000",,"63","V","HO"
"X4340901090400","X4","34","2009-01-09T04:00:00.000",,"1014","V","HO"
"X4350901090400","X4","35","2009-01-09T04:00:00.000",,"0","V","HO"
"X4360901090400","X4","36","2009-01-09T04:00:00.000",,"0","V","HO"
"X4400901090400","X4","40","2009-01-09T04:00:00.000","2009-01-09T04:54:00.000","7.4","V","HO"
"X4420901090400","X4","42","2009-01-09T04:00:00.000","2009-01-09T04:00:00.000","7","V","HO"
"X4440901090400","X4","44","2009-01-09T04:00:00.000","2009-01-09T04:00:00.000","62","V","HO"
"X4500901090400","X4","50","2009-01-09T04:00:00.000","2009-01-09T04:19:00.000","4.2","V","HO"
"X4510901090400","X4","51","2009-01-09T04:00:00.000",,"71","V","HO"
"X4320901090500","X4","32","2009-01-09T05:00:00.000",,"7.5","V","HO"
"X4330901090500","X4","33","2009-01-09T05:00:00.000",,"66","V","HO"
"X4340901090500","X4","34","2009-01-09T05:00:00.000",,"1014","V","HO"
"X4350901090500","X4","35","2009-01-09T05:00:00.000",,"0","V","HO"
"X4360901090500","X4","36","2009-01-09T05:00:00.000",,"0","V","HO"
"X4400901090500","X4","40","2009-01-09T05:00:00.000","2009-01-09T05:48:00.000","7.8","V","HO"
"X4420901090500","X4","42","2009-01-09T05:00:00.000","2009-01-09T05:02:00.000","7.3","V","HO"
"X4440901090500","X4","44","2009-01-09T05:00:00.000","2009-01-09T05:47:00.000","65","V","HO"
"X4500901090500","X4","50","2009-01-09T05:00:00.000","2009-01-09T05:18:00.000","5.5","V","HO"
"X4510901090500","X4","51","2009-01-09T05:00:00.000",,"359","V","HO"
"X4330901090600","X4","33","2009-01-09T06:00:00.000",,"66","V","HO"
"X4340901090600","X4","34","2009-01-09T06:00:00.000",,"1014","V","HO"
"X4350901090600","X4","35","2009-01-09T06:00:00.000",,"0","V","HO"
"X4360901090600","X4","36","2009-01-09T06:00:00.000",,"0","V","HO"
"X4400901090600","X4","40","2009-01-09T06:00:00.000","2009-01-09T06:57:00.000","7.9","V","HO"
"X4420901090600","X4","42","2009-01-09T06:00:00.000","2009-01-09T06:11:00.000","7.7","V","HO"
"X4440901090600","X4","44","2009-01-09T06:00:00.000","2009-01-09T06:56:00.000","66","V","HO"
"X4500901090600","X4","50","2009-01-09T06:00:00.000","2009-01-09T06:54:00.000","5.2","V","HO"
"X4510901090600","X4","51","2009-01-09T06:00:00.000",,"47","V","HO"
"X4320901090600","X4","32","2009-01-09T06:00:00.000",,"7.8","V","HO"
"X4320901090700","X4","32","2009-01-09T07:00:00.000",,"8","V","HO"
"X4340901090700","X4","34","2009-01-09T07:00:00.000",,"1014","V","HO"
"X4420901090700","X4","42","2009-01-09T07:00:00.000","2009-01-09T07:13:00.000","7.9","V","HO"
"X4440901090700","X4","44","2009-01-09T07:00:00.000","2009-01-09T07:00:00.000","65","V","HO"
"X4330901090700","X4","33","2009-01-09T07:00:00.000",,"66","V","HO"
"X4510901090700","X4","51","2009-01-09T07:00:00.000",,"24","V","HO"
"X4400901090700","X4","40","2009-01-09T07:00:00.000","2009-01-09T07:57:00.000","8.1","V","HO"
"X4360901090700","X4","36","2009-01-09T07:00:00.000",,"8","V","HO"
"X4350901090700","X4","35","2009-01-09T07:00:00.000",,"0","V","HO"
"X4500901090700","X4","50","2009-01-09T07:00:00.000","2009-01-09T07:33:00.000","6.1","V","HO"
"X4320901090800","X4","32","2009-01-09T08:00:00.000",,"8.5","V","HO"
"X4330901090800","X4","33","2009-01-09T08:00:00.000",,"66","V","HO"
"X4340901090800","X4","34","2009-01-09T08:00:00.000",,"1014","V","HO"
"X4350901090800","X4","35","2009-01-09T08:00:00.000",,"0","V","HO"
"X4510901090800","X4","51","2009-01-09T08:00:00.000",,"48","V","HO"
"X4400901090800","X4","40","2009-01-09T08:00:00.000","2009-01-09T08:58:00.000","9","V","HO"
"X4420901090800","X4","42","2009-01-09T08:00:00.000","2009-01-09T08:00:00.000","8.1","V","HO"
"X4440901090800","X4","44","2009-01-09T08:00:00.000","2009-01-09T08:56:00.000","65","V","HO"
"X4500901090800","X4","50","2009-01-09T08:00:00.000","2009-01-09T08:17:00.000","5.7","V","HO"
"X4360901090800","X4","36","2009-01-09T08:00:00.000",,"73","V","HO"
"X4340901090900","X4","34","2009-01-09T09:00:00.000",,"1014","V","HO"
"X4350901090900","X4","35","2009-01-09T09:00:00.000",,"0","V","HO"
"X4360901090900","X4","36","2009-01-09T09:00:00.000",,"68","V","HO"
"X4400901090900","X4","40","2009-01-09T09:00:00.000","2009-01-09T09:58:00.000","9.7","V","HO"
"X4420901090900","X4","42","2009-01-09T09:00:00.000","2009-01-09T09:00:00.000","9","V","HO"
"X4440901090900","X4","44","2009-01-09T09:00:00.000","2009-01-09T09:57:00.000","62","V","HO"
"X4500901090900","X4","50","2009-01-09T09:00:00.000","2009-01-09T09:48:00.000","5.9","V","HO"
"X4510901090900","X4","51","2009-01-09T09:00:00.000",,"50","V","HO"
"X4320901090900","X4","32","2009-01-09T09:00:00.000",,"9.3","V","HO"
"X4330901090900","X4","33","2009-01-09T09:00:00.000",,"64","V","HO"
"X4320901091000","X4","32","2009-01-09T10:00:00.000",,"9.7","V","HO"
"X4330901091000","X4","33","2009-01-09T10:00:00.000",,"65","V","HO"
"X4340901091000","X4","34","2009-01-09T10:00:00.000",,"1015","V","HO"
"X4350901091000","X4","35","2009-01-09T10:00:00.000",,"0","V","HO"
"X4510901091000","X4","51","2009-01-09T10:00:00.000",,"100","V","HO"
"X4400901091000","X4","40","2009-01-09T10:00:00.000","2009-01-09T10:57:00.000","9.9","V","HO"
"X4420901091000","X4","42","2009-01-09T10:00:00.000","2009-01-09T10:28:00.000","9.6","V","HO"
"X4440901091000","X4","44","2009-01-09T10:00:00.000","2009-01-09T10:02:00.000","61","V","HO"
"X4500901091000","X4","50","2009-01-09T10:00:00.000","2009-01-09T10:33:00.000","7.4","V","HO"
"X4360901091000","X4","36","2009-01-09T10:00:00.000",,"77","V","HO"
"X4320901091100","X4","32","2009-01-09T11:00:00.000",,"10.3","V","HO"
"X4330901091100","X4","33","2009-01-09T11:00:00.000",,"67","V","HO"
"X4340901091100","X4","34","2009-01-09T11:00:00.000",,"1014","V","HO"
"X4350901091100","X4","35","2009-01-09T11:00:00.000",,"0","V","HO"
"X4510901091100","X4","51","2009-01-09T11:00:00.000",,"41","V","HO"
"X4400901091100","X4","40","2009-01-09T11:00:00.000","2009-01-09T11:57:00.000","10.7","V","HO"
"X4420901091100","X4","42","2009-01-09T11:00:00.000","2009-01-09T11:04:00.000","9.9","V","HO"
"X4440901091100","X4","44","2009-01-09T11:00:00.000","2009-01-09T11:48:00.000","66","V","HO"
"X4500901091100","X4","50","2009-01-09T11:00:00.000","2009-01-09T11:06:00.000","6.5","V","HO"
"X4360901091100","X4","36","2009-01-09T11:00:00.000",,"216","V","HO"
"X4320901091200","X4","32","2009-01-09T12:00:00.000",,"11.2","V","HO"
"X4330901091200","X4","33","2009-01-09T12:00:00.000",,"63","V","HO"
"X4340901091200","X4","34","2009-01-09T12:00:00.000",,"1013","V","HO"
"X4350901091200","X4","35","2009-01-09T12:00:00.000",,"0","V","HO"
"X4510901091200","X4","51","2009-01-09T12:00:00.000",,"59","V","HO"
"X4400901091200","X4","40","2009-01-09T12:00:00.000","2009-01-09T12:26:00.000","11.5","V","HO"
"X4420901091200","X4","42","2009-01-09T12:00:00.000","2009-01-09T12:00:00.000","10.7","V","HO"
"X4440901091200","X4","44","2009-01-09T12:00:00.000","2009-01-09T12:27:00.000","62","V","HO"
"X4500901091200","X4","50","2009-01-09T12:00:00.000","2009-01-09T12:07:00.000","7.5","V","HO"
"X4360901091200","X4","36","2009-01-09T12:00:00.000",,"339","V","HO"
"X4320901091300","X4","32","2009-01-09T13:00:00.000",,"10.9","V","HO"
"X4330901091300","X4","33","2009-01-09T13:00:00.000",,"64","V","HO"
"X4340901091300","X4","34","2009-01-09T13:00:00.000",,"1013","V","HO"
"X4350901091300","X4","35","2009-01-09T13:00:00.000",,"0","V","HO"
"X4360901091300","X4","36","2009-01-09T13:00:00.000",,"124","V","HO"
"X4400901091300","X4","40","2009-01-09T13:00:00.000","2009-01-09T13:00:00.000","11.1","V","HO"
"X4420901091300","X4","42","2009-01-09T13:00:00.000","2009-01-09T13:58:00.000","10.7","V","HO"
"X4440901091300","X4","44","2009-01-09T13:00:00.000","2009-01-09T13:00:00.000","62","V","HO"
"X4500901091300","X4","50","2009-01-09T13:00:00.000","2009-01-09T13:09:00.000","6.8","V","HO"
"X4510901091300","X4","51","2009-01-09T13:00:00.000",,"70","V","HO"
"X4320901091400","X4","32","2009-01-09T14:00:00.000",,"10.3","V","HO"
"X4330901091400","X4","33","2009-01-09T14:00:00.000",,"71","V","HO"
"X4340901091400","X4","34","2009-01-09T14:00:00.000",,"1013","V","HO"
"X4350901091400","X4","35","2009-01-09T14:00:00.000",,"3.7","V","HO"
"X4360901091400","X4","36","2009-01-09T14:00:00.000",,"101","V","HO"
"X4400901091400","X4","40","2009-01-09T14:00:00.000","2009-01-09T14:05:00.000","10.6","V","HO"
"X4420901091400","X4","42","2009-01-09T14:00:00.000","2009-01-09T14:48:00.000","10","V","HO"
"X4440901091400","X4","44","2009-01-09T14:00:00.000","2009-01-09T14:02:00.000","66","V","HO"
"X4500901091400","X4","50","2009-01-09T14:00:00.000","2009-01-09T14:07:00.000","3.8","V","HO"
"X4510901091400","X4","51","2009-01-09T14:00:00.000",,"18","V","HO"
"X4360901091500","X4","36","2009-01-09T15:00:00.000",,"146","V","HO"
"X4400901091500","X4","40","2009-01-09T15:00:00.000","2009-01-09T15:23:00.000","10.7","V","HO"
"X4420901091500","X4","42","2009-01-09T15:00:00.000","2009-01-09T15:00:00.000","10.2","V","HO"
"X4440901091500","X4","44","2009-01-09T15:00:00.000","2009-01-09T15:37:00.000","71","V","HO"
"X4500901091500","X4","50","2009-01-09T15:00:00.000","2009-01-09T15:07:00.000","3.6","V","HO"
"X4510901091500","X4","51","2009-01-09T15:00:00.000",,"57","V","HO"
"X4320901091500","X4","32","2009-01-09T15:00:00.000",,"10.5","V","HO"
"X4330901091500","X4","33","2009-01-09T15:00:00.000",,"72","V","HO"
"X4340901091500","X4","34","2009-01-09T15:00:00.000",,"1013","V","HO"
"X4350901091500","X4","35","2009-01-09T15:00:00.000",,"0","V","HO"
"X4320901091600","X4","32","2009-01-09T16:00:00.000",,"9.9","V","HO"
"X4330901091600","X4","33","2009-01-09T16:00:00.000",,"72","V","HO"
"X4340901091600","X4","34","2009-01-09T16:00:00.000",,"1013","V","HO"
"X4350901091600","X4","35","2009-01-09T16:00:00.000",,"0","V","HO"
"X4510901091600","X4","51","2009-01-09T16:00:00.000",,"4","V","HO"
"X4400901091600","X4","40","2009-01-09T16:00:00.000","2009-01-09T16:00:00.000","10.3","V","HO"
"X4420901091600","X4","42","2009-01-09T16:00:00.000","2009-01-09T16:52:00.000","9.5","V","HO"
"X4440901091600","X4","44","2009-01-09T16:00:00.000","2009-01-09T16:12:00.000","70","V","HO"
"X4500901091600","X4","50","2009-01-09T16:00:00.000","2009-01-09T16:21:00.000","3.7","V","HO"
"X4360901091600","X4","36","2009-01-09T16:00:00.000",,"11","V","HO"
"X4320901091700","X4","32","2009-01-09T17:00:00.000",,"9.4","V","HO"
"X4330901091700","X4","33","2009-01-09T17:00:00.000",,"72","V","HO"
"X4340901091700","X4","34","2009-01-09T17:00:00.000",,"1013","V","HO"
"X4350901091700","X4","35","2009-01-09T17:00:00.000",,"0","V","HO"
"X4510901091700","X4","51","2009-01-09T17:00:00.000",,"39","V","HO"
"X4500901091700","X4","50","2009-01-09T17:00:00.000","2009-01-09T17:14:00.000","4.4","V","HO"
"X4360901091700","X4","36","2009-01-09T17:00:00.000",,"0","V","HO"
"X4400901091700","X4","40","2009-01-09T17:00:00.000","2009-01-09T17:00:00.000","9.6","V","HO"
"X4420901091700","X4","42","2009-01-09T17:00:00.000","2009-01-09T17:58:00.000","9.3","V","HO"
"X4440901091700","X4","44","2009-01-09T17:00:00.000","2009-01-09T17:50:00.000","71","V","HO"
"X4020901091700","X4","2","2009-01-09T17:00:00.000","2009-01-09T11:03:00.000","1013","V","HO"
"X4340901091800","X4","34","2009-01-09T18:00:00.000",,"1014","V","HO"
"X4360901091800","X4","36","2009-01-09T18:00:00.000",,"0","V","HO"
"X4350901091800","X4","35","2009-01-09T18:00:00.000",,"0","V","HO"
"X4330901091800","X4","33","2009-01-09T18:00:00.000",,"71","V","HO"
"X4320901091800","X4","32","2009-01-09T18:00:00.000",,"9.3","V","HO"
"X4510901091800","X4","51","2009-01-09T18:00:00.000",,"74","V","HO"
"X4500901091800","X4","50","2009-01-09T18:00:00.000","2009-01-09T18:38:00.000","4.7","V","HO"
"X4440901091800","X4","44","2009-01-09T18:00:00.000","2009-01-09T18:48:00.000","70","V","HO"
"X4400901091800","X4","40","2009-01-09T18:00:00.000","2009-01-09T18:43:00.000","9.3","V","HO"
"X4420901091800","X4","42","2009-01-09T18:00:00.000","2009-01-09T18:31:00.000","9.2","V","HO"
"X4320901091900","X4","32","2009-01-09T19:00:00.000",,"9","V","HO"
"X4330901091900","X4","33","2009-01-09T19:00:00.000",,"72","V","HO"
"X4340901091900","X4","34","2009-01-09T19:00:00.000",,"1014","V","HO"
"X4350901091900","X4","35","2009-01-09T19:00:00.000",,"0","V","HO"
"X4510901091900","X4","51","2009-01-09T19:00:00.000",,"37","V","HO"
"X4400901091900","X4","40","2009-01-09T19:00:00.000","2009-01-09T19:00:00.000","9.2","V","HO"
"X4420901091900","X4","42","2009-01-09T19:00:00.000","2009-01-09T19:44:00.000","8.9","V","HO"
"X4440901091900","X4","44","2009-01-09T19:00:00.000","2009-01-09T19:01:00.000","70","V","HO"
"X4500901091900","X4","50","2009-01-09T19:00:00.000","2009-01-09T19:51:00.000","4.3","V","HO"
"X4360901091900","X4","36","2009-01-09T19:00:00.000",,"0","V","HO"
"X4420901092000","X4","42","2009-01-09T20:00:00.000","2009-01-09T20:04:00.000","8.9","V","HO"
"X4440901092000","X4","44","2009-01-09T20:00:00.000","2009-01-09T20:01:00.000","73","V","HO"
"X4500901092000","X4","50","2009-01-09T20:00:00.000","2009-01-09T20:32:00.000","5.6","V","HO"
"X4510901092000","X4","51","2009-01-09T20:00:00.000",,"79","V","HO"
"X4320901092000","X4","32","2009-01-09T20:00:00.000",,"9","V","HO"
"X4330901092000","X4","33","2009-01-09T20:00:00.000",,"74","V","HO"
"X4340901092000","X4","34","2009-01-09T20:00:00.000",,"1014","V","HO"
"X4350901092000","X4","35","2009-01-09T20:00:00.000",,"0","V","HO"
"X4360901092000","X4","36","2009-01-09T20:00:00.000",,"0","V","HO"
"X4400901092000","X4","40","2009-01-09T20:00:00.000","2009-01-09T20:43:00.000","9.1","V","HO"
"X4320901092100","X4","32","2009-01-09T21:00:00.000",,"9","V","HO"
"X4330901092100","X4","33","2009-01-09T21:00:00.000",,"78","V","HO"
"X4340901092100","X4","34","2009-01-09T21:00:00.000",,"1015","V","HO"
"X4350901092100","X4","35","2009-01-09T21:00:00.000",,"0.9","V","HO"
"X4510901092100","X4","51","2009-01-09T21:00:00.000",,"53","V","HO"
"X4400901092100","X4","40","2009-01-09T21:00:00.000","2009-01-09T21:45:00.000","9.1","V","HO"
"X4420901092100","X4","42","2009-01-09T21:00:00.000","2009-01-09T21:08:00.000","8.9","V","HO"
"X4440901092100","X4","44","2009-01-09T21:00:00.000","2009-01-09T21:29:00.000","77","V","HO"
"X4500901092100","X4","50","2009-01-09T21:00:00.000","2009-01-09T21:40:00.000","5.3","V","HO"
"X4360901092100","X4","36","2009-01-09T21:00:00.000",,"0","V","HO"
"X4330901092200","X4","33","2009-01-09T22:00:00.000",,"79","V","HO"
"X4340901092200","X4","34","2009-01-09T22:00:00.000",,"1015","V","HO"
"X4350901092200","X4","35","2009-01-09T22:00:00.000",,"1","V","HO"
"X4360901092200","X4","36","2009-01-09T22:00:00.000",,"0","V","HO"
"X4400901092200","X4","40","2009-01-09T22:00:00.000","2009-01-09T22:04:00.000","9.1","V","HO"
"X4510901092200","X4","51","2009-01-09T22:00:00.000",,"54","V","HO"
"X4440901092200","X4","44","2009-01-09T22:00:00.000","2009-01-09T22:14:00.000","77","V","HO"
"X4500901092200","X4","50","2009-01-09T22:00:00.000","2009-01-09T22:27:00.000","6.3","V","HO"
"X4010901092200","X4","1","2009-01-09T22:00:00.000","2009-01-09T22:16:00.000","1015","V","HO"
"X4320901092200","X4","32","2009-01-09T22:00:00.000",,"9","V","HO"
"X4420901092200","X4","42","2009-01-09T22:00:00.000","2009-01-09T22:44:00.000","8.9","V","HO"
"X4320901092300","X4","32","2009-01-09T23:00:00.000",,"9.4","V","HO"
"X4330901092300","X4","33","2009-01-09T23:00:00.000",,"80","V","HO"
"X4340901092300","X4","34","2009-01-09T23:00:00.000",,"1015","V","HO"
"X4350901092300","X4","35","2009-01-09T23:00:00.000",,"1.4","V","HO"
"X4510901092300","X4","51","2009-01-09T23:00:00.000",,"100","V","HO"
"X4400901092300","X4","40","2009-01-09T23:00:00.000","2009-01-09T23:34:00.000","9.7","V","HO"
"X4420901092300","X4","42","2009-01-09T23:00:00.000","2009-01-09T23:00:00.000","9","V","HO"
"X4440901092300","X4","44","2009-01-09T23:00:00.000","2009-01-09T23:09:00.000","78","V","HO"
"X4500901092300","X4","50","2009-01-09T23:00:00.000","2009-01-09T23:23:00.000","6.9","V","HO"
"X4360901092300","X4","36","2009-01-09T23:00:00.000",,"0","V","HO"
"X4501001090000","X4","50","2009-01-10T00:00:00.000","2009-01-10T00:50:00.000","7.5","V","HO"
"X4511001090000","X4","51","2009-01-10T00:00:00.000",,"305","V","HO"
"X4021001090000","X4","2","2009-01-10T00:00:00.000","2009-01-10T00:11:00.000","1014","V","HO"
"X4321001090000","X4","32","2009-01-10T00:00:00.000",,"8.8","V","HO"
"X4331001090000","X4","33","2009-01-10T00:00:00.000",,"82","V","HO"
"X4341001090000","X4","34","2009-01-10T00:00:00.000",,"1014","V","HO"
"X4351001090000","X4","35","2009-01-10T00:00:00.000",,"7.4","V","HO"
"X4361001090000","X4","36","2009-01-10T00:00:00.000",,"0","V","HO"
"X4401001090000","X4","40","2009-01-10T00:00:00.000","2009-01-10T00:00:00.000","9.6","V","HO"
"X4421001090000","X4","42","2009-01-10T00:00:00.000","2009-01-10T00:58:00.000","7.7","V","HO"
"X4441001090000","X4","44","2009-01-10T00:00:00.000","2009-01-10T00:02:00.000","80","V","HO"
"X4321001090100","X4","32","2009-01-10T01:00:00.000",,"7.6","V","HO"
"X4331001090100","X4","33","2009-01-10T01:00:00.000",,"87","V","HO"
"X4341001090100","X4","34","2009-01-10T01:00:00.000",,"1015","V","HO"
"X4351001090100","X4","35","2009-01-10T01:00:00.000",,"5.9","V","HO"
"X4511001090100","X4","51","2009-01-10T01:00:00.000",,"339","V","HO"
"X4401001090100","X4","40","2009-01-10T01:00:00.000","2009-01-10T01:58:00.000","7.9","V","HO"
"X4421001090100","X4","42","2009-01-10T01:00:00.000","2009-01-10T01:06:00.000","7.4","V","HO"
"X4441001090100","X4","44","2009-01-10T01:00:00.000","2009-01-10T01:00:00.000","84","V","HO"
"X4501001090100","X4","50","2009-01-10T01:00:00.000","2009-01-10T01:17:00.000","7.1","V","HO"
"X4361001090100","X4","36","2009-01-10T01:00:00.000",,"0","V","HO"
"X4361001090200","X4","36","2009-01-10T02:00:00.000",,"0","V","HO"
"X4351001090200","X4","35","2009-01-10T02:00:00.000",,"6.2","V","HO"
"X4511001090200","X4","51","2009-01-10T02:00:00.000",,"291","V","HO"
"X4401001090200","X4","40","2009-01-10T02:00:00.000","2009-01-10T02:58:00.000","8","V","HO"
"X4321001090200","X4","32","2009-01-10T02:00:00.000",,"7.9","V","HO"
"X4441001090200","X4","44","2009-01-10T02:00:00.000","2009-01-10T02:15:00.000","87","V","HO"
"X4501001090200","X4","50","2009-01-10T02:00:00.000","2009-01-10T02:14:00.000","4.1","V","HO"
"X4341001090200","X4","34","2009-01-10T02:00:00.000",,"1015","V","HO"
"X4331001090200","X4","33","2009-01-10T02:00:00.000",,"88","V","HO"
"X4421001090200","X4","42","2009-01-10T02:00:00.000","2009-01-10T02:17:00.000","7.9","V","HO"
"X4321001090300","X4","32","2009-01-10T03:00:00.000",,"8.4","V","HO"
"X4331001090300","X4","33","2009-01-10T03:00:00.000",,"86","V","HO"
"X4341001090300","X4","34","2009-01-10T03:00:00.000",,"1015","V","HO"
"X4351001090300","X4","35","2009-01-10T03:00:00.000",,"0.1","V","HO"
"X4511001090300","X4","51","2009-01-10T03:00:00.000",,"50","V","HO"
"X4401001090300","X4","40","2009-01-10T03:00:00.000","2009-01-10T03:48:00.000","8.7","V","HO"
"X4421001090300","X4","42","2009-01-10T03:00:00.000","2009-01-10T03:00:00.000","8","V","HO"
"X4441001090300","X4","44","2009-01-10T03:00:00.000","2009-01-10T03:58:00.000","85","V","HO"
"X4501001090300","X4","50","2009-01-10T03:00:00.000","2009-01-10T03:37:00.000","3.6","V","HO"
"X4361001090300","X4","36","2009-01-10T03:00:00.000",,"0","V","HO"
"X4321001090400","X4","32","2009-01-10T04:00:00.000",,"8.6","V","HO"
"X4331001090400","X4","33","2009-01-10T04:00:00.000",,"84","V","HO"
"X4341001090400","X4","34","2009-01-10T04:00:00.000",,"1015","V","HO"
"X4351001090400","X4","35","2009-01-10T04:00:00.000",,"0.9","V","HO"
"X4361001090400","X4","36","2009-01-10T04:00:00.000",,"0","V","HO"
"X4401001090400","X4","40","2009-01-10T04:00:00.000","2009-01-10T04:07:00.000","8.7","V","HO"
"X4421001090400","X4","42","2009-01-10T04:00:00.000","2009-01-10T04:54:00.000","8.5","V","HO"
"X4441001090400","X4","44","2009-01-10T04:00:00.000","2009-01-10T04:21:00.000","84","V","HO"
"X4501001090400","X4","50","2009-01-10T04:00:00.000","2009-01-10T04:25:00.000","3.4","V","HO"
"X4511001090400","X4","51","2009-01-10T04:00:00.000",,"10","V","HO"
"X4511001090500","X4","51","2009-01-10T05:00:00.000",,"23","V","HO"
"X4501001090500","X4","50","2009-01-10T05:00:00.000","2009-01-10T05:43:00.000","3.6","V","HO"
"X4341001090500","X4","34","2009-01-10T05:00:00.000",,"1015","V","HO"
"X4331001090500","X4","33","2009-01-10T05:00:00.000",,"85","V","HO"
"X4351001090500","X4","35","2009-01-10T05:00:00.000",,"0.9","V","HO"
"X4401001090500","X4","40","2009-01-10T05:00:00.000","2009-01-10T05:57:00.000","8.6","V","HO"
"X4421001090500","X4","42","2009-01-10T05:00:00.000","2009-01-10T05:00:00.000","8.5","V","HO"
"X4441001090500","X4","44","2009-01-10T05:00:00.000","2009-01-10T05:49:00.000","84","V","HO"
"X4361001090500","X4","36","2009-01-10T05:00:00.000",,"0","V","HO"
"X4321001090500","X4","32","2009-01-10T05:00:00.000",,"8.6","V","HO"
"X4321001090600","X4","32","2009-01-10T06:00:00.000",,"8.6","V","HO"
"X4331001090600","X4","33","2009-01-10T06:00:00.000",,"84","V","HO"
"X4511001090600","X4","51","2009-01-10T06:00:00.000",,"42","V","HO"
"X4501001090600","X4","50","2009-01-10T06:00:00.000","2009-01-10T06:42:00.000","3.6","V","HO"
"X4441001090600","X4","44","2009-01-10T06:00:00.000","2009-01-10T06:58:00.000","83","V","HO"
"X4421001090600","X4","42","2009-01-10T06:00:00.000","2009-01-10T06:34:00.000","8.6","V","HO"
"X4401001090600","X4","40","2009-01-10T06:00:00.000","2009-01-10T06:56:00.000","8.7","V","HO"
"X4361001090600","X4","36","2009-01-10T06:00:00.000",,"0","V","HO"
"X4351001090600","X4","35","2009-01-10T06:00:00.000",,"0.8","V","HO"
"X4341001090600","X4","34","2009-01-10T06:00:00.000",,"1015","V","HO"
"X4321001090700","X4","32","2009-01-10T07:00:00.000",,"8.7","V","HO"
"X4331001090700","X4","33","2009-01-10T07:00:00.000",,"83","V","HO"
"X4341001090700","X4","34","2009-01-10T07:00:00.000",,"1016","V","HO"
"X4351001090700","X4","35","2009-01-10T07:00:00.000",,"0.6","V","HO"
"X4511001090700","X4","51","2009-01-10T07:00:00.000",,"38","V","HO"
"X4401001090700","X4","40","2009-01-10T07:00:00.000","2009-01-10T07:09:00.000","8.8","V","HO"
"X4421001090700","X4","42","2009-01-10T07:00:00.000","2009-01-10T07:35:00.000","8.6","V","HO"
"X4441001090700","X4","44","2009-01-10T07:00:00.000","2009-01-10T07:18:00.000","82","V","HO"
"X4501001090700","X4","50","2009-01-10T07:00:00.000","2009-01-10T07:25:00.000","3.7","V","HO"
"X4361001090700","X4","36","2009-01-10T07:00:00.000",,"3","V","HO"
"X4421001090800","X4","42","2009-01-10T08:00:00.000","2009-01-10T08:00:00.000","8.7","V","HO"
"X4441001090800","X4","44","2009-01-10T08:00:00.000","2009-01-10T08:35:00.000","82","V","HO"
"X4321001090800","X4","32","2009-01-10T08:00:00.000",,"8.7","V","HO"
"X4331001090800","X4","33","2009-01-10T08:00:00.000",,"83","V","HO"
"X4511001090800","X4","51","2009-01-10T08:00:00.000",,"10","V","HO"
"X4351001090800","X4","35","2009-01-10T08:00:00.000",,"1.5","V","HO"
"X4361001090800","X4","36","2009-01-10T08:00:00.000",,"33","V","HO"
"X4401001090800","X4","40","2009-01-10T08:00:00.000","2009-01-10T08:38:00.000","8.8","V","HO"
"X4501001090800","X4","50","2009-01-10T08:00:00.000","2009-01-10T08:13:00.000","3.2","V","HO"
"X4341001090800","X4","34","2009-01-10T08:00:00.000",,"1017","V","HO"
"X4321001090900","X4","32","2009-01-10T09:00:00.000",,"9.2","V","HO"
"X4331001090900","X4","33","2009-01-10T09:00:00.000",,"82","V","HO"
"X4341001090900","X4","34","2009-01-10T09:00:00.000",,"1018","V","HO"
"X4351001090900","X4","35","2009-01-10T09:00:00.000",,"0","V","HO"
"X4511001090900","X4","51","2009-01-10T09:00:00.000",,"7","V","HO"
"X4401001090900","X4","40","2009-01-10T09:00:00.000","2009-01-10T09:58:00.000","9.6","V","HO"
"X4421001090900","X4","42","2009-01-10T09:00:00.000","2009-01-10T09:00:00.000","8.8","V","HO"
"X4441001090900","X4","44","2009-01-10T09:00:00.000","2009-01-10T09:54:00.000","79","V","HO"
"X4501001090900","X4","50","2009-01-10T09:00:00.000","2009-01-10T09:47:00.000","3.7","V","HO"
"X4361001090900","X4","36","2009-01-10T09:00:00.000",,"93","V","HO"
"X4321001091000","X4","32","2009-01-10T10:00:00.000",,"10.3","V","HO"
"X4331001091000","X4","33","2009-01-10T10:00:00.000",,"77","V","HO"
"X4341001091000","X4","34","2009-01-10T10:00:00.000",,"1018","V","HO"
"X4351001091000","X4","35","2009-01-10T10:00:00.000",,"0","V","HO"
"X4511001091000","X4","51","2009-01-10T10:00:00.000",,"0","V","HO"
"X4401001091000","X4","40","2009-01-10T10:00:00.000","2009-01-10T10:57:00.000","11.1","V","HO"
"X4421001091000","X4","42","2009-01-10T10:00:00.000","2009-01-10T10:00:00.000","9.7","V","HO"
"X4441001091000","X4","44","2009-01-10T10:00:00.000","2009-01-10T10:58:00.000","73","V","HO"
"X4501001091000","X4","50","2009-01-10T10:00:00.000","2009-01-10T10:22:00.000","4.2","V","HO"
"X4361001091000","X4","36","2009-01-10T10:00:00.000",,"286","V","HO"
"X4321001091100","X4","32","2009-01-10T11:00:00.000",,"12.2","V","HO"
"X4331001091100","X4","33","2009-01-10T11:00:00.000",,"68","V","HO"
"X4341001091100","X4","34","2009-01-10T11:00:00.000",,"1018","V","HO"
"X4351001091100","X4","35","2009-01-10T11:00:00.000",,"0","V","HO"
"X4441001091100","X4","44","2009-01-10T11:00:00.000","2009-01-10T11:52:00.000","63","V","HO"
"X4401001091100","X4","40","2009-01-10T11:00:00.000","2009-01-10T11:58:00.000","13.1","V","HO"
"X4421001091100","X4","42","2009-01-10T11:00:00.000","2009-01-10T11:00:00.000","11.1","V","HO"
"X4501001091100","X4","50","2009-01-10T11:00:00.000","2009-01-10T11:24:00.000","5.2","V","HO"
"X4511001091100","X4","51","2009-01-10T11:00:00.000",,"354","V","HO"
"X4361001091100","X4","36","2009-01-10T11:00:00.000",,"485","V","HO"
"X4441001091200","X4","44","2009-01-10T12:00:00.000","2009-01-10T12:58:00.000","61","V","HO"
"X4501001091200","X4","50","2009-01-10T12:00:00.000","2009-01-10T12:19:00.000","5.1","V","HO"
"X4511001091200","X4","51","2009-01-10T12:00:00.000",,"13","V","HO"
"X4321001091200","X4","32","2009-01-10T12:00:00.000",,"12.9","V","HO"
"X4421001091200","X4","42","2009-01-10T12:00:00.000","2009-01-10T12:48:00.000","12.5","V","HO"
"X4341001091200","X4","34","2009-01-10T12:00:00.000",,"1018","V","HO"
"X4351001091200","X4","35","2009-01-10T12:00:00.000",,"0","V","HO"
"X4361001091200","X4","36","2009-01-10T12:00:00.000",,"373","V","HO"
"X4401001091200","X4","40","2009-01-10T12:00:00.000","2009-01-10T12:18:00.000","13.3","V","HO"
"X4331001091200","X4","33","2009-01-10T12:00:00.000",,"63","V","HO"
"X4351001091300","X4","35","2009-01-10T13:00:00.000",,"0","V","HO"
"X4361001091300","X4","36","2009-01-10T13:00:00.000",,"370","V","HO"
"X4401001091300","X4","40","2009-01-10T13:00:00.000","2009-01-10T13:53:00.000","13.5","V","HO"
"X4421001091300","X4","42","2009-01-10T13:00:00.000","2009-01-10T13:12:00.000","12.4","V","HO"
"X4341001091300","X4","34","2009-01-10T13:00:00.000",,"1017","V","HO"
"X4501001091300","X4","50","2009-01-10T13:00:00.000","2009-01-10T13:01:00.000","5.3","V","HO"
"X4511001091300","X4","51","2009-01-10T13:00:00.000",,"86","V","HO"
"X4321001091300","X4","32","2009-01-10T13:00:00.000",,"12.9","V","HO"
"X4331001091300","X4","33","2009-01-10T13:00:00.000",,"60","V","HO"
"X4441001091300","X4","44","2009-01-10T13:00:00.000","2009-01-10T13:58:00.000","57","V","HO"
"X4321001091400","X4","32","2009-01-10T14:00:00.000",,"13.6","V","HO"
"X4331001091400","X4","33","2009-01-10T14:00:00.000",,"58","V","HO"
"X4341001091400","X4","34","2009-01-10T14:00:00.000",,"1018","V","HO"
"X4351001091400","X4","35","2009-01-10T14:00:00.000",,"0","V","HO"
"X4511001091400","X4","51","2009-01-10T14:00:00.000",,"98","V","HO"
"X4401001091400","X4","40","2009-01-10T14:00:00.000","2009-01-10T14:54:00.000","13.8","V","HO"
"X4421001091400","X4","42","2009-01-10T14:00:00.000","2009-01-10T14:01:00.000","13.1","V","HO"
"X4441001091400","X4","44","2009-01-10T14:00:00.000","2009-01-10T14:15:00.000","54","V","HO"
"X4501001091400","X4","50","2009-01-10T14:00:00.000","2009-01-10T14:00:00.000","3.4","V","HO"
"X4361001091400","X4","36","2009-01-10T14:00:00.000",,"246","V","HO"
"X4321001091500","X4","32","2009-01-10T15:00:00.000",,"13","V","HO"
"X4331001091500","X4","33","2009-01-10T15:00:00.000",,"61","V","HO"
"X4341001091500","X4","34","2009-01-10T15:00:00.000",,"1018","V","HO"
"X4351001091500","X4","35","2009-01-10T15:00:00.000",,"0","V","HO"
"X4511001091500","X4","51","2009-01-10T15:00:00.000",,"85","V","HO"
"X4401001091500","X4","40","2009-01-10T15:00:00.000","2009-01-10T15:00:00.000","13.7","V","HO"
"X4421001091500","X4","42","2009-01-10T15:00:00.000","2009-01-10T15:58:00.000","12.3","V","HO"
"X4441001091500","X4","44","2009-01-10T15:00:00.000","2009-01-10T15:10:00.000","59","V","HO"
"X4501001091500","X4","50","2009-01-10T15:00:00.000","2009-01-10T15:45:00.000","4.3","V","HO"
"X4361001091500","X4","36","2009-01-10T15:00:00.000",,"74","V","HO"
"X4321001091600","X4","32","2009-01-10T16:00:00.000",,"11.9","V","HO"
"X4331001091600","X4","33","2009-01-10T16:00:00.000",,"64","V","HO"
"X4341001091600","X4","34","2009-01-10T16:00:00.000",,"1019","V","HO"
"X4351001091600","X4","35","2009-01-10T16:00:00.000",,"0","V","HO"
"X4511001091600","X4","51","2009-01-10T16:00:00.000",,"68","V","HO"
"X4401001091600","X4","40","2009-01-10T16:00:00.000","2009-01-10T16:00:00.000","12.3","V","HO"
"X4421001091600","X4","42","2009-01-10T16:00:00.000","2009-01-10T16:58:00.000","11.4","V","HO"
"X4441001091600","X4","44","2009-01-10T16:00:00.000","2009-01-10T16:02:00.000","61","V","HO"
"X4501001091600","X4","50","2009-01-10T16:00:00.000","2009-01-10T16:01:00.000","4.2","V","HO"
"X4361001091600","X4","36","2009-01-10T16:00:00.000",,"7","V","HO"
"X4321001091700","X4","32","2009-01-10T17:00:00.000",,"10.9","V","HO"
"X4331001091700","X4","33","2009-01-10T17:00:00.000",,"67","V","HO"
"X4341001091700","X4","34","2009-01-10T17:00:00.000",,"1019","V","HO"
"X4351001091700","X4","35","2009-01-10T17:00:00.000",,"0","V","HO"
"X4511001091700","X4","51","2009-01-10T17:00:00.000",,"7","V","HO"
"X4401001091700","X4","40","2009-01-10T17:00:00.000","2009-01-10T17:00:00.000","11.4","V","HO"
"X4421001091700","X4","42","2009-01-10T17:00:00.000","2009-01-10T17:57:00.000","10.5","V","HO"
"X4441001091700","X4","44","2009-01-10T17:00:00.000","2009-01-10T17:04:00.000","66","V","HO"
"X4501001091700","X4","50","2009-01-10T17:00:00.000","2009-01-10T17:45:00.000","3.7","V","HO"
"X4361001091700","X4","36","2009-01-10T17:00:00.000",,"0","V","HO"
"X4421001091800","X4","42","2009-01-10T18:00:00.000","2009-01-10T18:23:00.000","10.3","V","HO"
"X4401001091800","X4","40","2009-01-10T18:00:00.000","2009-01-10T18:58:00.000","10.6","V","HO"
"X4361001091800","X4","36","2009-01-10T18:00:00.000",,"0","V","HO"
"X4351001091800","X4","35","2009-01-10T18:00:00.000",,"0","V","HO"
"X4441001091800","X4","44","2009-01-10T18:00:00.000","2009-01-10T18:57:00.000","67","V","HO"
"X4331001091800","X4","33","2009-01-10T18:00:00.000",,"68","V","HO"
"X4321001091800","X4","32","2009-01-10T18:00:00.000",,"10.4","V","HO"
"X4501001091800","X4","50","2009-01-10T18:00:00.000","2009-01-10T18:06:00.000","3.8","V","HO"
"X4511001091800","X4","51","2009-01-10T18:00:00.000",,"7","V","HO"
"X4341001091800","X4","34","2009-01-10T18:00:00.000",,"1020","V","HO"
"X4511001091900","X4","51","2009-01-10T19:00:00.000",,"11","V","HO"
"X4331001091900","X4","33","2009-01-10T19:00:00.000",,"68","V","HO"
"X4341001091900","X4","34","2009-01-10T19:00:00.000",,"1021","V","HO"
"X4351001091900","X4","35","2009-01-10T19:00:00.000",,"0","V","HO"
"X4361001091900","X4","36","2009-01-10T19:00:00.000",,"0","V","HO"
"X4401001091900","X4","40","2009-01-10T19:00:00.000","2009-01-10T19:47:00.000","10.7","V","HO"
"X4421001091900","X4","42","2009-01-10T19:00:00.000","2009-01-10T19:55:00.000","10.6","V","HO"
"X4441001091900","X4","44","2009-01-10T19:00:00.000","2009-01-10T19:00:00.000","67","V","HO"
"X4321001091900","X4","32","2009-01-10T19:00:00.000",,"10.6","V","HO"
"X4501001091900","X4","50","2009-01-10T19:00:00.000","2009-01-10T19:56:00.000","3.4","V","HO"
"X4511001092000","X4","51","2009-01-10T20:00:00.000",,"6","V","HO"
"X4501001092000","X4","50","2009-01-10T20:00:00.000","2009-01-10T20:34:00.000","3.7","V","HO"
"X4441001092000","X4","44","2009-01-10T20:00:00.000","2009-01-10T20:00:00.000","69","V","HO"
"X4421001092000","X4","42","2009-01-10T20:00:00.000","2009-01-10T20:58:00.000","10.2","V","HO"
"X4321001092000","X4","32","2009-01-10T20:00:00.000",,"10.4","V","HO"
"X4361001092000","X4","36","2009-01-10T20:00:00.000",,"0","V","HO"
"X4351001092000","X4","35","2009-01-10T20:00:00.000",,"0","V","HO"
"X4331001092000","X4","33","2009-01-10T20:00:00.000",,"70","V","HO"
"X4341001092000","X4","34","2009-01-10T20:00:00.000",,"1021","V","HO"
"X4401001092000","X4","40","2009-01-10T20:00:00.000","2009-01-10T20:00:00.000","10.6","V","HO"
"X4321001092100","X4","32","2009-01-10T21:00:00.000",,"10.2","V","HO"
"X4331001092100","X4","33","2009-01-10T21:00:00.000",,"71","V","HO"
"X4341001092100","X4","34","2009-01-10T21:00:00.000",,"1022","V","HO"
"X4351001092100","X4","35","2009-01-10T21:00:00.000",,"0","V","HO"
"X4511001092100","X4","51","2009-01-10T21:00:00.000",,"25","V","HO"
"X4401001092100","X4","40","2009-01-10T21:00:00.000","2009-01-10T21:58:00.000","10.3","V","HO"
"X4421001092100","X4","42","2009-01-10T21:00:00.000","2009-01-10T21:00:00.000","10.2","V","HO"
"X4441001092100","X4","44","2009-01-10T21:00:00.000","2009-01-10T21:56:00.000","70","V","HO"
"X4501001092100","X4","50","2009-01-10T21:00:00.000","2009-01-10T21:07:00.000","4","V","HO"
"X4361001092100","X4","36","2009-01-10T21:00:00.000",,"0","V","HO"
"X4011001092200","X4","1","2009-01-10T22:00:00.000","2009-01-10T22:35:00.000","1022","V","HO"
"X4321001092200","X4","32","2009-01-10T22:00:00.000",,"10.4","V","HO"
"X4331001092200","X4","33","2009-01-10T22:00:00.000",,"70","V","HO"
"X4341001092200","X4","34","2009-01-10T22:00:00.000",,"1022","V","HO"
"X4351001092200","X4","35","2009-01-10T22:00:00.000",,"0","V","HO"
"X4511001092200","X4","51","2009-01-10T22:00:00.000",,"20","V","HO"
"X4401001092200","X4","40","2009-01-10T22:00:00.000","2009-01-10T22:45:00.000","10.5","V","HO"
"X4421001092200","X4","42","2009-01-10T22:00:00.000","2009-01-10T22:00:00.000","10.3","V","HO"
"X4441001092200","X4","44","2009-01-10T22:00:00.000","2009-01-10T22:45:00.000","69","V","HO"
"X4501001092200","X4","50","2009-01-10T22:00:00.000","2009-01-10T22:46:00.000","4.2","V","HO"
"X4361001092200","X4","36","2009-01-10T22:00:00.000",,"0","V","HO"
"X4321001092300","X4","32","2009-01-10T23:00:00.000",,"10.2","V","HO"
"X4331001092300","X4","33","2009-01-10T23:00:00.000",,"70","V","HO"
"X4341001092300","X4","34","2009-01-10T23:00:00.000",,"1022","V","HO"
"X4351001092300","X4","35","2009-01-10T23:00:00.000",,"0","V","HO"
"X4511001092300","X4","51","2009-01-10T23:00:00.000",,"5","V","HO"
"X4401001092300","X4","40","2009-01-10T23:00:00.000","2009-01-10T23:00:00.000","10.4","V","HO"
"X4421001092300","X4","42","2009-01-10T23:00:00.000","2009-01-10T23:30:00.000","10.1","V","HO"
"X4441001092300","X4","44","2009-01-10T23:00:00.000","2009-01-10T23:48:00.000","69","V","HO"
"X4501001092300","X4","50","2009-01-10T23:00:00.000","2009-01-10T23:01:00.000","4.3","V","HO"
"X4361001092300","X4","36","2009-01-10T23:00:00.000",,"0","V","HO"
"X4021101090000","X4","2","2009-01-11T00:00:00.000","2009-01-11T00:00:00.000","1022","V","HO"
"X4511101090000","X4","51","2009-01-11T00:00:00.000",,"16","V","HO"
"X4501101090000","X4","50","2009-01-11T00:00:00.000","2009-01-11T00:51:00.000","4.4","V","HO"
"X4401101090000","X4","40","2009-01-11T00:00:00.000","2009-01-11T00:41:00.000","10.1","V","HO"
"X4441101090000","X4","44","2009-01-11T00:00:00.000","2009-01-11T00:00:00.000","69","V","HO"
"X4421101090000","X4","42","2009-01-11T00:00:00.000","2009-01-11T00:58:00.000","10","V","HO"
"X4361101090000","X4","36","2009-01-11T00:00:00.000",,"0","V","HO"
"X4351101090000","X4","35","2009-01-11T00:00:00.000",,"0","V","HO"
"X4341101090000","X4","34","2009-01-11T00:00:00.000",,"1022","V","HO"
"X4331101090000","X4","33","2009-01-11T00:00:00.000",,"70","V","HO"
"X4321101090000","X4","32","2009-01-11T00:00:00.000",,"10.1","V","HO"
"X4321101090100","X4","32","2009-01-11T01:00:00.000",,"9.8","V","HO"
"X4331101090100","X4","33","2009-01-11T01:00:00.000",,"71","V","HO"
"X4341101090100","X4","34","2009-01-11T01:00:00.000",,"1023","V","HO"
"X4351101090100","X4","35","2009-01-11T01:00:00.000",,"0","V","HO"
"X4511101090100","X4","51","2009-01-11T01:00:00.000",,"27","V","HO"
"X4401101090100","X4","40","2009-01-11T01:00:00.000","2009-01-11T01:00:00.000","10","V","HO"
"X4421101090100","X4","42","2009-01-11T01:00:00.000","2009-01-11T01:44:00.000","9.7","V","HO"
"X4441101090100","X4","44","2009-01-11T01:00:00.000","2009-01-11T01:00:00.000","71","V","HO"
"X4501101090100","X4","50","2009-01-11T01:00:00.000","2009-01-11T01:55:00.000","3.9","V","HO"
"X4361101090100","X4","36","2009-01-11T01:00:00.000",,"0","V","HO"
"X4321101090200","X4","32","2009-01-11T02:00:00.000",,"9.7","V","HO"
"X4331101090200","X4","33","2009-01-11T02:00:00.000",,"70","V","HO"
"X4341101090200","X4","34","2009-01-11T02:00:00.000",,"1023","V","HO"
"X4351101090200","X4","35","2009-01-11T02:00:00.000",,"0","V","HO"
"X4511101090200","X4","51","2009-01-11T02:00:00.000",,"12","V","HO"
"X4401101090200","X4","40","2009-01-11T02:00:00.000","2009-01-11T02:52:00.000","9.8","V","HO"
"X4421101090200","X4","42","2009-01-11T02:00:00.000","2009-01-11T02:26:00.000","9.7","V","HO"
"X4441101090200","X4","44","2009-01-11T02:00:00.000","2009-01-11T02:54:00.000","69","V","HO"
"X4501101090200","X4","50","2009-01-11T02:00:00.000","2009-01-11T02:45:00.000","4.1","V","HO"
"X4361101090200","X4","36","2009-01-11T02:00:00.000",,"0","V","HO"
"X4321101090300","X4","32","2009-01-11T03:00:00.000",,"9.7","V","HO"
"X4331101090300","X4","33","2009-01-11T03:00:00.000",,"68","V","HO"
"X4341101090300","X4","34","2009-01-11T03:00:00.000",,"1023","V","HO"
"X4351101090300","X4","35","2009-01-11T03:00:00.000",,"0","V","HO"
"X4361101090300","X4","36","2009-01-11T03:00:00.000",,"0","V","HO"
"X4401101090300","X4","40","2009-01-11T03:00:00.000","2009-01-11T03:00:00.000","9.8","V","HO"
"X4421101090300","X4","42","2009-01-11T03:00:00.000","2009-01-11T03:58:00.000","9.5","V","HO"
"X4441101090300","X4","44","2009-01-11T03:00:00.000","2009-01-11T03:44:00.000","68","V","HO"
"X4501101090300","X4","50","2009-01-11T03:00:00.000","2009-01-11T03:01:00.000","4.4","V","HO"
"X4511101090300","X4","51","2009-01-11T03:00:00.000",,"12","V","HO"
"X4321101090400","X4","32","2009-01-11T04:00:00.000",,"9.4","V","HO"
"X4331101090400","X4","33","2009-01-11T04:00:00.000",,"69","V","HO"
"X4341101090400","X4","34","2009-01-11T04:00:00.000",,"1023","V","HO"
"X4351101090400","X4","35","2009-01-11T04:00:00.000",,"0","V","HO"
"X4511101090400","X4","51","2009-01-11T04:00:00.000",,"355","V","HO"
"X4401101090400","X4","40","2009-01-11T04:00:00.000","2009-01-11T04:03:00.000","9.5","V","HO"
"X4421101090400","X4","42","2009-01-11T04:00:00.000","2009-01-11T04:50:00.000","9.2","V","HO"
"X4441101090400","X4","44","2009-01-11T04:00:00.000","2009-01-11T04:46:00.000","69","V","HO"
"X4501101090400","X4","50","2009-01-11T04:00:00.000","2009-01-11T04:15:00.000","2.7","V","HO"
"X4361101090400","X4","36","2009-01-11T04:00:00.000",,"0","V","HO"
"X4321101090500","X4","32","2009-01-11T05:00:00.000",,"9.2","V","HO"
"X4331101090500","X4","33","2009-01-11T05:00:00.000",,"68","V","HO"
"X4341101090500","X4","34","2009-01-11T05:00:00.000",,"1023","V","HO"
"X4351101090500","X4","35","2009-01-11T05:00:00.000",,"0","V","HO"
"X4511101090500","X4","51","2009-01-11T05:00:00.000",,"18","V","HO"
"X4401101090500","X4","40","2009-01-11T05:00:00.000","2009-01-11T05:07:00.000","9.3","V","HO"
"X4421101090500","X4","42","2009-01-11T05:00:00.000","2009-01-11T05:58:00.000","9.1","V","HO"
"X4441101090500","X4","44","2009-01-11T05:00:00.000","2009-01-11T05:53:00.000","68","V","HO"
"X4501101090500","X4","50","2009-01-11T05:00:00.000","2009-01-11T05:18:00.000","3.4","V","HO"
"X4361101090500","X4","36","2009-01-11T05:00:00.000",,"0","V","HO"
"X4331101090600","X4","33","2009-01-11T06:00:00.000",,"68","V","HO"
"X4341101090600","X4","34","2009-01-11T06:00:00.000",,"1023","V","HO"
"X4351101090600","X4","35","2009-01-11T06:00:00.000",,"0","V","HO"
"X4361101090600","X4","36","2009-01-11T06:00:00.000",,"0","V","HO"
"X4401101090600","X4","40","2009-01-11T06:00:00.000","2009-01-11T06:13:00.000","9.1","V","HO"
"X4421101090600","X4","42","2009-01-11T06:00:00.000","2009-01-11T06:58:00.000","8.8","V","HO"
"X4441101090600","X4","44","2009-01-11T06:00:00.000","2009-01-11T06:21:00.000","67","V","HO"
"X4501101090600","X4","50","2009-01-11T06:00:00.000","2009-01-11T06:08:00.000","4.1","V","HO"
"X4511101090600","X4","51","2009-01-11T06:00:00.000",,"13","V","HO"
"X4321101090600","X4","32","2009-01-11T06:00:00.000",,"9","V","HO"
"X4321101090700","X4","32","2009-01-11T07:00:00.000",,"8.7","V","HO"
"X4331101090700","X4","33","2009-01-11T07:00:00.000",,"69","V","HO"
"X4341101090700","X4","34","2009-01-11T07:00:00.000",,"1024","V","HO"
"X4351101090700","X4","35","2009-01-11T07:00:00.000",,"0","V","HO"
"X4511101090700","X4","51","2009-01-11T07:00:00.000",,"352","V","HO"
"X4401101090700","X4","40","2009-01-11T07:00:00.000","2009-01-11T07:00:00.000","8.9","V","HO"
"X4421101090700","X4","42","2009-01-11T07:00:00.000","2009-01-11T07:24:00.000","8.6","V","HO"
"X4441101090700","X4","44","2009-01-11T07:00:00.000","2009-01-11T07:04:00.000","68","V","HO"
"X4501101090700","X4","50","2009-01-11T07:00:00.000","2009-01-11T07:29:00.000","3.5","V","HO"
"X4361101090700","X4","36","2009-01-11T07:00:00.000",,"16","V","HO"
"X4321101090800","X4","32","2009-01-11T08:00:00.000",,"9.5","V","HO"
"X4331101090800","X4","33","2009-01-11T08:00:00.000",,"66","V","HO"
"X4341101090800","X4","34","2009-01-11T08:00:00.000",,"1025","V","HO"
"X4351101090800","X4","35","2009-01-11T08:00:00.000",,"0","V","HO"
"X4511101090800","X4","51","2009-01-11T08:00:00.000",,"266","V","HO"
"X4401101090800","X4","40","2009-01-11T08:00:00.000","2009-01-11T08:58:00.000","10.4","V","HO"
"X4421101090800","X4","42","2009-01-11T08:00:00.000","2009-01-11T08:00:00.000","8.7","V","HO"
"X4441101090800","X4","44","2009-01-11T08:00:00.000","2009-01-11T08:58:00.000","61","V","HO"
"X4501101090800","X4","50","2009-01-11T08:00:00.000","2009-01-11T08:13:00.000","2.2","V","HO"
"X4361101090800","X4","36","2009-01-11T08:00:00.000",,"146","V","HO"
"X4011101090900","X4","1","2009-01-11T09:00:00.000","2009-01-11T09:56:00.000","1026","V","HO"
"X4321101090900","X4","32","2009-01-11T09:00:00.000",,"11.5","V","HO"
"X4331101090900","X4","33","2009-01-11T09:00:00.000",,"57","V","HO"
"X4341101090900","X4","34","2009-01-11T09:00:00.000",,"1026","V","HO"
"X4351101090900","X4","35","2009-01-11T09:00:00.000",,"0","V","HO"
"X4511101090900","X4","51","2009-01-11T09:00:00.000",,"312","V","HO"
"X4401101090900","X4","40","2009-01-11T09:00:00.000","2009-01-11T09:58:00.000","12.5","V","HO"
"X4421101090900","X4","42","2009-01-11T09:00:00.000","2009-01-11T09:00:00.000","10.5","V","HO"
"X4441101090900","X4","44","2009-01-11T09:00:00.000","2009-01-11T09:58:00.000","53","V","HO"
"X4501101090900","X4","50","2009-01-11T09:00:00.000","2009-01-11T09:09:00.000","2.2","V","HO"
"X4361101090900","X4","36","2009-01-11T09:00:00.000",,"293","V","HO"
"X4321101091000","X4","32","2009-01-11T10:00:00.000",,"13.2","V","HO"
"X4331101091000","X4","33","2009-01-11T10:00:00.000",,"51","V","HO"
"X4341101091000","X4","34","2009-01-11T10:00:00.000",,"1026","V","HO"
"X4351101091000","X4","35","2009-01-11T10:00:00.000",,"0","V","HO"
"X4511101091000","X4","51","2009-01-11T10:00:00.000",,"64","V","HO"
"X4401101091000","X4","40","2009-01-11T10:00:00.000","2009-01-11T10:53:00.000","13.7","V","HO"
"X4421101091000","X4","42","2009-01-11T10:00:00.000","2009-01-11T10:00:00.000","12.5","V","HO"
"X4441101091000","X4","44","2009-01-11T10:00:00.000","2009-01-11T10:54:00.000","50","V","HO"
"X4501101091000","X4","50","2009-01-11T10:00:00.000","2009-01-11T10:27:00.000","2.2","V","HO"
"X4361101091000","X4","36","2009-01-11T10:00:00.000",,"397","V","HO"
"X4421101091100","X4","42","2009-01-11T11:00:00.000","2009-01-11T11:00:00.000","13.6","V","HO"
"X4441101091100","X4","44","2009-01-11T11:00:00.000","2009-01-11T11:33:00.000","47","V","HO"
"X4501101091100","X4","50","2009-01-11T11:00:00.000","2009-01-11T11:45:00.000","3.4","V","HO"
"X4511101091100","X4","51","2009-01-11T11:00:00.000",,"292","V","HO"
"X4401101091100","X4","40","2009-01-11T11:00:00.000","2009-01-11T11:44:00.000","14.2","V","HO"
"X4331101091100","X4","33","2009-01-11T11:00:00.000",,"49","V","HO"
"X4341101091100","X4","34","2009-01-11T11:00:00.000",,"1025","V","HO"
"X4351101091100","X4","35","2009-01-11T11:00:00.000",,"0","V","HO"
"X4361101091100","X4","36","2009-01-11T11:00:00.000",,"455","V","HO"
"X4321101091100","X4","32","2009-01-11T11:00:00.000",,"14","V","HO"
"X4511101091200","X4","51","2009-01-11T12:00:00.000",,"310","V","HO"
"X4501101091200","X4","50","2009-01-11T12:00:00.000","2009-01-11T12:09:00.000","4","V","HO"
"X4441101091200","X4","44","2009-01-11T12:00:00.000","2009-01-11T12:17:00.000","46","V","HO"
"X4401101091200","X4","40","2009-01-11T12:00:00.000","2009-01-11T12:19:00.000","14.8","V","HO"
"X4421101091200","X4","42","2009-01-11T12:00:00.000","2009-01-11T12:00:00.000","14.1","V","HO"
"X4361101091200","X4","36","2009-01-11T12:00:00.000",,"449","V","HO"
"X4351101091200","X4","35","2009-01-11T12:00:00.000",,"0","V","HO"
"X4341101091200","X4","34","2009-01-11T12:00:00.000",,"1024","V","HO"
"X4331101091200","X4","33","2009-01-11T12:00:00.000",,"48","V","HO"
"X4321101091200","X4","32","2009-01-11T12:00:00.000",,"14.5","V","HO"
"X4341101091300","X4","34","2009-01-11T13:00:00.000",,"1023","V","HO"
"X4351101091300","X4","35","2009-01-11T13:00:00.000",,"0","V","HO"
"X4361101091300","X4","36","2009-01-11T13:00:00.000",,"394","V","HO"
"X4321101091300","X4","32","2009-01-11T13:00:00.000",,"15","V","HO"
"X4331101091300","X4","33","2009-01-11T13:00:00.000",,"46","V","HO"
"X4401101091300","X4","40","2009-01-11T13:00:00.000","2009-01-11T13:46:00.000","15.3","V","HO"
"X4421101091300","X4","42","2009-01-11T13:00:00.000","2009-01-11T13:00:00.000","14.5","V","HO"
"X4441101091300","X4","44","2009-01-11T13:00:00.000","2009-01-11T13:52:00.000","44","V","HO"
"X4501101091300","X4","50","2009-01-11T13:00:00.000","2009-01-11T13:45:00.000","4.7","V","HO"
"X4511101091300","X4","51","2009-01-11T13:00:00.000",,"296","V","HO"
"X4341101091400","X4","34","2009-01-11T14:00:00.000",,"1023","V","HO"
"X4351101091400","X4","35","2009-01-11T14:00:00.000",,"0","V","HO"
"X4361101091400","X4","36","2009-01-11T14:00:00.000",,"298","V","HO"
"X4401101091400","X4","40","2009-01-11T14:00:00.000","2009-01-11T14:03:00.000","15","V","HO"
"X4331101091400","X4","33","2009-01-11T14:00:00.000",,"47","V","HO"
"X4321101091400","X4","32","2009-01-11T14:00:00.000",,"14.7","V","HO"
"X4441101091400","X4","44","2009-01-11T14:00:00.000","2009-01-11T14:03:00.000","45","V","HO"
"X4501101091400","X4","50","2009-01-11T14:00:00.000","2009-01-11T14:04:00.000","4","V","HO"
"X4511101091400","X4","51","2009-01-11T14:00:00.000",,"289","V","HO"
"X4421101091400","X4","42","2009-01-11T14:00:00.000","2009-01-11T14:20:00.000","14.4","V","HO"
"X4351101091500","X4","35","2009-01-11T15:00:00.000",,"0","V","HO"
"X4341101091500","X4","34","2009-01-11T15:00:00.000",,"1023","V","HO"
"X4511101091500","X4","51","2009-01-11T15:00:00.000",,"313","V","HO"
"X4331101091500","X4","33","2009-01-11T15:00:00.000",,"48","V","HO"
"X4361101091500","X4","36","2009-01-11T15:00:00.000",,"148","V","HO"
"X4501101091500","X4","50","2009-01-11T15:00:00.000","2009-01-11T15:53:00.000","4.2","V","HO"
"X4441101091500","X4","44","2009-01-11T15:00:00.000","2009-01-11T15:43:00.000","46","V","HO"
"X4421101091500","X4","42","2009-01-11T15:00:00.000","2009-01-11T15:58:00.000","14","V","HO"
"X4401101091500","X4","40","2009-01-11T15:00:00.000","2009-01-11T15:15:00.000","15","V","HO"
"X4321101091500","X4","32","2009-01-11T15:00:00.000",,"14.7","V","HO"
"X4321101091600","X4","32","2009-01-11T16:00:00.000",,"12.9","V","HO"
"X4331101091600","X4","33","2009-01-11T16:00:00.000",,"54","V","HO"
"X4511101091600","X4","51","2009-01-11T16:00:00.000",,"318","V","HO"
"X4501101091600","X4","50","2009-01-11T16:00:00.000","2009-01-11T16:05:00.000","4.3","V","HO"
"X4341101091600","X4","34","2009-01-11T16:00:00.000",,"1023","V","HO"
"X4421101091600","X4","42","2009-01-11T16:00:00.000","2009-01-11T16:58:00.000","12","V","HO"
"X4401101091600","X4","40","2009-01-11T16:00:00.000","2009-01-11T16:00:00.000","14","V","HO"
"X4361101091600","X4","36","2009-01-11T16:00:00.000",,"22","V","HO"
"X4351101091600","X4","35","2009-01-11T16:00:00.000",,"0","V","HO"
"X4441101091600","X4","44","2009-01-11T16:00:00.000","2009-01-11T16:00:00.000","51","V","HO"
"X4321101091700","X4","32","2009-01-11T17:00:00.000",,"11.4","V","HO"
"X4331101091700","X4","33","2009-01-11T17:00:00.000",,"60","V","HO"
"X4341101091700","X4","34","2009-01-11T17:00:00.000",,"1023","V","HO"
"X4351101091700","X4","35","2009-01-11T17:00:00.000",,"0","V","HO"
"X4511101091700","X4","51","2009-01-11T17:00:00.000",,"140","V","HO"
"X4401101091700","X4","40","2009-01-11T17:00:00.000","2009-01-11T17:00:00.000","12","V","HO"
"X4421101091700","X4","42","2009-01-11T17:00:00.000","2009-01-11T17:58:00.000","10.9","V","HO"
"X4441101091700","X4","44","2009-01-11T17:00:00.000","2009-01-11T17:00:00.000","58","V","HO"
"X4501101091700","X4","50","2009-01-11T17:00:00.000","2009-01-11T17:38:00.000","1.4","V","HO"
"X4361101091700","X4","36","2009-01-11T17:00:00.000",,"0","V","HO"
"X4321101091800","X4","32","2009-01-11T18:00:00.000",,"10.5","V","HO"
"X4331101091800","X4","33","2009-01-11T18:00:00.000",,"61","V","HO"
"X4341101091800","X4","34","2009-01-11T18:00:00.000",,"1024","V","HO"
"X4351101091800","X4","35","2009-01-11T18:00:00.000",,"0","V","HO"
"X4511101091800","X4","51","2009-01-11T18:00:00.000",,"346","V","HO"
"X4401101091800","X4","40","2009-01-11T18:00:00.000","2009-01-11T18:00:00.000","10.9","V","HO"
"X4421101091800","X4","42","2009-01-11T18:00:00.000","2009-01-11T18:58:00.000","9.9","V","HO"
"X4441101091800","X4","44","2009-01-11T18:00:00.000","2009-01-11T18:05:00.000","60","V","HO"
"X4501101091800","X4","50","2009-01-11T18:00:00.000","2009-01-11T18:10:00.000","2.3","V","HO"
"X4361101091800","X4","36","2009-01-11T18:00:00.000",,"0","V","HO"
"X4401101091900","X4","40","2009-01-11T19:00:00.000","2009-01-11T19:00:00.000","9.8","V","HO"
"X4361101091900","X4","36","2009-01-11T19:00:00.000",,"0","V","HO"
"X4421101091900","X4","42","2009-01-11T19:00:00.000","2009-01-11T19:58:00.000","9.3","V","HO"
"X4351101091900","X4","35","2009-01-11T19:00:00.000",,"0","V","HO"
"X4331101091900","X4","33","2009-01-11T19:00:00.000",,"62","V","HO"
"X4501101091900","X4","50","2009-01-11T19:00:00.000","2009-01-11T19:30:00.000","5","V","HO"
"X4511101091900","X4","51","2009-01-11T19:00:00.000",,"21","V","HO"
"X4321101091900","X4","32","2009-01-11T19:00:00.000",,"9.7","V","HO"
"X4341101091900","X4","34","2009-01-11T19:00:00.000",,"1024","V","HO"
"X4441101091900","X4","44","2009-01-11T19:00:00.000","2009-01-11T19:39:00.000","61","V","HO"
"X4321101092000","X4","32","2009-01-11T20:00:00.000",,"8.8","V","HO"
"X4331101092000","X4","33","2009-01-11T20:00:00.000",,"64","V","HO"
"X4341101092000","X4","34","2009-01-11T20:00:00.000",,"1024","V","HO"
"X4351101092000","X4","35","2009-01-11T20:00:00.000",,"0","V","HO"
"X4511101092000","X4","51","2009-01-11T20:00:00.000",,"267","V","HO"
"X4401101092000","X4","40","2009-01-11T20:00:00.000","2009-01-11T20:00:00.000","9.3","V","HO"
"X4421101092000","X4","42","2009-01-11T20:00:00.000","2009-01-11T20:44:00.000","8.5","V","HO"
"X4441101092000","X4","44","2009-01-11T20:00:00.000","2009-01-11T20:00:00.000","62","V","HO"
"X4501101092000","X4","50","2009-01-11T20:00:00.000","2009-01-11T20:04:00.000","2.5","V","HO"
"X4361101092000","X4","36","2009-01-11T20:00:00.000",,"0","V","HO"
"X4321101092100","X4","32","2009-01-11T21:00:00.000",,"8.4","V","HO"
"X4331101092100","X4","33","2009-01-11T21:00:00.000",,"63","V","HO"
"X4341101092100","X4","34","2009-01-11T21:00:00.000",,"1024","V","HO"
"X4351101092100","X4","35","2009-01-11T21:00:00.000",,"0","V","HO"
"X4511101092100","X4","51","2009-01-11T21:00:00.000",,"273","V","HO"
"X4401101092100","X4","40","2009-01-11T21:00:00.000","2009-01-11T21:00:00.000","8.6","V","HO"
"X4421101092100","X4","42","2009-01-11T21:00:00.000","2009-01-11T21:52:00.000","8.3","V","HO"
"X4441101092100","X4","44","2009-01-11T21:00:00.000","2009-01-11T21:38:00.000","62","V","HO"
"X4501101092100","X4","50","2009-01-11T21:00:00.000","2009-01-11T21:10:00.000","2.6","V","HO"
"X4361101092100","X4","36","2009-01-11T21:00:00.000",,"0","V","HO"
"X4321101092200","X4","32","2009-01-11T22:00:00.000",,"8.2","V","HO"
"X4331101092200","X4","33","2009-01-11T22:00:00.000",,"62","V","HO"
"X4341101092200","X4","34","2009-01-11T22:00:00.000",,"1024","V","HO"
"X4351101092200","X4","35","2009-01-11T22:00:00.000",,"0","V","HO"
"X4511101092200","X4","51","2009-01-11T22:00:00.000",,"8","V","HO"
"X4401101092200","X4","40","2009-01-11T22:00:00.000","2009-01-11T22:11:00.000","8.5","V","HO"
"X4421101092200","X4","42","2009-01-11T22:00:00.000","2009-01-11T22:58:00.000","7.9","V","HO"
"X4441101092200","X4","44","2009-01-11T22:00:00.000","2009-01-11T22:17:00.000","61","V","HO"
"X4501101092200","X4","50","2009-01-11T22:00:00.000","2009-01-11T22:16:00.000","2.6","V","HO"
"X4361101092200","X4","36","2009-01-11T22:00:00.000",,"0","V","HO"
"X4321101092300","X4","32","2009-01-11T23:00:00.000",,"7.6","V","HO"
"X4331101092300","X4","33","2009-01-11T23:00:00.000",,"66","V","HO"
"X4341101092300","X4","34","2009-01-11T23:00:00.000",,"1024","V","HO"
"X4351101092300","X4","35","2009-01-11T23:00:00.000",,"0","V","HO"
"X4511101092300","X4","51","2009-01-11T23:00:00.000",,"289","V","HO"
"X4401101092300","X4","40","2009-01-11T23:00:00.000","2009-01-11T23:00:00.000","7.9","V","HO"
"X4421101092300","X4","42","2009-01-11T23:00:00.000","2009-01-11T23:58:00.000","7.4","V","HO"
"X4441101092300","X4","44","2009-01-11T23:00:00.000","2009-01-11T23:00:00.000","64","V","HO"
"X4501101092300","X4","50","2009-01-11T23:00:00.000","2009-01-11T23:30:00.000","1.6","V","HO"
"X4361101092300","X4","36","2009-01-11T23:00:00.000",,"0","V","HO"
"X4011201090000","X4","1","2009-01-12T00:00:00.000","2009-01-12T00:30:00.000","1024","V","HO"
"X4511201090000","X4","51","2009-01-12T00:00:00.000",,"321","V","HO"
"X4321201090000","X4","32","2009-01-12T00:00:00.000",,"7.4","V","HO"
"X4331201090000","X4","33","2009-01-12T00:00:00.000",,"67","V","HO"
"X4341201090000","X4","34","2009-01-12T00:00:00.000",,"1024","V","HO"
"X4501201090000","X4","50","2009-01-12T00:00:00.000","2009-01-12T00:17:00.000","2.2","V","HO"
"X4361201090000","X4","36","2009-01-12T00:00:00.000",,"0","V","HO"
"X4401201090000","X4","40","2009-01-12T00:00:00.000","2009-01-12T00:24:00.000","7.5","V","HO"
"X4421201090000","X4","42","2009-01-12T00:00:00.000","2009-01-12T00:08:00.000","7.3","V","HO"
"X4441201090000","X4","44","2009-01-12T00:00:00.000","2009-01-12T00:23:00.000","66","V","HO"
"X4351201090000","X4","35","2009-01-12T00:00:00.000",,"0","V","HO"
"X4321201090100","X4","32","2009-01-12T01:00:00.000",,"7.4","V","HO"
"X4331201090100","X4","33","2009-01-12T01:00:00.000",,"67","V","HO"
"X4341201090100","X4","34","2009-01-12T01:00:00.000",,"1024","V","HO"
"X4511201090100","X4","51","2009-01-12T01:00:00.000",,"313","V","HO"
"X4421201090100","X4","42","2009-01-12T01:00:00.000","2009-01-12T01:48:00.000","7.2","V","HO"
"X4441201090100","X4","44","2009-01-12T01:00:00.000","2009-01-12T01:09:00.000","66","V","HO"
"X4351201090100","X4","35","2009-01-12T01:00:00.000",,"0","V","HO"
"X4361201090100","X4","36","2009-01-12T01:00:00.000",,"0","V","HO"
"X4401201090100","X4","40","2009-01-12T01:00:00.000","2009-01-12T01:10:00.000","7.6","V","HO"
"X4501201090100","X4","50","2009-01-12T01:00:00.000","2009-01-12T01:09:00.000","2.9","V","HO"
"X4321201090200","X4","32","2009-01-12T02:00:00.000",,"7.2","V","HO"
"X4331201090200","X4","33","2009-01-12T02:00:00.000",,"67","V","HO"
"X4341201090200","X4","34","2009-01-12T02:00:00.000",,"1023","V","HO"
"X4351201090200","X4","35","2009-01-12T02:00:00.000",,"0","V","HO"
"X4511201090200","X4","51","2009-01-12T02:00:00.000",,"293","V","HO"
"X4401201090200","X4","40","2009-01-12T02:00:00.000","2009-01-12T02:14:00.000","7.4","V","HO"
"X4421201090200","X4","42","2009-01-12T02:00:00.000","2009-01-12T02:52:00.000","6.9","V","HO"
"X4441201090200","X4","44","2009-01-12T02:00:00.000","2009-01-12T02:07:00.000","66","V","HO"
"X4501201090200","X4","50","2009-01-12T02:00:00.000","2009-01-12T02:10:00.000","2.1","V","HO"
"X4361201090200","X4","36","2009-01-12T02:00:00.000",,"0","V","HO"
"X4511201090300","X4","51","2009-01-12T03:00:00.000",,"325","V","HO"
"X4321201090300","X4","32","2009-01-12T03:00:00.000",,"7.2","V","HO"
"X4331201090300","X4","33","2009-01-12T03:00:00.000",,"65","V","HO"
"X4341201090300","X4","34","2009-01-12T03:00:00.000",,"1023","V","HO"
"X4501201090300","X4","50","2009-01-12T03:00:00.000","2009-01-12T03:50:00.000","2.2","V","HO"
"X4361201090300","X4","36","2009-01-12T03:00:00.000",,"0","V","HO"
"X4401201090300","X4","40","2009-01-12T03:00:00.000","2009-01-12T03:14:00.000","7.3","V","HO"
"X4421201090300","X4","42","2009-01-12T03:00:00.000","2009-01-12T03:04:00.000","7","V","HO"
"X4441201090300","X4","44","2009-01-12T03:00:00.000","2009-01-12T03:53:00.000","63","V","HO"
"X4351201090300","X4","35","2009-01-12T03:00:00.000",,"0","V","HO"
"X4321201090400","X4","32","2009-01-12T04:00:00.000",,"7.1","V","HO"
"X4331201090400","X4","33","2009-01-12T04:00:00.000",,"65","V","HO"
"X4341201090400","X4","34","2009-01-12T04:00:00.000",,"1023","V","HO"
"X4351201090400","X4","35","2009-01-12T04:00:00.000",,"0","V","HO"
"X4511201090400","X4","51","2009-01-12T04:00:00.000",,"287","V","HO"
"X4401201090400","X4","40","2009-01-12T04:00:00.000","2009-01-12T04:03:00.000","7.3","V","HO"
"X4421201090400","X4","42","2009-01-12T04:00:00.000","2009-01-12T04:58:00.000","7","V","HO"
"X4441201090400","X4","44","2009-01-12T04:00:00.000","2009-01-12T04:03:00.000","64","V","HO"
"X4501201090400","X4","50","2009-01-12T04:00:00.000","2009-01-12T04:26:00.000","2.1","V","HO"
"X4361201090400","X4","36","2009-01-12T04:00:00.000",,"0","V","HO"
"X4321201090500","X4","32","2009-01-12T05:00:00.000",,"6.7","V","HO"
"X4331201090500","X4","33","2009-01-12T05:00:00.000",,"66","V","HO"
"X4341201090500","X4","34","2009-01-12T05:00:00.000",,"1023","V","HO"
"X4351201090500","X4","35","2009-01-12T05:00:00.000",,"0","V","HO"
"X4511201090500","X4","51","2009-01-12T05:00:00.000",,"296","V","HO"
"X4401201090500","X4","40","2009-01-12T05:00:00.000","2009-01-12T05:00:00.000","7","V","HO"
"X4421201090500","X4","42","2009-01-12T05:00:00.000","2009-01-12T05:44:00.000","6.5","V","HO"
"X4441201090500","X4","44","2009-01-12T05:00:00.000","2009-01-12T05:00:00.000","65","V","HO"
"X4501201090500","X4","50","2009-01-12T05:00:00.000","2009-01-12T05:56:00.000","1.8","V","HO"
"X4361201090500","X4","36","2009-01-12T05:00:00.000",,"0","V","HO"
"X4321201090600","X4","32","2009-01-12T06:00:00.000",,"6.7","V","HO"
"X4331201090600","X4","33","2009-01-12T06:00:00.000",,"65","V","HO"
"X4341201090600","X4","34","2009-01-12T06:00:00.000",,"1023","V","HO"
"X4351201090600","X4","35","2009-01-12T06:00:00.000",,"0","V","HO"
"X4361201090600","X4","36","2009-01-12T06:00:00.000",,"0","V","HO"
"X4401201090600","X4","40","2009-01-12T06:00:00.000","2009-01-12T06:23:00.000","7","V","HO"
"X4421201090600","X4","42","2009-01-12T06:00:00.000","2009-01-12T06:53:00.000","6.5","V","HO"
"X4441201090600","X4","44","2009-01-12T06:00:00.000","2009-01-12T06:25:00.000","63","V","HO"
"X4501201090600","X4","50","2009-01-12T06:00:00.000","2009-01-12T06:04:00.000","1.7","V","HO"
"X4511201090600","X4","51","2009-01-12T06:00:00.000",,"267","V","HO"
"X4321201090700","X4","32","2009-01-12T07:00:00.000",,"7.1","V","HO"
"X4331201090700","X4","33","2009-01-12T07:00:00.000",,"64","V","HO"
"X4341201090700","X4","34","2009-01-12T07:00:00.000",,"1023","V","HO"
"X4351201090700","X4","35","2009-01-12T07:00:00.000",,"0","V","HO"
"X4511201090700","X4","51","2009-01-12T07:00:00.000",,"344","V","HO"
"X4401201090700","X4","40","2009-01-12T07:00:00.000","2009-01-12T07:58:00.000","8.2","V","HO"
"X4421201090700","X4","42","2009-01-12T07:00:00.000","2009-01-12T07:10:00.000","6.4","V","HO"
"X4441201090700","X4","44","2009-01-12T07:00:00.000","2009-01-12T07:41:00.000","59","V","HO"
"X4501201090700","X4","50","2009-01-12T07:00:00.000","2009-01-12T07:26:00.000","2.5","V","HO"
"X4361201090700","X4","36","2009-01-12T07:00:00.000",,"25","V","HO"
"X4331201090800","X4","33","2009-01-12T08:00:00.000",,"55","V","HO"
"X4321201090800","X4","32","2009-01-12T08:00:00.000",,"9.7","V","HO"
"X4361201090800","X4","36","2009-01-12T08:00:00.000",,"152","V","HO"
"X4511201090800","X4","51","2009-01-12T08:00:00.000",,"271","V","HO"
"X4501201090800","X4","50","2009-01-12T08:00:00.000","2009-01-12T08:01:00.000","1.5","V","HO"
"X4441201090800","X4","44","2009-01-12T08:00:00.000","2009-01-12T08:58:00.000","47","V","HO"
"X4421201090800","X4","42","2009-01-12T08:00:00.000","2009-01-12T08:00:00.000","8.3","V","HO"
"X4401201090800","X4","40","2009-01-12T08:00:00.000","2009-01-12T08:58:00.000","11.3","V","HO"
"X4351201090800","X4","35","2009-01-12T08:00:00.000",,"0","V","HO"
"X4341201090800","X4","34","2009-01-12T08:00:00.000",,"1023","V","HO"
"X4321201090900","X4","32","2009-01-12T09:00:00.000",,"12.3","V","HO"
"X4331201090900","X4","33","2009-01-12T09:00:00.000",,"39","V","HO"
"X4341201090900","X4","34","2009-01-12T09:00:00.000",,"1023","V","HO"
"X4351201090900","X4","35","2009-01-12T09:00:00.000",,"0","V","HO"
"X4511201090900","X4","51","2009-01-12T09:00:00.000",,"325","V","HO"
"X4401201090900","X4","40","2009-01-12T09:00:00.000","2009-01-12T09:51:00.000","13.5","V","HO"
"X4421201090900","X4","42","2009-01-12T09:00:00.000","2009-01-12T09:00:00.000","11.3","V","HO"
"X4441201090900","X4","44","2009-01-12T09:00:00.000","2009-01-12T09:47:00.000","34","V","HO"
"X4501201090900","X4","50","2009-01-12T09:00:00.000","2009-01-12T09:10:00.000","4","V","HO"
"X4361201090900","X4","36","2009-01-12T09:00:00.000",,"301","V","HO"
"X4321201091000","X4","32","2009-01-12T10:00:00.000",,"14.4","V","HO"
"X4331201091000","X4","33","2009-01-12T10:00:00.000",,"34","V","HO"
"X4341201091000","X4","34","2009-01-12T10:00:00.000",,"1023","V","HO"
"X4351201091000","X4","35","2009-01-12T10:00:00.000",,"0","V","HO"
"X4511201091000","X4","51","2009-01-12T10:00:00.000",,"73","V","HO"
"X4401201091000","X4","40","2009-01-12T10:00:00.000","2009-01-12T10:56:00.000","15.4","V","HO"
"X4421201091000","X4","42","2009-01-12T10:00:00.000","2009-01-12T10:00:00.000","13.5","V","HO"
"X4441201091000","X4","44","2009-01-12T10:00:00.000","2009-01-12T10:57:00.000","29","V","HO"
"X4501201091000","X4","50","2009-01-12T10:00:00.000","2009-01-12T10:15:00.000","1.9","V","HO"
"X4361201091000","X4","36","2009-01-12T10:00:00.000",,"411","V","HO"
"X4331201091100","X4","33","2009-01-12T11:00:00.000",,"28","V","HO"
"X4341201091100","X4","34","2009-01-12T11:00:00.000",,"1022","V","HO"
"X4351201091100","X4","35","2009-01-12T11:00:00.000",,"0","V","HO"
"X4361201091100","X4","36","2009-01-12T11:00:00.000",,"471","V","HO"
"X4321201091100","X4","32","2009-01-12T11:00:00.000",,"15.8","V","HO"
"X4421201091100","X4","42","2009-01-12T11:00:00.000","2009-01-12T11:03:00.000","15.3","V","HO"
"X4441201091100","X4","44","2009-01-12T11:00:00.000","2009-01-12T11:54:00.000","26","V","HO"
"X4501201091100","X4","50","2009-01-12T11:00:00.000","2009-01-12T11:11:00.000","3.6","V","HO"
"X4511201091100","X4","51","2009-01-12T11:00:00.000",,"3","V","HO"
"X4401201091100","X4","40","2009-01-12T11:00:00.000","2009-01-12T11:57:00.000","16.3","V","HO"
"X4321201091200","X4","32","2009-01-12T12:00:00.000",,"16.6","V","HO"
"X4331201091200","X4","33","2009-01-12T12:00:00.000",,"25","V","HO"
"X4341201091200","X4","34","2009-01-12T12:00:00.000",,"1021","V","HO"
"X4351201091200","X4","35","2009-01-12T12:00:00.000",,"0","V","HO"
"X4511201091200","X4","51","2009-01-12T12:00:00.000",,"46","V","HO"
"X4401201091200","X4","40","2009-01-12T12:00:00.000","2009-01-12T12:27:00.000","16.8","V","HO"
"X4421201091200","X4","42","2009-01-12T12:00:00.000","2009-01-12T12:00:00.000","16.3","V","HO"
"X4441201091200","X4","44","2009-01-12T12:00:00.000","2009-01-12T12:43:00.000","22","V","HO"
"X4501201091200","X4","50","2009-01-12T12:00:00.000","2009-01-12T12:54:00.000","3.6","V","HO"
"X4361201091200","X4","36","2009-01-12T12:00:00.000",,"468","V","HO"
"X4441201091300","X4","44","2009-01-12T13:00:00.000","2009-01-12T13:54:00.000","22","V","HO"
"X4501201091300","X4","50","2009-01-12T13:00:00.000","2009-01-12T13:10:00.000","3.5","V","HO"
"X4511201091300","X4","51","2009-01-12T13:00:00.000",,"104","V","HO"
"X4321201091300","X4","32","2009-01-12T13:00:00.000",,"16.7","V","HO"
"X4331201091300","X4","33","2009-01-12T13:00:00.000",,"24","V","HO"
"X4341201091300","X4","34","2009-01-12T13:00:00.000",,"1021","V","HO"
"X4351201091300","X4","35","2009-01-12T13:00:00.000",,"0","V","HO"
"X4361201091300","X4","36","2009-01-12T13:00:00.000",,"411","V","HO"
"X4401201091300","X4","40","2009-01-12T13:00:00.000","2009-01-12T13:20:00.000","16.9","V","HO"
"X4421201091300","X4","42","2009-01-12T13:00:00.000","2009-01-12T13:47:00.000","16.4","V","HO"
"X4321201091400","X4","32","2009-01-12T14:00:00.000",,"16.5","V","HO"
"X4331201091400","X4","33","2009-01-12T14:00:00.000",,"24","V","HO"
"X4341201091400","X4","34","2009-01-12T14:00:00.000",,"1021","V","HO"
"X4351201091400","X4","35","2009-01-12T14:00:00.000",,"0","V","HO"
"X4511201091400","X4","51","2009-01-12T14:00:00.000",,"93","V","HO"
"X4401201091400","X4","40","2009-01-12T14:00:00.000","2009-01-12T14:21:00.000","16.8","V","HO"
"X4421201091400","X4","42","2009-01-12T14:00:00.000","2009-01-12T14:54:00.000","16","V","HO"
"X4441201091400","X4","44","2009-01-12T14:00:00.000","2009-01-12T14:17:00.000","23","V","HO"
"X4501201091400","X4","50","2009-01-12T14:00:00.000","2009-01-12T14:40:00.000","3.5","V","HO"
"X4361201091400","X4","36","2009-01-12T14:00:00.000",,"299","V","HO"
"X4441201091500","X4","44","2009-01-12T15:00:00.000","2009-01-12T15:00:00.000","23","V","HO"
"X4501201091500","X4","50","2009-01-12T15:00:00.000","2009-01-12T15:22:00.000","3.7","V","HO"
"X4511201091500","X4","51","2009-01-12T15:00:00.000",,"77","V","HO"
"X4321201091500","X4","32","2009-01-12T15:00:00.000",,"15.2","V","HO"
"X4421201091500","X4","42","2009-01-12T15:00:00.000","2009-01-12T15:58:00.000","13.7","V","HO"
"X4341201091500","X4","34","2009-01-12T15:00:00.000",,"1021","V","HO"
"X4351201091500","X4","35","2009-01-12T15:00:00.000",,"0","V","HO"
"X4361201091500","X4","36","2009-01-12T15:00:00.000",,"153","V","HO"
"X4401201091500","X4","40","2009-01-12T15:00:00.000","2009-01-12T15:01:00.000","16.1","V","HO"
"X4331201091500","X4","33","2009-01-12T15:00:00.000",,"40","V","HO"
"X4321201091600","X4","32","2009-01-12T16:00:00.000",,"12.8","V","HO"
"X4331201091600","X4","33","2009-01-12T16:00:00.000",,"62","V","HO"
"X4341201091600","X4","34","2009-01-12T16:00:00.000",,"1021","V","HO"
"X4351201091600","X4","35","2009-01-12T16:00:00.000",,"0","V","HO"
"X4511201091600","X4","51","2009-01-12T16:00:00.000",,"130","V","HO"
"X4401201091600","X4","40","2009-01-12T16:00:00.000","2009-01-12T16:00:00.000","13.7","V","HO"
"X4421201091600","X4","42","2009-01-12T16:00:00.000","2009-01-12T16:58:00.000","12.1","V","HO"
"X4441201091600","X4","44","2009-01-12T16:00:00.000","2009-01-12T16:00:00.000","59","V","HO"
"X4501201091600","X4","50","2009-01-12T16:00:00.000","2009-01-12T16:07:00.000","2.6","V","HO"
"X4361201091600","X4","36","2009-01-12T16:00:00.000",,"22","V","HO"
"X4321201091700","X4","32","2009-01-12T17:00:00.000",,"11.7","V","HO"
"X4511201091700","X4","51","2009-01-12T17:00:00.000",,"158","V","HO"
"X4501201091700","X4","50","2009-01-12T17:00:00.000","2009-01-12T17:57:00.000","1.7","V","HO"
"X4441201091700","X4","44","2009-01-12T17:00:00.000","2009-01-12T17:00:00.000","65","V","HO"
"X4421201091700","X4","42","2009-01-12T17:00:00.000","2009-01-12T17:58:00.000","11.4","V","HO"
"X4401201091700","X4","40","2009-01-12T17:00:00.000","2009-01-12T17:00:00.000","12.1","V","HO"
"X4361201091700","X4","36","2009-01-12T17:00:00.000",,"0","V","HO"
"X4351201091700","X4","35","2009-01-12T17:00:00.000",,"0","V","HO"
"X4331201091700","X4","33","2009-01-12T17:00:00.000",,"66","V","HO"
"X4341201091700","X4","34","2009-01-12T17:00:00.000",,"1021","V","HO"
"X4321201091800","X4","32","2009-01-12T18:00:00.000",,"11","V","HO"
"X4511201091800","X4","51","2009-01-12T18:00:00.000",,"263","V","HO"
"X4501201091800","X4","50","2009-01-12T18:00:00.000","2009-01-12T18:24:00.000","1.8","V","HO"
"X4441201091800","X4","44","2009-01-12T18:00:00.000","2009-01-12T18:51:00.000","57","V","HO"
"X4421201091800","X4","42","2009-01-12T18:00:00.000","2009-01-12T18:58:00.000","10.7","V","HO"
"X4401201091800","X4","40","2009-01-12T18:00:00.000","2009-01-12T18:00:00.000","11.4","V","HO"
"X4361201091800","X4","36","2009-01-12T18:00:00.000",,"0","V","HO"
"X4351201091800","X4","35","2009-01-12T18:00:00.000",,"0","V","HO"
"X4341201091800","X4","34","2009-01-12T18:00:00.000",,"1021","V","HO"
"X4331201091800","X4","33","2009-01-12T18:00:00.000",,"62","V","HO"
"X4511201091900","X4","51","2009-01-12T19:00:00.000",,"298","V","HO"
"X4321201091900","X4","32","2009-01-12T19:00:00.000",,"10.5","V","HO"
"X4331201091900","X4","33","2009-01-12T19:00:00.000",,"56","V","HO"
"X4341201091900","X4","34","2009-01-12T19:00:00.000",,"1020","V","HO"
"X4351201091900","X4","35","2009-01-12T19:00:00.000",,"0","V","HO"
"X4361201091900","X4","36","2009-01-12T19:00:00.000",,"0","V","HO"
"X4401201091900","X4","40","2009-01-12T19:00:00.000","2009-01-12T19:00:00.000","10.7","V","HO"
"X4421201091900","X4","42","2009-01-12T19:00:00.000","2009-01-12T19:47:00.000","10.4","V","HO"
"X4441201091900","X4","44","2009-01-12T19:00:00.000","2009-01-12T19:58:00.000","51","V","HO"
"X4501201091900","X4","50","2009-01-12T19:00:00.000","2009-01-12T19:21:00.000","3","V","HO"
"X4421201092000","X4","42","2009-01-12T20:00:00.000","2009-01-12T20:49:00.000","9.7","V","HO"
"X4441201092000","X4","44","2009-01-12T20:00:00.000","2009-01-12T20:27:00.000","48","V","HO"
"X4501201092000","X4","50","2009-01-12T20:00:00.000","2009-01-12T20:08:00.000","3.2","V","HO"
"X4511201092000","X4","51","2009-01-12T20:00:00.000",,"309","V","HO"
"X4401201092000","X4","40","2009-01-12T20:00:00.000","2009-01-12T20:01:00.000","10.4","V","HO"
"X4331201092000","X4","33","2009-01-12T20:00:00.000",,"48","V","HO"
"X4341201092000","X4","34","2009-01-12T20:00:00.000",,"1020","V","HO"
"X4351201092000","X4","35","2009-01-12T20:00:00.000",,"0","V","HO"
"X4361201092000","X4","36","2009-01-12T20:00:00.000",,"0","V","HO"
"X4321201092000","X4","32","2009-01-12T20:00:00.000",,"10.2","V","HO"
"X4321201092100","X4","32","2009-01-12T21:00:00.000",,"9.8","V","HO"
"X4511201092100","X4","51","2009-01-12T21:00:00.000",,"306","V","HO"
"X4501201092100","X4","50","2009-01-12T21:00:00.000","2009-01-12T21:28:00.000","2.6","V","HO"
"X4421201092100","X4","42","2009-01-12T21:00:00.000","2009-01-12T21:58:00.000","9.6","V","HO"
"X4441201092100","X4","44","2009-01-12T21:00:00.000","2009-01-12T21:29:00.000","46","V","HO"
"X4401201092100","X4","40","2009-01-12T21:00:00.000","2009-01-12T21:00:00.000","9.9","V","HO"
"X4361201092100","X4","36","2009-01-12T21:00:00.000",,"0","V","HO"
"X4351201092100","X4","35","2009-01-12T21:00:00.000",,"0","V","HO"
"X4341201092100","X4","34","2009-01-12T21:00:00.000",,"1019","V","HO"
"X4331201092100","X4","33","2009-01-12T21:00:00.000",,"47","V","HO"
"X4331201092200","X4","33","2009-01-12T22:00:00.000",,"47","V","HO"
"X4341201092200","X4","34","2009-01-12T22:00:00.000",,"1019","V","HO"
"X4351201092200","X4","35","2009-01-12T22:00:00.000",,"0","V","HO"
"X4361201092200","X4","36","2009-01-12T22:00:00.000",,"0","V","HO"
"X4321201092200","X4","32","2009-01-12T22:00:00.000",,"9.5","V","HO"
"X4421201092200","X4","42","2009-01-12T22:00:00.000","2009-01-12T22:58:00.000","9.3","V","HO"
"X4441201092200","X4","44","2009-01-12T22:00:00.000","2009-01-12T22:04:00.000","46","V","HO"
"X4501201092200","X4","50","2009-01-12T22:00:00.000","2009-01-12T22:09:00.000","3.2","V","HO"
"X4511201092200","X4","51","2009-01-12T22:00:00.000",,"275","V","HO"
"X4401201092200","X4","40","2009-01-12T22:00:00.000","2009-01-12T22:02:00.000","9.6","V","HO"
"X4021201092300","X4","2","2009-01-12T23:00:00.000","2009-01-12T23:58:00.000","1018","V","HO"
"X4321201092300","X4","32","2009-01-12T23:00:00.000",,"9","V","HO"
"X4331201092300","X4","33","2009-01-12T23:00:00.000",,"52","V","HO"
"X4341201092300","X4","34","2009-01-12T23:00:00.000",,"1018","V","HO"
"X4351201092300","X4","35","2009-01-12T23:00:00.000",,"0","V","HO"
"X4511201092300","X4","51","2009-01-12T23:00:00.000",,"284","V","HO"
"X4401201092300","X4","40","2009-01-12T23:00:00.000","2009-01-12T23:00:00.000","9.3","V","HO"
"X4421201092300","X4","42","2009-01-12T23:00:00.000","2009-01-12T23:57:00.000","8.7","V","HO"
"X4441201092300","X4","44","2009-01-12T23:00:00.000","2009-01-12T23:00:00.000","50","V","HO"
"X4501201092300","X4","50","2009-01-12T23:00:00.000","2009-01-12T23:13:00.000","2.7","V","HO"
"X4361201092300","X4","36","2009-01-12T23:00:00.000",,"0","V","HO"
"X4011301090000","X4","1","2009-01-13T00:00:00.000","2009-01-13T00:00:00.000","1018","V","HO"
"X4401301090000","X4","40","2009-01-13T00:00:00.000","2009-01-13T00:00:00.000","8.7","V","HO"
"X4421301090000","X4","42","2009-01-13T00:00:00.000","2009-01-13T00:11:00.000","8.3","V","HO"
"X4441301090000","X4","44","2009-01-13T00:00:00.000","2009-01-13T00:37:00.000","53","V","HO"
"X4501301090000","X4","50","2009-01-13T00:00:00.000","2009-01-13T00:27:00.000","2.3","V","HO"
"X4361301090000","X4","36","2009-01-13T00:00:00.000",,"0","V","HO"
"X4321301090000","X4","32","2009-01-13T00:00:00.000",,"8.4","V","HO"
"X4331301090000","X4","33","2009-01-13T00:00:00.000",,"54","V","HO"
"X4341301090000","X4","34","2009-01-13T00:00:00.000",,"1018","V","HO"
"X4351301090000","X4","35","2009-01-13T00:00:00.000",,"0","V","HO"
"X4511301090000","X4","51","2009-01-13T00:00:00.000",,"266","V","HO"
"X4351301090100","X4","35","2009-01-13T01:00:00.000",,"0","V","HO"
"X4361301090100","X4","36","2009-01-13T01:00:00.000",,"0","V","HO"
"X4401301090100","X4","40","2009-01-13T01:00:00.000","2009-01-13T01:00:00.000","8.3","V","HO"
"X4421301090100","X4","42","2009-01-13T01:00:00.000","2009-01-13T01:44:00.000","7.4","V","HO"
"X4441301090100","X4","44","2009-01-13T01:00:00.000","2009-01-13T01:00:00.000","54","V","HO"
"X4501301090100","X4","50","2009-01-13T01:00:00.000","2009-01-13T01:47:00.000","0.8","V","HO"
"X4511301090100","X4","51","2009-01-13T01:00:00.000",,"121","V","HO"
"X4321301090100","X4","32","2009-01-13T01:00:00.000",,"7.7","V","HO"
"X4331301090100","X4","33","2009-01-13T01:00:00.000",,"59","V","HO"
"X4341301090100","X4","34","2009-01-13T01:00:00.000",,"1017","V","HO"
"X4511301090200","X4","51","2009-01-13T02:00:00.000",,"264","V","HO"
"X4501301090200","X4","50","2009-01-13T02:00:00.000","2009-01-13T02:58:00.000","2.3","V","HO"
"X4421301090200","X4","42","2009-01-13T02:00:00.000","2009-01-13T02:29:00.000","7.2","V","HO"
"X4401301090200","X4","40","2009-01-13T02:00:00.000","2009-01-13T02:12:00.000","7.5","V","HO"
"X4361301090200","X4","36","2009-01-13T02:00:00.000",,"0","V","HO"
"X4351301090200","X4","35","2009-01-13T02:00:00.000",,"0","V","HO"
"X4341301090200","X4","34","2009-01-13T02:00:00.000",,"1017","V","HO"
"X4331301090200","X4","33","2009-01-13T02:00:00.000",,"62","V","HO"
"X4321301090200","X4","32","2009-01-13T02:00:00.000",,"7.3","V","HO"
"X4441301090200","X4","44","2009-01-13T02:00:00.000","2009-01-13T02:49:00.000","61","V","HO"
"X4421301090300","X4","42","2009-01-13T03:00:00.000","2009-01-13T03:55:00.000","6.3","V","HO"
"X4441301090300","X4","44","2009-01-13T03:00:00.000","2009-01-13T03:31:00.000","60","V","HO"
"X4501301090300","X4","50","2009-01-13T03:00:00.000","2009-01-13T03:03:00.000","1.7","V","HO"
"X4511301090300","X4","51","2009-01-13T03:00:00.000",,"253","V","HO"
"X4401301090300","X4","40","2009-01-13T03:00:00.000","2009-01-13T03:00:00.000","7.2","V","HO"
"X4331301090300","X4","33","2009-01-13T03:00:00.000",,"63","V","HO"
"X4341301090300","X4","34","2009-01-13T03:00:00.000",,"1016","V","HO"
"X4351301090300","X4","35","2009-01-13T03:00:00.000",,"0","V","HO"
"X4361301090300","X4","36","2009-01-13T03:00:00.000",,"0","V","HO"
"X4321301090300","X4","32","2009-01-13T03:00:00.000",,"6.8","V","HO"
"X4321301090400","X4","32","2009-01-13T04:00:00.000",,"6.5","V","HO"
"X4331301090400","X4","33","2009-01-13T04:00:00.000",,"65","V","HO"
"X4341301090400","X4","34","2009-01-13T04:00:00.000",,"1015","V","HO"
"X4351301090400","X4","35","2009-01-13T04:00:00.000",,"0","V","HO"
"X4511301090400","X4","51","2009-01-13T04:00:00.000",,"104","V","HO"
"X4401301090400","X4","40","2009-01-13T04:00:00.000","2009-01-13T04:34:00.000","6.6","V","HO"
"X4421301090400","X4","42","2009-01-13T04:00:00.000","2009-01-13T04:56:00.000","6.4","V","HO"
"X4441301090400","X4","44","2009-01-13T04:00:00.000","2009-01-13T04:13:00.000","63","V","HO"
"X4501301090400","X4","50","2009-01-13T04:00:00.000","2009-01-13T04:57:00.000","2","V","HO"
"X4361301090400","X4","36","2009-01-13T04:00:00.000",,"0","V","HO"
"X4321301090500","X4","32","2009-01-13T05:00:00.000",,"6.4","V","HO"
"X4331301090500","X4","33","2009-01-13T05:00:00.000",,"64","V","HO"
"X4341301090500","X4","34","2009-01-13T05:00:00.000",,"1015","V","HO"
"X4351301090500","X4","35","2009-01-13T05:00:00.000",,"0","V","HO"
"X4511301090500","X4","51","2009-01-13T05:00:00.000",,"82","V","HO"
"X4401301090500","X4","40","2009-01-13T05:00:00.000","2009-01-13T05:35:00.000","6.6","V","HO"
"X4421301090500","X4","42","2009-01-13T05:00:00.000","2009-01-13T05:24:00.000","6.3","V","HO"
"X4441301090500","X4","44","2009-01-13T05:00:00.000","2009-01-13T05:48:00.000","63","V","HO"
"X4501301090500","X4","50","2009-01-13T05:00:00.000","2009-01-13T05:05:00.000","2.1","V","HO"
"X4361301090500","X4","36","2009-01-13T05:00:00.000",,"0","V","HO"
"X4321301090600","X4","32","2009-01-13T06:00:00.000",,"6.1","V","HO"
"X4331301090600","X4","33","2009-01-13T06:00:00.000",,"62","V","HO"
"X4341301090600","X4","34","2009-01-13T06:00:00.000",,"1015","V","HO"
"X4351301090600","X4","35","2009-01-13T06:00:00.000",,"0","V","HO"
"X4511301090600","X4","51","2009-01-13T06:00:00.000",,"293","V","HO"
"X4401301090600","X4","40","2009-01-13T06:00:00.000","2009-01-13T06:09:00.000","6.3","V","HO"
"X4421301090600","X4","42","2009-01-13T06:00:00.000","2009-01-13T06:39:00.000","6","V","HO"
"X4441301090600","X4","44","2009-01-13T06:00:00.000","2009-01-13T06:58:00.000","61","V","HO"
"X4501301090600","X4","50","2009-01-13T06:00:00.000","2009-01-13T06:53:00.000","1.5","V","HO"
"X4361301090600","X4","36","2009-01-13T06:00:00.000",,"0","V","HO"
"X4321301090700","X4","32","2009-01-13T07:00:00.000",,"6.5","V","HO"
"X4331301090700","X4","33","2009-01-13T07:00:00.000",,"62","V","HO"
"X4511301090700","X4","51","2009-01-13T07:00:00.000",,"303","V","HO"
"X4501301090700","X4","50","2009-01-13T07:00:00.000","2009-01-13T07:51:00.000","1.8","V","HO"
"X4441301090700","X4","44","2009-01-13T07:00:00.000","2009-01-13T07:54:00.000","55","V","HO"
"X4421301090700","X4","42","2009-01-13T07:00:00.000","2009-01-13T07:15:00.000","5.8","V","HO"
"X4401301090700","X4","40","2009-01-13T07:00:00.000","2009-01-13T07:58:00.000","7.5","V","HO"
"X4361301090700","X4","36","2009-01-13T07:00:00.000",,"26","V","HO"
"X4351301090700","X4","35","2009-01-13T07:00:00.000",,"0","V","HO"
"X4341301090700","X4","34","2009-01-13T07:00:00.000",,"1014","V","HO"
"X4321301090800","X4","32","2009-01-13T08:00:00.000",,"8.7","V","HO"
"X4331301090800","X4","33","2009-01-13T08:00:00.000",,"54","V","HO"
"X4341301090800","X4","34","2009-01-13T08:00:00.000",,"1014","V","HO"
"X4351301090800","X4","35","2009-01-13T08:00:00.000",,"0","V","HO"
"X4511301090800","X4","51","2009-01-13T08:00:00.000",,"87","V","HO"
"X4401301090800","X4","40","2009-01-13T08:00:00.000","2009-01-13T08:58:00.000","10","V","HO"
"X4421301090800","X4","42","2009-01-13T08:00:00.000","2009-01-13T08:00:00.000","7.5","V","HO"
"X4441301090800","X4","44","2009-01-13T08:00:00.000","2009-01-13T08:54:00.000","50","V","HO"
"X4501301090800","X4","50","2009-01-13T08:00:00.000","2009-01-13T08:02:00.000","2.2","V","HO"
"X4361301090800","X4","36","2009-01-13T08:00:00.000",,"158","V","HO"
"X4321301090900","X4","32","2009-01-13T09:00:00.000",,"10.6","V","HO"
"X4331301090900","X4","33","2009-01-13T09:00:00.000",,"45","V","HO"
"X4341301090900","X4","34","2009-01-13T09:00:00.000",,"1014","V","HO"
"X4351301090900","X4","35","2009-01-13T09:00:00.000",,"0","V","HO"
"X4511301090900","X4","51","2009-01-13T09:00:00.000",,"245","V","HO"
"X4401301090900","X4","40","2009-01-13T09:00:00.000","2009-01-13T09:23:00.000","11","V","HO"
"X4421301090900","X4","42","2009-01-13T09:00:00.000","2009-01-13T09:00:00.000","10","V","HO"
"X4441301090900","X4","44","2009-01-13T09:00:00.000","2009-01-13T09:52:00.000","42","V","HO"
"X4501301090900","X4","50","2009-01-13T09:00:00.000","2009-01-13T09:40:00.000","2.6","V","HO"
"X4361301090900","X4","36","2009-01-13T09:00:00.000",,"308","V","HO"
"X4321301091000","X4","32","2009-01-13T10:00:00.000",,"11.7","V","HO"
"X4331301091000","X4","33","2009-01-13T10:00:00.000",,"38","V","HO"
"X4341301091000","X4","34","2009-01-13T10:00:00.000",,"1014","V","HO"
"X4351301091000","X4","35","2009-01-13T10:00:00.000",,"0","V","HO"
"X4511301091000","X4","51","2009-01-13T10:00:00.000",,"311","V","HO"
"X4401301091000","X4","40","2009-01-13T10:00:00.000","2009-01-13T10:52:00.000","12.3","V","HO"
"X4421301091000","X4","42","2009-01-13T10:00:00.000","2009-01-13T10:00:00.000","10.9","V","HO"
"X4441301091000","X4","44","2009-01-13T10:00:00.000","2009-01-13T10:58:00.000","34","V","HO"
"X4501301091000","X4","50","2009-01-13T10:00:00.000","2009-01-13T10:56:00.000","5.5","V","HO"
"X4361301091000","X4","36","2009-01-13T10:00:00.000",,"429","V","HO"
"X4501301091100","X4","50","2009-01-13T11:00:00.000","2009-01-13T11:57:00.000","7.9","V","HO"
"X4511301091100","X4","51","2009-01-13T11:00:00.000",,"328","V","HO"
"X4421301091100","X4","42","2009-01-13T11:00:00.000","2009-01-13T11:00:00.000","12.3","V","HO"
"X4441301091100","X4","44","2009-01-13T11:00:00.000","2009-01-13T11:53:00.000","29","V","HO"
"X4401301091100","X4","40","2009-01-13T11:00:00.000","2009-01-13T11:58:00.000","13.3","V","HO"
"X4361301091100","X4","36","2009-01-13T11:00:00.000",,"499","V","HO"
"X4351301091100","X4","35","2009-01-13T11:00:00.000",,"0","V","HO"
"X4341301091100","X4","34","2009-01-13T11:00:00.000",,"1013","V","HO"
"X4331301091100","X4","33","2009-01-13T11:00:00.000",,"32","V","HO"
"X4321301091100","X4","32","2009-01-13T11:00:00.000",,"12.7","V","HO"
"X4321301091200","X4","32","2009-01-13T12:00:00.000",,"13.8","V","HO"
"X4331301091200","X4","33","2009-01-13T12:00:00.000",,"28","V","HO"
"X4341301091200","X4","34","2009-01-13T12:00:00.000",,"1012","V","HO"
"X4351301091200","X4","35","2009-01-13T12:00:00.000",,"0","V","HO"
"X4361301091200","X4","36","2009-01-13T12:00:00.000",,"479","V","HO"
"X4401301091200","X4","40","2009-01-13T12:00:00.000","2009-01-13T12:40:00.000","14.3","V","HO"
"X4421301091200","X4","42","2009-01-13T12:00:00.000","2009-01-13T12:00:00.000","13.3","V","HO"
"X4441301091200","X4","44","2009-01-13T12:00:00.000","2009-01-13T12:43:00.000","28","V","HO"
"X4501301091200","X4","50","2009-01-13T12:00:00.000","2009-01-13T12:07:00.000","7.5","V","HO"
"X4511301091200","X4","51","2009-01-13T12:00:00.000",,"338","V","HO"
"X4321301091300","X4","32","2009-01-13T13:00:00.000",,"13.9","V","HO"
"X4331301091300","X4","33","2009-01-13T13:00:00.000",,"29","V","HO"
"X4341301091300","X4","34","2009-01-13T13:00:00.000",,"1011","V","HO"
"X4351301091300","X4","35","2009-01-13T13:00:00.000",,"0","V","HO"
"X4511301091300","X4","51","2009-01-13T13:00:00.000",,"343","V","HO"
"X4401301091300","X4","40","2009-01-13T13:00:00.000","2009-01-13T13:02:00.000","14.1","V","HO"
"X4421301091300","X4","42","2009-01-13T13:00:00.000","2009-01-13T13:52:00.000","13.7","V","HO"
"X4441301091300","X4","44","2009-01-13T13:00:00.000","2009-01-13T13:03:00.000","28","V","HO"
"X4501301091300","X4","50","2009-01-13T13:00:00.000","2009-01-13T13:16:00.000","6.6","V","HO"
"X4361301091300","X4","36","2009-01-13T13:00:00.000",,"386","V","HO"
"X4321301091400","X4","32","2009-01-13T14:00:00.000",,"13.2","V","HO"
"X4331301091400","X4","33","2009-01-13T14:00:00.000",,"29","V","HO"
"X4341301091400","X4","34","2009-01-13T14:00:00.000",,"1011","V","HO"
"X4351301091400","X4","35","2009-01-13T14:00:00.000",,"0","V","HO"
"X4511301091400","X4","51","2009-01-13T14:00:00.000",,"321","V","HO"
"X4401301091400","X4","40","2009-01-13T14:00:00.000","2009-01-13T14:05:00.000","14","V","HO"
"X4421301091400","X4","42","2009-01-13T14:00:00.000","2009-01-13T14:47:00.000","12.6","V","HO"
"X4441301091400","X4","44","2009-01-13T14:00:00.000","2009-01-13T14:28:00.000","28","V","HO"
"X4501301091400","X4","50","2009-01-13T14:00:00.000","2009-01-13T14:05:00.000","7.5","V","HO"
"X4361301091400","X4","36","2009-01-13T14:00:00.000",,"307","V","HO"
"X4321301091500","X4","32","2009-01-13T15:00:00.000",,"11.6","V","HO"
"X4331301091500","X4","33","2009-01-13T15:00:00.000",,"34","V","HO"
"X4341301091500","X4","34","2009-01-13T15:00:00.000",,"1010","V","HO"
"X4351301091500","X4","35","2009-01-13T15:00:00.000",,"0","V","HO"
"X4511301091500","X4","51","2009-01-13T15:00:00.000",,"314","V","HO"
"X4401301091500","X4","40","2009-01-13T15:00:00.000","2009-01-13T15:09:00.000","13","V","HO"
"X4421301091500","X4","42","2009-01-13T15:00:00.000","2009-01-13T15:58:00.000","9.7","V","HO"
"X4441301091500","X4","44","2009-01-13T15:00:00.000","2009-01-13T15:02:00.000","28","V","HO"
"X4501301091500","X4","50","2009-01-13T15:00:00.000","2009-01-13T15:57:00.000","10.3","V","HO"
"X4361301091500","X4","36","2009-01-13T15:00:00.000",,"120","V","HO"
"X4021301091600","X4","2","2009-01-13T16:00:00.000","2009-01-13T16:35:00.000","1010","V","HO"
"X4321301091600","X4","32","2009-01-13T16:00:00.000",,"8.7","V","HO"
"X4331301091600","X4","33","2009-01-13T16:00:00.000",,"46","V","HO"
"X4341301091600","X4","34","2009-01-13T16:00:00.000",,"1010","V","HO"
"X4351301091600","X4","35","2009-01-13T16:00:00.000",,"0","V","HO"
"X4511301091600","X4","51","2009-01-13T16:00:00.000",,"290","V","HO"
"X4401301091600","X4","40","2009-01-13T16:00:00.000","2009-01-13T16:00:00.000","9.7","V","HO"
"X4421301091600","X4","42","2009-01-13T16:00:00.000","2009-01-13T16:58:00.000","7.8","V","HO"
"X4441301091600","X4","44","2009-01-13T16:00:00.000","2009-01-13T16:00:00.000","42","V","HO"
"X4501301091600","X4","50","2009-01-13T16:00:00.000","2009-01-13T16:34:00.000","9.7","V","HO"
"X4361301091600","X4","36","2009-01-13T16:00:00.000",,"11","V","HO"
"X4331301091700","X4","33","2009-01-13T17:00:00.000",,"53","V","HO"
"X4341301091700","X4","34","2009-01-13T17:00:00.000",,"1010","V","HO"
"X4351301091700","X4","35","2009-01-13T17:00:00.000",,"0","V","HO"
"X4361301091700","X4","36","2009-01-13T17:00:00.000",,"0","V","HO"
"X4401301091700","X4","40","2009-01-13T17:00:00.000","2009-01-13T17:00:00.000","7.7","V","HO"
"X4421301091700","X4","42","2009-01-13T17:00:00.000","2009-01-13T17:36:00.000","7","V","HO"
"X4441301091700","X4","44","2009-01-13T17:00:00.000","2009-01-13T17:00:00.000","50","V","HO"
"X4501301091700","X4","50","2009-01-13T17:00:00.000","2009-01-13T17:02:00.000","9","V","HO"
"X4511301091700","X4","51","2009-01-13T17:00:00.000",,"295","V","HO"
"X4321301091700","X4","32","2009-01-13T17:00:00.000",,"7.2","V","HO"
"X4321301091800","X4","32","2009-01-13T18:00:00.000",,"7.7","V","HO"
"X4331301091800","X4","33","2009-01-13T18:00:00.000",,"49","V","HO"
"X4341301091800","X4","34","2009-01-13T18:00:00.000",,"1011","V","HO"
"X4351301091800","X4","35","2009-01-13T18:00:00.000",,"0","V","HO"
"X4511301091800","X4","51","2009-01-13T18:00:00.000",,"330","V","HO"
"X4401301091800","X4","40","2009-01-13T18:00:00.000","2009-01-13T18:58:00.000","8.1","V","HO"
"X4421301091800","X4","42","2009-01-13T18:00:00.000","2009-01-13T18:00:00.000","7.1","V","HO"
"X4441301091800","X4","44","2009-01-13T18:00:00.000","2009-01-13T18:57:00.000","46","V","HO"
"X4501301091800","X4","50","2009-01-13T18:00:00.000","2009-01-13T18:13:00.000","8.2","V","HO"
"X4361301091800","X4","36","2009-01-13T18:00:00.000",,"0","V","HO"
"X4321301091900","X4","32","2009-01-13T19:00:00.000",,"8.8","V","HO"
"X4331301091900","X4","33","2009-01-13T19:00:00.000",,"44","V","HO"
"X4341301091900","X4","34","2009-01-13T19:00:00.000",,"1011","V","HO"
"X4351301091900","X4","35","2009-01-13T19:00:00.000",,"0","V","HO"
"X4511301091900","X4","51","2009-01-13T19:00:00.000",,"359","V","HO"
"X4401301091900","X4","40","2009-01-13T19:00:00.000","2009-01-13T19:33:00.000","8.9","V","HO"
"X4421301091900","X4","42","2009-01-13T19:00:00.000","2009-01-13T19:00:00.000","8.2","V","HO"
"X4441301091900","X4","44","2009-01-13T19:00:00.000","2009-01-13T19:33:00.000","43","V","HO"
"X4501301091900","X4","50","2009-01-13T19:00:00.000","2009-01-13T19:28:00.000","7.1","V","HO"
"X4361301091900","X4","36","2009-01-13T19:00:00.000",,"0","V","HO"
"X4341301092000","X4","34","2009-01-13T20:00:00.000",,"1011","V","HO"
"X4331301092000","X4","33","2009-01-13T20:00:00.000",,"45","V","HO"
"X4351301092000","X4","35","2009-01-13T20:00:00.000",,"0","V","HO"
"X4361301092000","X4","36","2009-01-13T20:00:00.000",,"0","V","HO"
"X4511301092000","X4","51","2009-01-13T20:00:00.000",,"22","V","HO"
"X4421301092000","X4","42","2009-01-13T20:00:00.000","2009-01-13T20:28:00.000","8.7","V","HO"
"X4441301092000","X4","44","2009-01-13T20:00:00.000","2009-01-13T20:00:00.000","44","V","HO"
"X4321301092000","X4","32","2009-01-13T20:00:00.000",,"8.8","V","HO"
"X4501301092000","X4","50","2009-01-13T20:00:00.000","2009-01-13T20:37:00.000","4.7","V","HO"
"X4401301092000","X4","40","2009-01-13T20:00:00.000","2009-01-13T20:57:00.000","9.1","V","HO"
"X4321301092100","X4","32","2009-01-13T21:00:00.000",,"9.3","V","HO"
"X4331301092100","X4","33","2009-01-13T21:00:00.000",,"47","V","HO"
"X4341301092100","X4","34","2009-01-13T21:00:00.000",,"1011","V","HO"
"X4351301092100","X4","35","2009-01-13T21:00:00.000",,"0","V","HO"
"X4361301092100","X4","36","2009-01-13T21:00:00.000",,"0","V","HO"
"X4401301092100","X4","40","2009-01-13T21:00:00.000","2009-01-13T21:45:00.000","9.3","V","HO"
"X4421301092100","X4","42","2009-01-13T21:00:00.000","2009-01-13T21:00:00.000","9.1","V","HO"
"X4441301092100","X4","44","2009-01-13T21:00:00.000","2009-01-13T21:00:00.000","45","V","HO"
"X4501301092100","X4","50","2009-01-13T21:00:00.000","2009-01-13T21:09:00.000","5.2","V","HO"
"X4511301092100","X4","51","2009-01-13T21:00:00.000",,"18","V","HO"
"X4501301092200","X4","50","2009-01-13T22:00:00.000","2009-01-13T22:21:00.000","5.4","V","HO"
"X4511301092200","X4","51","2009-01-13T22:00:00.000",,"13","V","HO"
"X4421301092200","X4","42","2009-01-13T22:00:00.000","2009-01-13T22:07:00.000","9.2","V","HO"
"X4321301092200","X4","32","2009-01-13T22:00:00.000",,"9.3","V","HO"
"X4351301092200","X4","35","2009-01-13T22:00:00.000",,"0","V","HO"
"X4341301092200","X4","34","2009-01-13T22:00:00.000",,"1011","V","HO"
"X4361301092200","X4","36","2009-01-13T22:00:00.000",,"0","V","HO"
"X4401301092200","X4","40","2009-01-13T22:00:00.000","2009-01-13T22:58:00.000","9.5","V","HO"
"X4441301092200","X4","44","2009-01-13T22:00:00.000","2009-01-13T22:00:00.000","49","V","HO"
"X4331301092200","X4","33","2009-01-13T22:00:00.000",,"51","V","HO"
"X4441301092300","X4","44","2009-01-13T23:00:00.000","2009-01-13T23:00:00.000","53","V","HO"
"X4501301092300","X4","50","2009-01-13T23:00:00.000","2009-01-13T23:29:00.000","4.4","V","HO"
"X4421301092300","X4","42","2009-01-13T23:00:00.000","2009-01-13T23:00:00.000","9.5","V","HO"
"X4361301092300","X4","36","2009-01-13T23:00:00.000",,"0","V","HO"
"X4351301092300","X4","35","2009-01-13T23:00:00.000",,"0","V","HO"
"X4341301092300","X4","34","2009-01-13T23:00:00.000",,"1011","V","HO"
"X4331301092300","X4","33","2009-01-13T23:00:00.000",,"54","V","HO"
"X4321301092300","X4","32","2009-01-13T23:00:00.000",,"9.6","V","HO"
"X4401301092300","X4","40","2009-01-13T23:00:00.000","2009-01-13T23:58:00.000","9.7","V","HO"
"X4511301092300","X4","51","2009-01-13T23:00:00.000",,"3","V","HO"
"X4351401090000","X4","35","2009-01-14T00:00:00.000",,"0","V","HO"
"X4361401090000","X4","36","2009-01-14T00:00:00.000",,"0","V","HO"
"X4401401090000","X4","40","2009-01-14T00:00:00.000","2009-01-14T00:35:00.000","9.8","V","HO"
"X4421401090000","X4","42","2009-01-14T00:00:00.000","2009-01-14T00:58:00.000","9.7","V","HO"
"X4341401090000","X4","34","2009-01-14T00:00:00.000",,"1010","V","HO"
"X4501401090000","X4","50","2009-01-14T00:00:00.000","2009-01-14T00:05:00.000","3.1","V","HO"
"X4511401090000","X4","51","2009-01-14T00:00:00.000",,"352","V","HO"
"X4321401090000","X4","32","2009-01-14T00:00:00.000",,"9.7","V","HO"
"X4331401090000","X4","33","2009-01-14T00:00:00.000",,"55","V","HO"
"X4441401090000","X4","44","2009-01-14T00:00:00.000","2009-01-14T00:00:00.000","54","V","HO"
"X4501401090100","X4","50","2009-01-14T01:00:00.000","2009-01-14T01:48:00.000","3.8","V","HO"
"X4321401090100","X4","32","2009-01-14T01:00:00.000",,"9.3","V","HO"
"X4331401090100","X4","33","2009-01-14T01:00:00.000",,"55","V","HO"
"X4341401090100","X4","34","2009-01-14T01:00:00.000",,"1010","V","HO"
"X4351401090100","X4","35","2009-01-14T01:00:00.000",,"0","V","HO"
"X4511401090100","X4","51","2009-01-14T01:00:00.000",,"275","V","HO"
"X4401401090100","X4","40","2009-01-14T01:00:00.000","2009-01-14T01:00:00.000","9.7","V","HO"
"X4421401090100","X4","42","2009-01-14T01:00:00.000","2009-01-14T01:41:00.000","9.1","V","HO"
"X4021401090100","X4","2","2009-01-14T01:00:00.000","2009-01-14T01:48:00.000","1010","V","HO"
"X4441401090100","X4","44","2009-01-14T01:00:00.000","2009-01-14T01:12:00.000","53","V","HO"
"X4361401090100","X4","36","2009-01-14T01:00:00.000",,"0","V","HO"
"X4321401090200","X4","32","2009-01-14T02:00:00.000",,"9","V","HO"
"X4331401090200","X4","33","2009-01-14T02:00:00.000",,"58","V","HO"
"X4341401090200","X4","34","2009-01-14T02:00:00.000",,"1010","V","HO"
"X4351401090200","X4","35","2009-01-14T02:00:00.000",,"0","V","HO"
"X4511401090200","X4","51","2009-01-14T02:00:00.000",,"311","V","HO"
"X4401401090200","X4","40","2009-01-14T02:00:00.000","2009-01-14T02:02:00.000","9.2","V","HO"
"X4421401090200","X4","42","2009-01-14T02:00:00.000","2009-01-14T02:57:00.000","8.9","V","HO"
"X4441401090200","X4","44","2009-01-14T02:00:00.000","2009-01-14T02:40:00.000","57","V","HO"
"X4501401090200","X4","50","2009-01-14T02:00:00.000","2009-01-14T02:17:00.000","5","V","HO"
"X4361401090200","X4","36","2009-01-14T02:00:00.000",,"0","V","HO"
"X4321401090300","X4","32","2009-01-14T03:00:00.000",,"8.7","V","HO"
"X4511401090300","X4","51","2009-01-14T03:00:00.000",,"319","V","HO"
"X4341401090300","X4","34","2009-01-14T03:00:00.000",,"1010","V","HO"
"X4351401090300","X4","35","2009-01-14T03:00:00.000",,"0","V","HO"
"X4331401090300","X4","33","2009-01-14T03:00:00.000",,"56","V","HO"
"X4401401090300","X4","40","2009-01-14T03:00:00.000","2009-01-14T03:17:00.000","8.9","V","HO"
"X4421401090300","X4","42","2009-01-14T03:00:00.000","2009-01-14T03:58:00.000","8.3","V","HO"
"X4441401090300","X4","44","2009-01-14T03:00:00.000","2009-01-14T03:53:00.000","54","V","HO"
"X4501401090300","X4","50","2009-01-14T03:00:00.000","2009-01-14T03:56:00.000","7","V","HO"
"X4361401090300","X4","36","2009-01-14T03:00:00.000",,"0","V","HO"
"X4321401090400","X4","32","2009-01-14T04:00:00.000",,"8.2","V","HO"
"X4331401090400","X4","33","2009-01-14T04:00:00.000",,"55","V","HO"
"X4341401090400","X4","34","2009-01-14T04:00:00.000",,"1011","V","HO"
"X4351401090400","X4","35","2009-01-14T04:00:00.000",,"0","V","HO"
"X4511401090400","X4","51","2009-01-14T04:00:00.000",,"311","V","HO"
"X4401401090400","X4","40","2009-01-14T04:00:00.000","2009-01-14T04:57:00.000","8.4","V","HO"
"X4421401090400","X4","42","2009-01-14T04:00:00.000","2009-01-14T04:35:00.000","7.9","V","HO"
"X4441401090400","X4","44","2009-01-14T04:00:00.000","2009-01-14T04:00:00.000","54","V","HO"
"X4501401090400","X4","50","2009-01-14T04:00:00.000","2009-01-14T04:23:00.000","6.8","V","HO"
"X4361401090400","X4","36","2009-01-14T04:00:00.000",,"0","V","HO"
"X4321401090500","X4","32","2009-01-14T05:00:00.000",,"8.1","V","HO"
"X4331401090500","X4","33","2009-01-14T05:00:00.000",,"56","V","HO"
"X4341401090500","X4","34","2009-01-14T05:00:00.000",,"1011","V","HO"
"X4351401090500","X4","35","2009-01-14T05:00:00.000",,"0","V","HO"
"X4511401090500","X4","51","2009-01-14T05:00:00.000",,"302","V","HO"
"X4401401090500","X4","40","2009-01-14T05:00:00.000","2009-01-14T05:01:00.000","8.4","V","HO"
"X4421401090500","X4","42","2009-01-14T05:00:00.000","2009-01-14T05:35:00.000","7.8","V","HO"
"X4441401090500","X4","44","2009-01-14T05:00:00.000","2009-01-14T05:18:00.000","55","V","HO"
"X4501401090500","X4","50","2009-01-14T05:00:00.000","2009-01-14T05:32:00.000","8.6","V","HO"
"X4361401090500","X4","36","2009-01-14T05:00:00.000",,"0","V","HO"
"X4321401090600","X4","32","2009-01-14T06:00:00.000",,"8","V","HO"
"X4331401090600","X4","33","2009-01-14T06:00:00.000",,"56","V","HO"
"X4341401090600","X4","34","2009-01-14T06:00:00.000",,"1012","V","HO"
"X4351401090600","X4","35","2009-01-14T06:00:00.000",,"0","V","HO"
"X4511401090600","X4","51","2009-01-14T06:00:00.000",,"327","V","HO"
"X4401401090600","X4","40","2009-01-14T06:00:00.000","2009-01-14T06:15:00.000","8.2","V","HO"
"X4421401090600","X4","42","2009-01-14T06:00:00.000","2009-01-14T06:58:00.000","7.7","V","HO"
"X4441401090600","X4","44","2009-01-14T06:00:00.000","2009-01-14T06:15:00.000","54","V","HO"
"X4501401090600","X4","50","2009-01-14T06:00:00.000","2009-01-14T06:46:00.000","4.5","V","HO"
"X4361401090600","X4","36","2009-01-14T06:00:00.000",,"0","V","HO"
"X4401401090700","X4","40","2009-01-14T07:00:00.000","2009-01-14T07:00:00.000","7.6","V","HO"
"X4421401090700","X4","42","2009-01-14T07:00:00.000","2009-01-14T07:37:00.000","7.2","V","HO"
"X4361401090700","X4","36","2009-01-14T07:00:00.000",,"20","V","HO"
"X4351401090700","X4","35","2009-01-14T07:00:00.000",,"0","V","HO"
"X4341401090700","X4","34","2009-01-14T07:00:00.000",,"1012","V","HO"
"X4331401090700","X4","33","2009-01-14T07:00:00.000",,"58","V","HO"
"X4321401090700","X4","32","2009-01-14T07:00:00.000",,"7.4","V","HO"
"X4511401090700","X4","51","2009-01-14T07:00:00.000",,"309","V","HO"
"X4501401090700","X4","50","2009-01-14T07:00:00.000","2009-01-14T07:47:00.000","5.1","V","HO"
"X4441401090700","X4","44","2009-01-14T07:00:00.000","2009-01-14T07:00:00.000","57","V","HO"
"X4321401090800","X4","32","2009-01-14T08:00:00.000",,"7.8","V","HO"
"X4331401090800","X4","33","2009-01-14T08:00:00.000",,"57","V","HO"
"X4341401090800","X4","34","2009-01-14T08:00:00.000",,"1012","V","HO"
"X4351401090800","X4","35","2009-01-14T08:00:00.000",,"0","V","HO"
"X4511401090800","X4","51","2009-01-14T08:00:00.000",,"305","V","HO"
"X4401401090800","X4","40","2009-01-14T08:00:00.000","2009-01-14T08:33:00.000","8.1","V","HO"
"X4421401090800","X4","42","2009-01-14T08:00:00.000","2009-01-14T08:00:00.000","7.4","V","HO"
"X4441401090800","X4","44","2009-01-14T08:00:00.000","2009-01-14T08:29:00.000","56","V","HO"
"X4501401090800","X4","50","2009-01-14T08:00:00.000","2009-01-14T08:54:00.000","7.3","V","HO"
"X4361401090800","X4","36","2009-01-14T08:00:00.000",,"76","V","HO"
"X4321401090900","X4","32","2009-01-14T09:00:00.000",,"7.6","V","HO"
"X4331401090900","X4","33","2009-01-14T09:00:00.000",,"59","V","HO"
"X4341401090900","X4","34","2009-01-14T09:00:00.000",,"1013","V","HO"
"X4351401090900","X4","35","2009-01-14T09:00:00.000",,"0","V","HO"
"X4361401090900","X4","36","2009-01-14T09:00:00.000",,"145","V","HO"
"X4011401090900","X4","1","2009-01-14T09:00:00.000","2009-01-14T09:53:00.000","1013","V","HO"
"X4421401090900","X4","42","2009-01-14T09:00:00.000","2009-01-14T09:13:00.000","7.4","V","HO"
"X4441401090900","X4","44","2009-01-14T09:00:00.000","2009-01-14T09:54:00.000","56","V","HO"
"X4501401090900","X4","50","2009-01-14T09:00:00.000","2009-01-14T09:57:00.000","8.8","V","HO"
"X4511401090900","X4","51","2009-01-14T09:00:00.000",,"283","V","HO"
"X4401401090900","X4","40","2009-01-14T09:00:00.000","2009-01-14T09:54:00.000","8.1","V","HO"
"X4321401091000","X4","32","2009-01-14T10:00:00.000",,"8.7","V","HO"
"X4331401091000","X4","33","2009-01-14T10:00:00.000",,"55","V","HO"
"X4341401091000","X4","34","2009-01-14T10:00:00.000",,"1013","V","HO"
"X4351401091000","X4","35","2009-01-14T10:00:00.000",,"0","V","HO"
"X4511401091000","X4","51","2009-01-14T10:00:00.000",,"294","V","HO"
"X4401401091000","X4","40","2009-01-14T10:00:00.000","2009-01-14T10:27:00.000","9.2","V","HO"
"X4421401091000","X4","42","2009-01-14T10:00:00.000","2009-01-14T10:01:00.000","8","V","HO"
"X4441401091000","X4","44","2009-01-14T10:00:00.000","2009-01-14T10:28:00.000","54","V","HO"
"X4501401091000","X4","50","2009-01-14T10:00:00.000","2009-01-14T10:00:00.000","8.9","V","HO"
"X4361401091000","X4","36","2009-01-14T10:00:00.000",,"270","V","HO"
"X4321401091100","X4","32","2009-01-14T11:00:00.000",,"11.5","V","HO"
"X4331401091100","X4","33","2009-01-14T11:00:00.000",,"45","V","HO"
"X4341401091100","X4","34","2009-01-14T11:00:00.000",,"1012","V","HO"
"X4351401091100","X4","35","2009-01-14T11:00:00.000",,"0","V","HO"
"X4361401091100","X4","36","2009-01-14T11:00:00.000",,"477","V","HO"
"X4401401091100","X4","40","2009-01-14T11:00:00.000","2009-01-14T11:58:00.000","13.2","V","HO"
"X4421401091100","X4","42","2009-01-14T11:00:00.000","2009-01-14T11:00:00.000","9.1","V","HO"
"X4441401091100","X4","44","2009-01-14T11:00:00.000","2009-01-14T11:54:00.000","39","V","HO"
"X4501401091100","X4","50","2009-01-14T11:00:00.000","2009-01-14T11:01:00.000","4","V","HO"
"X4511401091100","X4","51","2009-01-14T11:00:00.000",,"281","V","HO"
"X4321401091200","X4","32","2009-01-14T12:00:00.000",,"13.9","V","HO"
"X4331401091200","X4","33","2009-01-14T12:00:00.000",,"38","V","HO"
"X4351401091200","X4","35","2009-01-14T12:00:00.000",,"0","V","HO"
"X4341401091200","X4","34","2009-01-14T12:00:00.000",,"1011","V","HO"
"X4361401091200","X4","36","2009-01-14T12:00:00.000",,"464","V","HO"
"X4401401091200","X4","40","2009-01-14T12:00:00.000","2009-01-14T12:21:00.000","14.5","V","HO"
"X4421401091200","X4","42","2009-01-14T12:00:00.000","2009-01-14T12:00:00.000","13.2","V","HO"
"X4441401091200","X4","44","2009-01-14T12:00:00.000","2009-01-14T12:22:00.000","35","V","HO"
"X4501401091200","X4","50","2009-01-14T12:00:00.000","2009-01-14T12:48:00.000","4.6","V","HO"
"X4511401091200","X4","51","2009-01-14T12:00:00.000",,"276","V","HO"
"X4321401091300","X4","32","2009-01-14T13:00:00.000",,"14.6","V","HO"
"X4331401091300","X4","33","2009-01-14T13:00:00.000",,"36","V","HO"
"X4341401091300","X4","34","2009-01-14T13:00:00.000",,"1010","V","HO"
"X4351401091300","X4","35","2009-01-14T13:00:00.000",,"0","V","HO"
"X4511401091300","X4","51","2009-01-14T13:00:00.000",,"248","V","HO"
"X4401401091300","X4","40","2009-01-14T13:00:00.000","2009-01-14T13:56:00.000","14.9","V","HO"
"X4421401091300","X4","42","2009-01-14T13:00:00.000","2009-01-14T13:00:00.000","14.2","V","HO"
"X4441401091300","X4","44","2009-01-14T13:00:00.000","2009-01-14T13:51:00.000","35","V","HO"
"X4501401091300","X4","50","2009-01-14T13:00:00.000","2009-01-14T13:38:00.000","4","V","HO"
"X4361401091300","X4","36","2009-01-14T13:00:00.000",,"414","V","HO"
"X4351401091400","X4","35","2009-01-14T14:00:00.000",,"0","V","HO"
"X4361401091400","X4","36","2009-01-14T14:00:00.000",,"311","V","HO"
"X4401401091400","X4","40","2009-01-14T14:00:00.000","2009-01-14T14:00:00.000","14.8","V","HO"
"X4421401091400","X4","42","2009-01-14T14:00:00.000","2009-01-14T14:44:00.000","13.2","V","HO"
"X4441401091400","X4","44","2009-01-14T14:00:00.000","2009-01-14T14:02:00.000","36","V","HO"
"X4501401091400","X4","50","2009-01-14T14:00:00.000","2009-01-14T14:27:00.000","6.6","V","HO"
"X4511401091400","X4","51","2009-01-14T14:00:00.000",,"288","V","HO"
"X4321401091400","X4","32","2009-01-14T14:00:00.000",,"14","V","HO"
"X4331401091400","X4","33","2009-01-14T14:00:00.000",,"39","V","HO"
"X4341401091400","X4","34","2009-01-14T14:00:00.000",,"1011","V","HO"
"X4321401091500","X4","32","2009-01-14T15:00:00.000",,"13.4","V","HO"
"X4331401091500","X4","33","2009-01-14T15:00:00.000",,"42","V","HO"
"X4341401091500","X4","34","2009-01-14T15:00:00.000",,"1011","V","HO"
"X4351401091500","X4","35","2009-01-14T15:00:00.000",,"0","V","HO"
"X4511401091500","X4","51","2009-01-14T15:00:00.000",,"297","V","HO"
"X4401401091500","X4","40","2009-01-14T15:00:00.000","2009-01-14T15:16:00.000","14.2","V","HO"
"X4421401091500","X4","42","2009-01-14T15:00:00.000","2009-01-14T15:58:00.000","12","V","HO"
"X4441401091500","X4","44","2009-01-14T15:00:00.000","2009-01-14T15:17:00.000","39","V","HO"
"X4501401091500","X4","50","2009-01-14T15:00:00.000","2009-01-14T15:57:00.000","6.3","V","HO"
"X4361401091500","X4","36","2009-01-14T15:00:00.000",,"164","V","HO"
"X4331401091600","X4","33","2009-01-14T16:00:00.000",,"50","V","HO"
"X4321401091600","X4","32","2009-01-14T16:00:00.000",,"10.8","V","HO"
"X4511401091600","X4","51","2009-01-14T16:00:00.000",,"320","V","HO"
"X4501401091600","X4","50","2009-01-14T16:00:00.000","2009-01-14T16:15:00.000","7.1","V","HO"
"X4341401091600","X4","34","2009-01-14T16:00:00.000",,"1011","V","HO"
"X4421401091600","X4","42","2009-01-14T16:00:00.000","2009-01-14T16:58:00.000","10.2","V","HO"
"X4401401091600","X4","40","2009-01-14T16:00:00.000","2009-01-14T16:00:00.000","11.9","V","HO"
"X4361401091600","X4","36","2009-01-14T16:00:00.000",,"29","V","HO"
"X4351401091600","X4","35","2009-01-14T16:00:00.000",,"0","V","HO"
"X4441401091600","X4","44","2009-01-14T16:00:00.000","2009-01-14T16:00:00.000","46","V","HO"
"X4421401091700","X4","42","2009-01-14T17:00:00.000","2009-01-14T17:58:00.000","9.7","V","HO"
"X4331401091700","X4","33","2009-01-14T17:00:00.000",,"52","V","HO"
"X4321401091700","X4","32","2009-01-14T17:00:00.000",,"9.9","V","HO"
"X4501401091700","X4","50","2009-01-14T17:00:00.000","2009-01-14T17:03:00.000","5.8","V","HO"
"X4511401091700","X4","51","2009-01-14T17:00:00.000",,"316","V","HO"
"X4341401091700","X4","34","2009-01-14T17:00:00.000",,"1012","V","HO"
"X4351401091700","X4","35","2009-01-14T17:00:00.000",,"0","V","HO"
"X4401401091700","X4","40","2009-01-14T17:00:00.000","2009-01-14T17:00:00.000","10.2","V","HO"
"X4441401091700","X4","44","2009-01-14T17:00:00.000","2009-01-14T17:04:00.000","51","V","HO"
"X4361401091700","X4","36","2009-01-14T17:00:00.000",,"0","V","HO"
"X4321401091800","X4","32","2009-01-14T18:00:00.000",,"9.6","V","HO"
"X4331401091800","X4","33","2009-01-14T18:00:00.000",,"56","V","HO"
"X4341401091800","X4","34","2009-01-14T18:00:00.000",,"1012","V","HO"
"X4351401091800","X4","35","2009-01-14T18:00:00.000",,"0","V","HO"
"X4511401091800","X4","51","2009-01-14T18:00:00.000",,"241","V","HO"
"X4401401091800","X4","40","2009-01-14T18:00:00.000","2009-01-14T18:00:00.000","9.7","V","HO"
"X4421401091800","X4","42","2009-01-14T18:00:00.000","2009-01-14T18:37:00.000","9.5","V","HO"
"X4441401091800","X4","44","2009-01-14T18:00:00.000","2009-01-14T18:05:00.000","54","V","HO"
"X4501401091800","X4","50","2009-01-14T18:00:00.000","2009-01-14T18:03:00.000","3.3","V","HO"
"X4361401091800","X4","36","2009-01-14T18:00:00.000",,"0","V","HO"
"X4341401091900","X4","34","2009-01-14T19:00:00.000",,"1013","V","HO"
"X4351401091900","X4","35","2009-01-14T19:00:00.000",,"0","V","HO"
"X4321401091900","X4","32","2009-01-14T19:00:00.000",,"9.7","V","HO"
"X4361401091900","X4","36","2009-01-14T19:00:00.000",,"0","V","HO"
"X4511401091900","X4","51","2009-01-14T19:00:00.000",,"253","V","HO"
"X4421401091900","X4","42","2009-01-14T19:00:00.000","2009-01-14T19:07:00.000","9.6","V","HO"
"X4441401091900","X4","44","2009-01-14T19:00:00.000","2009-01-14T19:45:00.000","56","V","HO"
"X4501401091900","X4","50","2009-01-14T19:00:00.000","2009-01-14T19:36:00.000","5","V","HO"
"X4331401091900","X4","33","2009-01-14T19:00:00.000",,"57","V","HO"
"X4401401091900","X4","40","2009-01-14T19:00:00.000","2009-01-14T19:46:00.000","9.8","V","HO"
"X4331401092000","X4","33","2009-01-14T20:00:00.000",,"57","V","HO"
"X4341401092000","X4","34","2009-01-14T20:00:00.000",,"1013","V","HO"
"X4351401092000","X4","35","2009-01-14T20:00:00.000",,"0","V","HO"
"X4361401092000","X4","36","2009-01-14T20:00:00.000",,"0","V","HO"
"X4321401092000","X4","32","2009-01-14T20:00:00.000",,"9.7","V","HO"
"X4421401092000","X4","42","2009-01-14T20:00:00.000","2009-01-14T20:55:00.000","9.4","V","HO"
"X4441401092000","X4","44","2009-01-14T20:00:00.000","2009-01-14T20:20:00.000","57","V","HO"
"X4501401092000","X4","50","2009-01-14T20:00:00.000","2009-01-14T20:11:00.000","4.9","V","HO"
"X4511401092000","X4","51","2009-01-14T20:00:00.000",,"266","V","HO"
"X4401401092000","X4","40","2009-01-14T20:00:00.000","2009-01-14T20:15:00.000","9.9","V","HO"
"X4501401092100","X4","50","2009-01-14T21:00:00.000","2009-01-14T21:48:00.000","4.7","V","HO"
"X4511401092100","X4","51","2009-01-14T21:00:00.000",,"263","V","HO"
"X4321401092100","X4","32","2009-01-14T21:00:00.000",,"9.1","V","HO"
"X4331401092100","X4","33","2009-01-14T21:00:00.000",,"60","V","HO"
"X4351401092100","X4","35","2009-01-14T21:00:00.000",,"0","V","HO"
"X4401401092100","X4","40","2009-01-14T21:00:00.000","2009-01-14T21:01:00.000","9.4","V","HO"
"X4421401092100","X4","42","2009-01-14T21:00:00.000","2009-01-14T21:58:00.000","8.8","V","HO"
"X4441401092100","X4","44","2009-01-14T21:00:00.000","2009-01-14T21:00:00.000","59","V","HO"
"X4341401092100","X4","34","2009-01-14T21:00:00.000",,"1013","V","HO"
"X4361401092100","X4","36","2009-01-14T21:00:00.000",,"0","V","HO"
"X4441401092200","X4","44","2009-01-14T22:00:00.000","2009-01-14T22:00:00.000","61","V","HO"
"X4501401092200","X4","50","2009-01-14T22:00:00.000","2009-01-14T22:03:00.000","4.2","V","HO"
"X4401401092200","X4","40","2009-01-14T22:00:00.000","2009-01-14T22:00:00.000","8.8","V","HO"
"X4361401092200","X4","36","2009-01-14T22:00:00.000",,"0","V","HO"
"X4351401092200","X4","35","2009-01-14T22:00:00.000",,"0","V","HO"
"X4341401092200","X4","34","2009-01-14T22:00:00.000",,"1012","V","HO"
"X4331401092200","X4","33","2009-01-14T22:00:00.000",,"62","V","HO"
"X4321401092200","X4","32","2009-01-14T22:00:00.000",,"8.7","V","HO"
"X4421401092200","X4","42","2009-01-14T22:00:00.000","2009-01-14T22:28:00.000","8.6","V","HO"
"X4511401092200","X4","51","2009-01-14T22:00:00.000",,"283","V","HO"
"X4361401092300","X4","36","2009-01-14T23:00:00.000",,"0","V","HO"
"X4351401092300","X4","35","2009-01-14T23:00:00.000",,"0","V","HO"
"X4341401092300","X4","34","2009-01-14T23:00:00.000",,"1012","V","HO"
"X4331401092300","X4","33","2009-01-14T23:00:00.000",,"65","V","HO"
"X4321401092300","X4","32","2009-01-14T23:00:00.000",,"8.1","V","HO"
"X4511401092300","X4","51","2009-01-14T23:00:00.000",,"223","V","HO"
"X4501401092300","X4","50","2009-01-14T23:00:00.000","2009-01-14T23:24:00.000","3.2","V","HO"
"X4441401092300","X4","44","2009-01-14T23:00:00.000","2009-01-14T23:00:00.000","63","V","HO"
"X4421401092300","X4","42","2009-01-14T23:00:00.000","2009-01-14T23:58:00.000","7.3","V","HO"
"X4401401092300","X4","40","2009-01-14T23:00:00.000","2009-01-14T23:00:00.000","8.6","V","HO"
"X4321501090000","X4","32","2009-01-15T00:00:00.000",,"6.6","V","HO"
"X4331501090000","X4","33","2009-01-15T00:00:00.000",,"69","V","HO"
"X4341501090000","X4","34","2009-01-15T00:00:00.000",,"1012","V","HO"
"X4351501090000","X4","35","2009-01-15T00:00:00.000",,"0","V","HO"
"X4361501090000","X4","36","2009-01-15T00:00:00.000",,"0","V","HO"
"X4401501090000","X4","40","2009-01-15T00:00:00.000","2009-01-15T00:00:00.000","7.3","V","HO"
"X4421501090000","X4","42","2009-01-15T00:00:00.000","2009-01-15T00:32:00.000","6.3","V","HO"
"X4441501090000","X4","44","2009-01-15T00:00:00.000","2009-01-15T00:00:00.000","67","V","HO"
"X4501501090000","X4","50","2009-01-15T00:00:00.000","2009-01-15T00:17:00.000","4.7","V","HO"
"X4511501090000","X4","51","2009-01-15T00:00:00.000",,"252","V","HO"
"X4321501090100","X4","32","2009-01-15T01:00:00.000",,"7.1","V","HO"
"X4331501090100","X4","33","2009-01-15T01:00:00.000",,"67","V","HO"
"X4341501090100","X4","34","2009-01-15T01:00:00.000",,"1012","V","HO"
"X4351501090100","X4","35","2009-01-15T01:00:00.000",,"0","V","HO"
"X4361501090100","X4","36","2009-01-15T01:00:00.000",,"0","V","HO"
"X4401501090100","X4","40","2009-01-15T01:00:00.000","2009-01-15T01:41:00.000","7.8","V","HO"
"X4421501090100","X4","42","2009-01-15T01:00:00.000","2009-01-15T01:00:00.000","6.4","V","HO"
"X4441501090100","X4","44","2009-01-15T01:00:00.000","2009-01-15T01:41:00.000","65","V","HO"
"X4501501090100","X4","50","2009-01-15T01:00:00.000","2009-01-15T01:26:00.000","6.1","V","HO"
"X4511501090100","X4","51","2009-01-15T01:00:00.000",,"290","V","HO"
"X4331501090200","X4","33","2009-01-15T02:00:00.000",,"66","V","HO"
"X4341501090200","X4","34","2009-01-15T02:00:00.000",,"1012","V","HO"
"X4351501090200","X4","35","2009-01-15T02:00:00.000",,"0","V","HO"
"X4361501090200","X4","36","2009-01-15T02:00:00.000",,"0","V","HO"
"X4321501090200","X4","32","2009-01-15T02:00:00.000",,"7.5","V","HO"
"X4421501090200","X4","42","2009-01-15T02:00:00.000","2009-01-15T02:56:00.000","7.4","V","HO"
"X4441501090200","X4","44","2009-01-15T02:00:00.000","2009-01-15T02:01:00.000","66","V","HO"
"X4501501090200","X4","50","2009-01-15T02:00:00.000","2009-01-15T02:36:00.000","4.3","V","HO"
"X4511501090200","X4","51","2009-01-15T02:00:00.000",,"320","V","HO"
"X4401501090200","X4","40","2009-01-15T02:00:00.000","2009-01-15T02:08:00.000","7.6","V","HO"
"X4351501090300","X4","35","2009-01-15T03:00:00.000",,"0","V","HO"
"X4361501090300","X4","36","2009-01-15T03:00:00.000",,"0","V","HO"
"X4401501090300","X4","40","2009-01-15T03:00:00.000","2009-01-15T03:00:00.000","7.4","V","HO"
"X4421501090300","X4","42","2009-01-15T03:00:00.000","2009-01-15T03:31:00.000","7.1","V","HO"
"X4341501090300","X4","34","2009-01-15T03:00:00.000",,"1011","V","HO"
"X4501501090300","X4","50","2009-01-15T03:00:00.000","2009-01-15T03:40:00.000","4","V","HO"
"X4511501090300","X4","51","2009-01-15T03:00:00.000",,"297","V","HO"
"X4321501090300","X4","32","2009-01-15T03:00:00.000",,"7.2","V","HO"
"X4331501090300","X4","33","2009-01-15T03:00:00.000",,"67","V","HO"
"X4441501090300","X4","44","2009-01-15T03:00:00.000","2009-01-15T03:57:00.000","66","V","HO"
"X4321501090400","X4","32","2009-01-15T04:00:00.000",,"7.1","V","HO"
"X4331501090400","X4","33","2009-01-15T04:00:00.000",,"66","V","HO"
"X4341501090400","X4","34","2009-01-15T04:00:00.000",,"1011","V","HO"
"X4351501090400","X4","35","2009-01-15T04:00:00.000",,"0","V","HO"
"X4361501090400","X4","36","2009-01-15T04:00:00.000",,"0","V","HO"
"X4401501090400","X4","40","2009-01-15T04:00:00.000","2009-01-15T04:00:00.000","7.3","V","HO"
"X4421501090400","X4","42","2009-01-15T04:00:00.000","2009-01-15T04:40:00.000","7","V","HO"
"X4441501090400","X4","44","2009-01-15T04:00:00.000","2009-01-15T04:58:00.000","65","V","HO"
"X4501501090400","X4","50","2009-01-15T04:00:00.000","2009-01-15T04:51:00.000","3.8","V","HO"
"X4511501090400","X4","51","2009-01-15T04:00:00.000",,"259","V","HO"
"X4321501090500","X4","32","2009-01-15T05:00:00.000",,"7","V","HO"
"X4511501090500","X4","51","2009-01-15T05:00:00.000",,"282","V","HO"
"X4501501090500","X4","50","2009-01-15T05:00:00.000","2009-01-15T05:55:00.000","7.4","V","HO"
"X4441501090500","X4","44","2009-01-15T05:00:00.000","2009-01-15T05:40:00.000","64","V","HO"
"X4421501090500","X4","42","2009-01-15T05:00:00.000","2009-01-15T05:20:00.000","6.8","V","HO"
"X4401501090500","X4","40","2009-01-15T05:00:00.000","2009-01-15T05:41:00.000","7.1","V","HO"
"X4361501090500","X4","36","2009-01-15T05:00:00.000",,"0","V","HO"
"X4351501090500","X4","35","2009-01-15T05:00:00.000",,"0","V","HO"
"X4331501090500","X4","33","2009-01-15T05:00:00.000",,"65","V","HO"
"X4341501090500","X4","34","2009-01-15T05:00:00.000",,"1010","V","HO"
"X4321501090600","X4","32","2009-01-15T06:00:00.000",,"6.7","V","HO"
"X4331501090600","X4","33","2009-01-15T06:00:00.000",,"66","V","HO"
"X4341501090600","X4","34","2009-01-15T06:00:00.000",,"1010","V","HO"
"X4351501090600","X4","35","2009-01-15T06:00:00.000",,"0","V","HO"
"X4511501090600","X4","51","2009-01-15T06:00:00.000",,"298","V","HO"
"X4401501090600","X4","40","2009-01-15T06:00:00.000","2009-01-15T06:00:00.000","6.9","V","HO"
"X4421501090600","X4","42","2009-01-15T06:00:00.000","2009-01-15T06:58:00.000","6.4","V","HO"
"X4441501090600","X4","44","2009-01-15T06:00:00.000","2009-01-15T06:00:00.000","65","V","HO"
"X4501501090600","X4","50","2009-01-15T06:00:00.000","2009-01-15T06:35:00.000","8","V","HO"
"X4361501090600","X4","36","2009-01-15T06:00:00.000",,"0","V","HO"
"X4441501090700","X4","44","2009-01-15T07:00:00.000","2009-01-15T07:58:00.000","63","V","HO"
"X4501501090700","X4","50","2009-01-15T07:00:00.000","2009-01-15T07:12:00.000","4.1","V","HO"
"X4511501090700","X4","51","2009-01-15T07:00:00.000",,"290","V","HO"
"X4321501090700","X4","32","2009-01-15T07:00:00.000",,"6.7","V","HO"
"X4421501090700","X4","42","2009-01-15T07:00:00.000","2009-01-15T07:06:00.000","6.4","V","HO"
"X4341501090700","X4","34","2009-01-15T07:00:00.000",,"1010","V","HO"
"X4351501090700","X4","35","2009-01-15T07:00:00.000",,"0","V","HO"
"X4361501090700","X4","36","2009-01-15T07:00:00.000",,"28","V","HO"
"X4401501090700","X4","40","2009-01-15T07:00:00.000","2009-01-15T07:58:00.000","7.7","V","HO"
"X4331501090700","X4","33","2009-01-15T07:00:00.000",,"66","V","HO"
"X4321501090800","X4","32","2009-01-15T08:00:00.000",,"8.8","V","HO"
"X4331501090800","X4","33","2009-01-15T08:00:00.000",,"58","V","HO"
"X4341501090800","X4","34","2009-01-15T08:00:00.000",,"1011","V","HO"
"X4351501090800","X4","35","2009-01-15T08:00:00.000",,"0","V","HO"
"X4511501090800","X4","51","2009-01-15T08:00:00.000",,"289","V","HO"
"X4401501090800","X4","40","2009-01-15T08:00:00.000","2009-01-15T08:55:00.000","9.8","V","HO"
"X4421501090800","X4","42","2009-01-15T08:00:00.000","2009-01-15T08:00:00.000","7.7","V","HO"
"X4441501090800","X4","44","2009-01-15T08:00:00.000","2009-01-15T08:56:00.000","54","V","HO"
"X4501501090800","X4","50","2009-01-15T08:00:00.000","2009-01-15T08:44:00.000","3.1","V","HO"
"X4361501090800","X4","36","2009-01-15T08:00:00.000",,"179","V","HO"
"X4321501090900","X4","32","2009-01-15T09:00:00.000",,"10","V","HO"
"X4331501090900","X4","33","2009-01-15T09:00:00.000",,"52","V","HO"
"X4341501090900","X4","34","2009-01-15T09:00:00.000",,"1011","V","HO"
"X4351501090900","X4","35","2009-01-15T09:00:00.000",,"0","V","HO"
"X4511501090900","X4","51","2009-01-15T09:00:00.000",,"294","V","HO"
"X4401501090900","X4","40","2009-01-15T09:00:00.000","2009-01-15T09:51:00.000","10.7","V","HO"
"X4421501090900","X4","42","2009-01-15T09:00:00.000","2009-01-15T09:10:00.000","9.6","V","HO"
"X4441501090900","X4","44","2009-01-15T09:00:00.000","2009-01-15T09:52:00.000","49","V","HO"
"X4501501090900","X4","50","2009-01-15T09:00:00.000","2009-01-15T09:52:00.000","5.2","V","HO"
"X4361501090900","X4","36","2009-01-15T09:00:00.000",,"299","V","HO"
"X4321501091000","X4","32","2009-01-15T10:00:00.000",,"12.1","V","HO"
"X4331501091000","X4","33","2009-01-15T10:00:00.000",,"44","V","HO"
"X4341501091000","X4","34","2009-01-15T10:00:00.000",,"1011","V","HO"
"X4351501091000","X4","35","2009-01-15T10:00:00.000",,"0","V","HO"
"X4361501091000","X4","36","2009-01-15T10:00:00.000",,"405","V","HO"
"X4401501091000","X4","40","2009-01-15T10:00:00.000","2009-01-15T10:58:00.000","13","V","HO"
"X4421501091000","X4","42","2009-01-15T10:00:00.000","2009-01-15T10:00:00.000","10.5","V","HO"
"X4441501091000","X4","44","2009-01-15T10:00:00.000","2009-01-15T10:58:00.000","39","V","HO"
"X4501501091000","X4","50","2009-01-15T10:00:00.000","2009-01-15T10:03:00.000","4.7","V","HO"
"X4511501091000","X4","51","2009-01-15T10:00:00.000",,"327","V","HO"
"X4441501091100","X4","44","2009-01-15T11:00:00.000","2009-01-15T11:24:00.000","36","V","HO"
"X4501501091100","X4","50","2009-01-15T11:00:00.000","2009-01-15T11:49:00.000","6","V","HO"
"X4511501091100","X4","51","2009-01-15T11:00:00.000",,"274","V","HO"
"X4421501091100","X4","42","2009-01-15T11:00:00.000","2009-01-15T11:53:00.000","12.8","V","HO"
"X4401501091100","X4","40","2009-01-15T11:00:00.000","2009-01-15T11:09:00.000","13.3","V","HO"
"X4331501091100","X4","33","2009-01-15T11:00:00.000",,"38","V","HO"
"X4341501091100","X4","34","2009-01-15T11:00:00.000",,"1010","V","HO"
"X4351501091100","X4","35","2009-01-15T11:00:00.000",,"0","V","HO"
"X4361501091100","X4","36","2009-01-15T11:00:00.000",,"482","V","HO"
"X4321501091100","X4","32","2009-01-15T11:00:00.000",,"13.1","V","HO"
"X4421501091200","X4","42","2009-01-15T12:00:00.000","2009-01-15T12:00:00.000","13.1","V","HO"
"X4321501091200","X4","32","2009-01-15T12:00:00.000",,"13.9","V","HO"
"X4331501091200","X4","33","2009-01-15T12:00:00.000",,"36","V","HO"
"X4341501091200","X4","34","2009-01-15T12:00:00.000",,"1010","V","HO"
"X4511501091200","X4","51","2009-01-15T12:00:00.000",,"309","V","HO"
"X4361501091200","X4","36","2009-01-15T12:00:00.000",,"482","V","HO"
"X4401501091200","X4","40","2009-01-15T12:00:00.000","2009-01-15T12:33:00.000","14.3","V","HO"
"X4441501091200","X4","44","2009-01-15T12:00:00.000","2009-01-15T12:24:00.000","34","V","HO"
"X4501501091200","X4","50","2009-01-15T12:00:00.000","2009-01-15T12:13:00.000","7.2","V","HO"
"X4351501091200","X4","35","2009-01-15T12:00:00.000",,"0","V","HO"
"X4511501091300","X4","51","2009-01-15T13:00:00.000",,"82","V","HO"
"X4021501091300","X4","2","2009-01-15T13:00:00.000","2009-01-15T13:29:00.000","1010","V","HO"
"X4421501091300","X4","42","2009-01-15T13:00:00.000","2009-01-15T13:56:00.000","12.3","V","HO"
"X4321501091300","X4","32","2009-01-15T13:00:00.000",,"13.3","V","HO"
"X4331501091300","X4","33","2009-01-15T13:00:00.000",,"47","V","HO"
"X4501501091300","X4","50","2009-01-15T13:00:00.000","2009-01-15T13:34:00.000","5.9","V","HO"
"X4351501091300","X4","35","2009-01-15T13:00:00.000",,"0","V","HO"
"X4361501091300","X4","36","2009-01-15T13:00:00.000",,"387","V","HO"
"X4401501091300","X4","40","2009-01-15T13:00:00.000","2009-01-15T13:06:00.000","14.5","V","HO"
"X4441501091300","X4","44","2009-01-15T13:00:00.000","2009-01-15T13:07:00.000","34","V","HO"
"X4341501091300","X4","34","2009-01-15T13:00:00.000",,"1010","V","HO"
"X4421501091400","X4","42","2009-01-15T14:00:00.000","2009-01-15T14:36:00.000","12.2","V","HO"
"X4441501091400","X4","44","2009-01-15T14:00:00.000","2009-01-15T14:00:00.000","58","V","HO"
"X4501501091400","X4","50","2009-01-15T14:00:00.000","2009-01-15T14:25:00.000","5.5","V","HO"
"X4511501091400","X4","51","2009-01-15T14:00:00.000",,"65","V","HO"
"X4401501091400","X4","40","2009-01-15T14:00:00.000","2009-01-15T14:12:00.000","12.6","V","HO"
"X4331501091400","X4","33","2009-01-15T14:00:00.000",,"59","V","HO"
"X4341501091400","X4","34","2009-01-15T14:00:00.000",,"1010","V","HO"
"X4351501091400","X4","35","2009-01-15T14:00:00.000",,"0","V","HO"
"X4361501091400","X4","36","2009-01-15T14:00:00.000",,"310","V","HO"
"X4321501091400","X4","32","2009-01-15T14:00:00.000",,"12.4","V","HO"
"X4421501091500","X4","42","2009-01-15T15:00:00.000","2009-01-15T15:58:00.000","11.7","V","HO"
"X4401501091500","X4","40","2009-01-15T15:00:00.000","2009-01-15T15:00:00.000","12.5","V","HO"
"X4361501091500","X4","36","2009-01-15T15:00:00.000",,"140","V","HO"
"X4351501091500","X4","35","2009-01-15T15:00:00.000",,"0","V","HO"
"X4341501091500","X4","34","2009-01-15T15:00:00.000",,"1011","V","HO"
"X4331501091500","X4","33","2009-01-15T15:00:00.000",,"62","V","HO"
"X4321501091500","X4","32","2009-01-15T15:00:00.000",,"12","V","HO"
"X4501501091500","X4","50","2009-01-15T15:00:00.000","2009-01-15T15:52:00.000","6","V","HO"
"X4511501091500","X4","51","2009-01-15T15:00:00.000",,"72","V","HO"
"X4441501091500","X4","44","2009-01-15T15:00:00.000","2009-01-15T15:00:00.000","59","V","HO"
"X4331501091600","X4","33","2009-01-15T16:00:00.000",,"64","V","HO"
"X4321501091600","X4","32","2009-01-15T16:00:00.000",,"11.3","V","HO"
"X4511501091600","X4","51","2009-01-15T16:00:00.000",,"81","V","HO"
"X4501501091600","X4","50","2009-01-15T16:00:00.000","2009-01-15T16:35:00.000","5.1","V","HO"
"X4441501091600","X4","44","2009-01-15T16:00:00.000","2009-01-15T16:09:00.000","63","V","HO"
"X4421501091600","X4","42","2009-01-15T16:00:00.000","2009-01-15T16:58:00.000","11.1","V","HO"
"X4401501091600","X4","40","2009-01-15T16:00:00.000","2009-01-15T16:03:00.000","11.7","V","HO"
"X4361501091600","X4","36","2009-01-15T16:00:00.000",,"22","V","HO"
"X4351501091600","X4","35","2009-01-15T16:00:00.000",,"0","V","HO"
"X4341501091600","X4","34","2009-01-15T16:00:00.000",,"1011","V","HO"
"X4321501091700","X4","32","2009-01-15T17:00:00.000",,"11","V","HO"
"X4331501091700","X4","33","2009-01-15T17:00:00.000",,"68","V","HO"
"X4341501091700","X4","34","2009-01-15T17:00:00.000",,"1012","V","HO"
"X4351501091700","X4","35","2009-01-15T17:00:00.000",,"0","V","HO"
"X4511501091700","X4","51","2009-01-15T17:00:00.000",,"107","V","HO"
"X4401501091700","X4","40","2009-01-15T17:00:00.000","2009-01-15T17:00:00.000","11.1","V","HO"
"X4421501091700","X4","42","2009-01-15T17:00:00.000","2009-01-15T17:58:00.000","10.8","V","HO"
"X4441501091700","X4","44","2009-01-15T17:00:00.000","2009-01-15T17:01:00.000","66","V","HO"
"X4501501091700","X4","50","2009-01-15T17:00:00.000","2009-01-15T17:28:00.000","5","V","HO"
"X4361501091700","X4","36","2009-01-15T17:00:00.000",,"0","V","HO"
"X4421501091800","X4","42","2009-01-15T18:00:00.000","2009-01-15T18:58:00.000","10.5","V","HO"
"X4441501091800","X4","44","2009-01-15T18:00:00.000","2009-01-15T18:30:00.000","68","V","HO"
"X4401501091800","X4","40","2009-01-15T18:00:00.000","2009-01-15T18:00:00.000","10.8","V","HO"
"X4361501091800","X4","36","2009-01-15T18:00:00.000",,"0","V","HO"
"X4351501091800","X4","35","2009-01-15T18:00:00.000",,"0","V","HO"
"X4341501091800","X4","34","2009-01-15T18:00:00.000",,"1012","V","HO"
"X4331501091800","X4","33","2009-01-15T18:00:00.000",,"69","V","HO"
"X4321501091800","X4","32","2009-01-15T18:00:00.000",,"10.6","V","HO"
"X4501501091800","X4","50","2009-01-15T18:00:00.000","2009-01-15T18:05:00.000","5.4","V","HO"
"X4511501091800","X4","51","2009-01-15T18:00:00.000",,"97","V","HO"
"X4321501091900","X4","32","2009-01-15T19:00:00.000",,"10.2","V","HO"
"X4421501091900","X4","42","2009-01-15T19:00:00.000","2009-01-15T19:57:00.000","9.9","V","HO"
"X4341501091900","X4","34","2009-01-15T19:00:00.000",,"1013","V","HO"
"X4351501091900","X4","35","2009-01-15T19:00:00.000",,"0","V","HO"
"X4361501091900","X4","36","2009-01-15T19:00:00.000",,"0","V","HO"
"X4401501091900","X4","40","2009-01-15T19:00:00.000","2009-01-15T19:00:00.000","10.5","V","HO"
"X4331501091900","X4","33","2009-01-15T19:00:00.000",,"69","V","HO"
"X4441501091900","X4","44","2009-01-15T19:00:00.000","2009-01-15T19:51:00.000","68","V","HO"
"X4501501091900","X4","50","2009-01-15T19:00:00.000","2009-01-15T19:05:00.000","3.7","V","HO"
"X4511501091900","X4","51","2009-01-15T19:00:00.000",,"74","V","HO"
"X4321501092000","X4","32","2009-01-15T20:00:00.000",,"9.7","V","HO"
"X4331501092000","X4","33","2009-01-15T20:00:00.000",,"69","V","HO"
"X4341501092000","X4","34","2009-01-15T20:00:00.000",,"1014","V","HO"
"X4351501092000","X4","35","2009-01-15T20:00:00.000",,"0","V","HO"
"X4511501092000","X4","51","2009-01-15T20:00:00.000",,"26","V","HO"
"X4401501092000","X4","40","2009-01-15T20:00:00.000","2009-01-15T20:00:00.000","9.9","V","HO"
"X4421501092000","X4","42","2009-01-15T20:00:00.000","2009-01-15T20:57:00.000","9.4","V","HO"
"X4441501092000","X4","44","2009-01-15T20:00:00.000","2009-01-15T20:05:00.000","69","V","HO"
"X4501501092000","X4","50","2009-01-15T20:00:00.000","2009-01-15T20:24:00.000","4.5","V","HO"
"X4361501092000","X4","36","2009-01-15T20:00:00.000",,"0","V","HO"
"X4341501092100","X4","34","2009-01-15T21:00:00.000",,"1014","V","HO"
"X4351501092100","X4","35","2009-01-15T21:00:00.000",,"0","V","HO"
"X4361501092100","X4","36","2009-01-15T21:00:00.000",,"0","V","HO"
"X4401501092100","X4","40","2009-01-15T21:00:00.000","2009-01-15T21:00:00.000","9.4","V","HO"
"X4331501092100","X4","33","2009-01-15T21:00:00.000",,"71","V","HO"
"X4441501092100","X4","44","2009-01-15T21:00:00.000","2009-01-15T21:00:00.000","71","V","HO"
"X4501501092100","X4","50","2009-01-15T21:00:00.000","2009-01-15T21:12:00.000","3.9","V","HO"
"X4511501092100","X4","51","2009-01-15T21:00:00.000",,"39","V","HO"
"X4321501092100","X4","32","2009-01-15T21:00:00.000",,"9.2","V","HO"
"X4421501092100","X4","42","2009-01-15T21:00:00.000","2009-01-15T21:57:00.000","8.9","V","HO"
"X4011501092200","X4","1","2009-01-15T22:00:00.000","2009-01-15T22:58:00.000","1015","V","HO"
"X4321501092200","X4","32","2009-01-15T22:00:00.000",,"8.9","V","HO"
"X4331501092200","X4","33","2009-01-15T22:00:00.000",,"72","V","HO"
"X4341501092200","X4","34","2009-01-15T22:00:00.000",,"1015","V","HO"
"X4351501092200","X4","35","2009-01-15T22:00:00.000",,"0","V","HO"
"X4511501092200","X4","51","2009-01-15T22:00:00.000",,"10","V","HO"
"X4401501092200","X4","40","2009-01-15T22:00:00.000","2009-01-15T22:06:00.000","9","V","HO"
"X4421501092200","X4","42","2009-01-15T22:00:00.000","2009-01-15T22:50:00.000","8.8","V","HO"
"X4441501092200","X4","44","2009-01-15T22:00:00.000","2009-01-15T22:26:00.000","72","V","HO"
"X4501501092200","X4","50","2009-01-15T22:00:00.000","2009-01-15T22:43:00.000","4.3","V","HO"
"X4361501092200","X4","36","2009-01-15T22:00:00.000",,"0","V","HO"
"X4321501092300","X4","32","2009-01-15T23:00:00.000",,"8.8","V","HO"
"X4331501092300","X4","33","2009-01-15T23:00:00.000",,"72","V","HO"
"X4341501092300","X4","34","2009-01-15T23:00:00.000",,"1015","V","HO"
"X4351501092300","X4","35","2009-01-15T23:00:00.000",,"0","V","HO"
"X4511501092300","X4","51","2009-01-15T23:00:00.000",,"43","V","HO"
"X4401501092300","X4","40","2009-01-15T23:00:00.000","2009-01-15T23:02:00.000","8.9","V","HO"
"X4421501092300","X4","42","2009-01-15T23:00:00.000","2009-01-15T23:58:00.000","8.5","V","HO"
"X4441501092300","X4","44","2009-01-15T23:00:00.000","2009-01-15T23:55:00.000","70","V","HO"
"X4501501092300","X4","50","2009-01-15T23:00:00.000","2009-01-15T23:21:00.000","4","V","HO"
"X4361501092300","X4","36","2009-01-15T23:00:00.000",,"0","V","HO"
"X4321601090000","X4","32","2009-01-16T00:00:00.000",,"8.4","V","HO"
"X4331601090000","X4","33","2009-01-16T00:00:00.000",,"70","V","HO"
"X4341601090000","X4","34","2009-01-16T00:00:00.000",,"1015","V","HO"
"X4351601090000","X4","35","2009-01-16T00:00:00.000",,"0","V","HO"
"X4511601090000","X4","51","2009-01-16T00:00:00.000",,"4","V","HO"
"X4401601090000","X4","40","2009-01-16T00:00:00.000","2009-01-16T00:00:00.000","8.5","V","HO"
"X4421601090000","X4","42","2009-01-16T00:00:00.000","2009-01-16T00:56:00.000","8.2","V","HO"
"X4441601090000","X4","44","2009-01-16T00:00:00.000","2009-01-16T00:58:00.000","69","V","HO"
"X4501601090000","X4","50","2009-01-16T00:00:00.000","2009-01-16T00:53:00.000","4.1","V","HO"
"X4361601090000","X4","36","2009-01-16T00:00:00.000",,"0","V","HO"
"X4511601090100","X4","51","2009-01-16T01:00:00.000",,"14","V","HO"
"X4421601090100","X4","42","2009-01-16T01:00:00.000","2009-01-16T01:58:00.000","7.9","V","HO"
"X4441601090100","X4","44","2009-01-16T01:00:00.000","2009-01-16T01:57:00.000","67","V","HO"
"X4501601090100","X4","50","2009-01-16T01:00:00.000","2009-01-16T01:29:00.000","4.6","V","HO"
"X4401601090100","X4","40","2009-01-16T01:00:00.000","2009-01-16T01:00:00.000","8.2","V","HO"
"X4021601090100","X4","2","2009-01-16T01:00:00.000","2009-01-16T01:10:00.000","1015","V","HO"
"X4361601090100","X4","36","2009-01-16T01:00:00.000",,"0","V","HO"
"X4351601090100","X4","35","2009-01-16T01:00:00.000",,"0","V","HO"
"X4341601090100","X4","34","2009-01-16T01:00:00.000",,"1015","V","HO"
"X4331601090100","X4","33","2009-01-16T01:00:00.000",,"68","V","HO"
"X4321601090100","X4","32","2009-01-16T01:00:00.000",,"8.1","V","HO"
"X4321601090200","X4","32","2009-01-16T02:00:00.000",,"7.8","V","HO"
"X4331601090200","X4","33","2009-01-16T02:00:00.000",,"67","V","HO"
"X4341601090200","X4","34","2009-01-16T02:00:00.000",,"1015","V","HO"
"X4351601090200","X4","35","2009-01-16T02:00:00.000",,"0","V","HO"
"X4511601090200","X4","51","2009-01-16T02:00:00.000",,"15","V","HO"
"X4401601090200","X4","40","2009-01-16T02:00:00.000","2009-01-16T02:00:00.000","7.9","V","HO"
"X4421601090200","X4","42","2009-01-16T02:00:00.000","2009-01-16T02:55:00.000","7.8","V","HO"
"X4441601090200","X4","44","2009-01-16T02:00:00.000","2009-01-16T02:51:00.000","66","V","HO"
"X4501601090200","X4","50","2009-01-16T02:00:00.000","2009-01-16T02:41:00.000","4.1","V","HO"
"X4361601090200","X4","36","2009-01-16T02:00:00.000",,"0","V","HO"
"X4441601090300","X4","44","2009-01-16T03:00:00.000","2009-01-16T03:52:00.000","64","V","HO"
"X4501601090300","X4","50","2009-01-16T03:00:00.000","2009-01-16T03:33:00.000","3.3","V","HO"
"X4511601090300","X4","51","2009-01-16T03:00:00.000",,"10","V","HO"
"X4331601090300","X4","33","2009-01-16T03:00:00.000",,"66","V","HO"
"X4321601090300","X4","32","2009-01-16T03:00:00.000",,"7.8","V","HO"
"X4351601090300","X4","35","2009-01-16T03:00:00.000",,"0","V","HO"
"X4361601090300","X4","36","2009-01-16T03:00:00.000",,"0","V","HO"
"X4401601090300","X4","40","2009-01-16T03:00:00.000","2009-01-16T03:41:00.000","7.8","V","HO"
"X4421601090300","X4","42","2009-01-16T03:00:00.000","2009-01-16T03:21:00.000","7.7","V","HO"
"X4341601090300","X4","34","2009-01-16T03:00:00.000",,"1015","V","HO"
"X4321601090400","X4","32","2009-01-16T04:00:00.000",,"7.7","V","HO"
"X4331601090400","X4","33","2009-01-16T04:00:00.000",,"63","V","HO"
"X4341601090400","X4","34","2009-01-16T04:00:00.000",,"1016","V","HO"
"X4351601090400","X4","35","2009-01-16T04:00:00.000",,"0","V","HO"
"X4511601090400","X4","51","2009-01-16T04:00:00.000",,"8","V","HO"
"X4401601090400","X4","40","2009-01-16T04:00:00.000","2009-01-16T04:00:00.000","7.7","V","HO"
"X4421601090400","X4","42","2009-01-16T04:00:00.000","2009-01-16T04:56:00.000","7.6","V","HO"
"X4441601090400","X4","44","2009-01-16T04:00:00.000","2009-01-16T04:34:00.000","62","V","HO"
"X4501601090400","X4","50","2009-01-16T04:00:00.000","2009-01-16T04:55:00.000","5","V","HO"
"X4361601090400","X4","36","2009-01-16T04:00:00.000",,"0","V","HO"
"X4321601090500","X4","32","2009-01-16T05:00:00.000",,"7.7","V","HO"
"X4331601090500","X4","33","2009-01-16T05:00:00.000",,"66","V","HO"
"X4341601090500","X4","34","2009-01-16T05:00:00.000",,"1016","V","HO"
"X4351601090500","X4","35","2009-01-16T05:00:00.000",,"0","V","HO"
"X4511601090500","X4","51","2009-01-16T05:00:00.000",,"39","V","HO"
"X4401601090500","X4","40","2009-01-16T05:00:00.000","2009-01-16T05:48:00.000","7.7","V","HO"
"X4421601090500","X4","42","2009-01-16T05:00:00.000","2009-01-16T05:58:00.000","7.6","V","HO"
"X4441601090500","X4","44","2009-01-16T05:00:00.000","2009-01-16T05:00:00.000","64","V","HO"
"X4501601090500","X4","50","2009-01-16T05:00:00.000","2009-01-16T05:00:00.000","4.7","V","HO"
"X4361601090500","X4","36","2009-01-16T05:00:00.000",,"0","V","HO"
"X4321601090600","X4","32","2009-01-16T06:00:00.000",,"7.7","V","HO"
"X4331601090600","X4","33","2009-01-16T06:00:00.000",,"69","V","HO"
"X4341601090600","X4","34","2009-01-16T06:00:00.000",,"1017","V","HO"
"X4351601090600","X4","35","2009-01-16T06:00:00.000",,"0","V","HO"
"X4511601090600","X4","51","2009-01-16T06:00:00.000",,"8","V","HO"
"X4401601090600","X4","40","2009-01-16T06:00:00.000","2009-01-16T06:47:00.000","7.8","V","HO"
"X4421601090600","X4","42","2009-01-16T06:00:00.000","2009-01-16T06:00:00.000","7.5","V","HO"
"X4441601090600","X4","44","2009-01-16T06:00:00.000","2009-01-16T06:29:00.000","68","V","HO"
"X4501601090600","X4","50","2009-01-16T06:00:00.000","2009-01-16T06:42:00.000","2.8","V","HO"
"X4361601090600","X4","36","2009-01-16T06:00:00.000",,"0","V","HO"
"X4421601090700","X4","42","2009-01-16T07:00:00.000","2009-01-16T07:05:00.000","7.8","V","HO"
"X4441601090700","X4","44","2009-01-16T07:00:00.000","2009-01-16T07:45:00.000","67","V","HO"
"X4501601090700","X4","50","2009-01-16T07:00:00.000","2009-01-16T07:11:00.000","3.1","V","HO"
"X4511601090700","X4","51","2009-01-16T07:00:00.000",,"356","V","HO"
"X4401601090700","X4","40","2009-01-16T07:00:00.000","2009-01-16T07:58:00.000","8.4","V","HO"
"X4331601090700","X4","33","2009-01-16T07:00:00.000",,"69","V","HO"
"X4341601090700","X4","34","2009-01-16T07:00:00.000",,"1017","V","HO"
"X4351601090700","X4","35","2009-01-16T07:00:00.000",,"0","V","HO"
"X4361601090700","X4","36","2009-01-16T07:00:00.000",,"15","V","HO"
"X4321601090700","X4","32","2009-01-16T07:00:00.000",,"8.1","V","HO"
"X4501601090800","X4","50","2009-01-16T08:00:00.000","2009-01-16T08:42:00.000","3.8","V","HO"
"X4511601090800","X4","51","2009-01-16T08:00:00.000",,"1","V","HO"
"X4321601090800","X4","32","2009-01-16T08:00:00.000",,"9.5","V","HO"
"X4331601090800","X4","33","2009-01-16T08:00:00.000",,"64","V","HO"
"X4441601090800","X4","44","2009-01-16T08:00:00.000","2009-01-16T08:51:00.000","61","V","HO"
"X4351601090800","X4","35","2009-01-16T08:00:00.000",,"0","V","HO"
"X4361601090800","X4","36","2009-01-16T08:00:00.000",,"124","V","HO"
"X4401601090800","X4","40","2009-01-16T08:00:00.000","2009-01-16T08:57:00.000","10.2","V","HO"
"X4421601090800","X4","42","2009-01-16T08:00:00.000","2009-01-16T08:00:00.000","8.5","V","HO"
"X4341601090800","X4","34","2009-01-16T08:00:00.000",,"1018","V","HO"
"X4321601090900","X4","32","2009-01-16T09:00:00.000",,"10.6","V","HO"
"X4331601090900","X4","33","2009-01-16T09:00:00.000",,"61","V","HO"
"X4341601090900","X4","34","2009-01-16T09:00:00.000",,"1018","V","HO"
"X4351601090900","X4","35","2009-01-16T09:00:00.000",,"0","V","HO"
"X4421601090900","X4","42","2009-01-16T09:00:00.000","2009-01-16T09:00:00.000","10.2","V","HO"
"X4401601090900","X4","40","2009-01-16T09:00:00.000","2009-01-16T09:58:00.000","11.1","V","HO"
"X4441601090900","X4","44","2009-01-16T09:00:00.000","2009-01-16T09:54:00.000","59","V","HO"
"X4501601090900","X4","50","2009-01-16T09:00:00.000","2009-01-16T09:23:00.000","3.7","V","HO"
"X4511601090900","X4","51","2009-01-16T09:00:00.000",,"4","V","HO"
"X4361601090900","X4","36","2009-01-16T09:00:00.000",,"159","V","HO"
"X4321601091000","X4","32","2009-01-16T10:00:00.000",,"11.9","V","HO"
"X4331601091000","X4","33","2009-01-16T10:00:00.000",,"57","V","HO"
"X4341601091000","X4","34","2009-01-16T10:00:00.000",,"1019","V","HO"
"X4351601091000","X4","35","2009-01-16T10:00:00.000",,"0","V","HO"
"X4511601091000","X4","51","2009-01-16T10:00:00.000",,"9","V","HO"
"X4401601091000","X4","40","2009-01-16T10:00:00.000","2009-01-16T10:32:00.000","12.3","V","HO"
"X4421601091000","X4","42","2009-01-16T10:00:00.000","2009-01-16T10:00:00.000","11.2","V","HO"
"X4441601091000","X4","44","2009-01-16T10:00:00.000","2009-01-16T10:33:00.000","55","V","HO"
"X4501601091000","X4","50","2009-01-16T10:00:00.000","2009-01-16T10:09:00.000","3.7","V","HO"
"X4361601091000","X4","36","2009-01-16T10:00:00.000",,"274","V","HO"
"X4321601091100","X4","32","2009-01-16T11:00:00.000",,"12.9","V","HO"
"X4331601091100","X4","33","2009-01-16T11:00:00.000",,"56","V","HO"
"X4341601091100","X4","34","2009-01-16T11:00:00.000",,"1018","V","HO"
"X4351601091100","X4","35","2009-01-16T11:00:00.000",,"0","V","HO"
"X4511601091100","X4","51","2009-01-16T11:00:00.000",,"55","V","HO"
"X4401601091100","X4","40","2009-01-16T11:00:00.000","2009-01-16T11:52:00.000","13.3","V","HO"
"X4421601091100","X4","42","2009-01-16T11:00:00.000","2009-01-16T11:01:00.000","12.3","V","HO"
"X4441601091100","X4","44","2009-01-16T11:00:00.000","2009-01-16T11:27:00.000","55","V","HO"
"X4501601091100","X4","50","2009-01-16T11:00:00.000","2009-01-16T11:30:00.000","4.5","V","HO"
"X4361601091100","X4","36","2009-01-16T11:00:00.000",,"368","V","HO"
"X4321601091200","X4","32","2009-01-16T12:00:00.000",,"12.8","V","HO"
"X4331601091200","X4","33","2009-01-16T12:00:00.000",,"60","V","HO"
"X4341601091200","X4","34","2009-01-16T12:00:00.000",,"1018","V","HO"
"X4351601091200","X4","35","2009-01-16T12:00:00.000",,"0","V","HO"
"X4511601091200","X4","51","2009-01-16T12:00:00.000",,"73","V","HO"
"X4401601091200","X4","40","2009-01-16T12:00:00.000","2009-01-16T12:00:00.000","13.2","V","HO"
"X4421601091200","X4","42","2009-01-16T12:00:00.000","2009-01-16T12:25:00.000","12.6","V","HO"
"X4441601091200","X4","44","2009-01-16T12:00:00.000","2009-01-16T12:00:00.000","57","V","HO"
"X4501601091200","X4","50","2009-01-16T12:00:00.000","2009-01-16T12:11:00.000","5","V","HO"
"X4361601091200","X4","36","2009-01-16T12:00:00.000",,"203","V","HO"
"X4361601091300","X4","36","2009-01-16T13:00:00.000",,"373","V","HO"
"X4351601091300","X4","35","2009-01-16T13:00:00.000",,"0","V","HO"
"X4341601091300","X4","34","2009-01-16T13:00:00.000",,"1018","V","HO"
"X4331601091300","X4","33","2009-01-16T13:00:00.000",,"61","V","HO"
"X4321601091300","X4","32","2009-01-16T13:00:00.000",,"13.3","V","HO"
"X4421601091300","X4","42","2009-01-16T13:00:00.000","2009-01-16T13:07:00.000","12.9","V","HO"
"X4401601091300","X4","40","2009-01-16T13:00:00.000","2009-01-16T13:33:00.000","13.9","V","HO"
"X4501601091300","X4","50","2009-01-16T13:00:00.000","2009-01-16T13:13:00.000","5.2","V","HO"
"X4511601091300","X4","51","2009-01-16T13:00:00.000",,"98","V","HO"
"X4441601091300","X4","44","2009-01-16T13:00:00.000","2009-01-16T13:32:00.000","59","V","HO"
"X4401601091400","X4","40","2009-01-16T14:00:00.000","2009-01-16T14:36:00.000","13.3","V","HO"
"X4421601091400","X4","42","2009-01-16T14:00:00.000","2009-01-16T14:06:00.000","12.9","V","HO"
"X4441601091400","X4","44","2009-01-16T14:00:00.000","2009-01-16T14:52:00.000","60","V","HO"
"X4501601091400","X4","50","2009-01-16T14:00:00.000","2009-01-16T14:36:00.000","5","V","HO"
"X4511601091400","X4","51","2009-01-16T14:00:00.000",,"74","V","HO"
"X4321601091400","X4","32","2009-01-16T14:00:00.000",,"13.1","V","HO"
"X4331601091400","X4","33","2009-01-16T14:00:00.000",,"62","V","HO"
"X4341601091400","X4","34","2009-01-16T14:00:00.000",,"1018","V","HO"
"X4351601091400","X4","35","2009-01-16T14:00:00.000",,"0","V","HO"
"X4361601091400","X4","36","2009-01-16T14:00:00.000",,"250","V","HO"
"X4321601091500","X4","32","2009-01-16T15:00:00.000",,"12.7","V","HO"
"X4331601091500","X4","33","2009-01-16T15:00:00.000",,"64","V","HO"
"X4511601091500","X4","51","2009-01-16T15:00:00.000",,"117","V","HO"
"X4501601091500","X4","50","2009-01-16T15:00:00.000","2009-01-16T15:45:00.000","4.2","V","HO"
"X4441601091500","X4","44","2009-01-16T15:00:00.000","2009-01-16T15:01:00.000","62","V","HO"
"X4421601091500","X4","42","2009-01-16T15:00:00.000","2009-01-16T15:58:00.000","12.3","V","HO"
"X4401601091500","X4","40","2009-01-16T15:00:00.000","2009-01-16T15:00:00.000","13.2","V","HO"
"X4361601091500","X4","36","2009-01-16T15:00:00.000",,"87","V","HO"
"X4351601091500","X4","35","2009-01-16T15:00:00.000",,"0","V","HO"
"X4341601091500","X4","34","2009-01-16T15:00:00.000",,"1018","V","HO"
"X4321601091600","X4","32","2009-01-16T16:00:00.000",,"12","V","HO"
"X4331601091600","X4","33","2009-01-16T16:00:00.000",,"66","V","HO"
"X4341601091600","X4","34","2009-01-16T16:00:00.000",,"1018","V","HO"
"X4351601091600","X4","35","2009-01-16T16:00:00.000",,"0","V","HO"
"X4511601091600","X4","51","2009-01-16T16:00:00.000",,"105","V","HO"
"X4401601091600","X4","40","2009-01-16T16:00:00.000","2009-01-16T16:00:00.000","12.3","V","HO"
"X4421601091600","X4","42","2009-01-16T16:00:00.000","2009-01-16T16:56:00.000","11.8","V","HO"
"X4441601091600","X4","44","2009-01-16T16:00:00.000","2009-01-16T16:55:00.000","65","V","HO"
"X4501601091600","X4","50","2009-01-16T16:00:00.000","2009-01-16T16:03:00.000","3.9","V","HO"
"X4361601091600","X4","36","2009-01-16T16:00:00.000",,"13","V","HO"
"X4361601091700","X4","36","2009-01-16T17:00:00.000",,"0","V","HO"
"X4401601091700","X4","40","2009-01-16T17:00:00.000","2009-01-16T17:00:00.000","11.8","V","HO"
"X4421601091700","X4","42","2009-01-16T17:00:00.000","2009-01-16T17:44:00.000","11.7","V","HO"
"X4441601091700","X4","44","2009-01-16T17:00:00.000","2009-01-16T17:06:00.000","65","V","HO"
"X4351601091700","X4","35","2009-01-16T17:00:00.000",,"0","V","HO"
"X4511601091700","X4","51","2009-01-16T17:00:00.000",,"76","V","HO"
"X4321601091700","X4","32","2009-01-16T17:00:00.000",,"11.7","V","HO"
"X4331601091700","X4","33","2009-01-16T17:00:00.000",,"66","V","HO"
"X4341601091700","X4","34","2009-01-16T17:00:00.000",,"1019","V","HO"
"X4501601091700","X4","50","2009-01-16T17:00:00.000","2009-01-16T17:06:00.000","3.1","V","HO"
"X4321601091800","X4","32","2009-01-16T18:00:00.000",,"11.6","V","HO"
"X4331601091800","X4","33","2009-01-16T18:00:00.000",,"67","V","HO"
"X4341601091800","X4","34","2009-01-16T18:00:00.000",,"1019","V","HO"
"X4351601091800","X4","35","2009-01-16T18:00:00.000",,"0","V","HO"
"X4511601091800","X4","51","2009-01-16T18:00:00.000",,"123","V","HO"
"X4401601091800","X4","40","2009-01-16T18:00:00.000","2009-01-16T18:00:00.000","11.7","V","HO"
"X4421601091800","X4","42","2009-01-16T18:00:00.000","2009-01-16T18:56:00.000","11.5","V","HO"
"X4441601091800","X4","44","2009-01-16T18:00:00.000","2009-01-16T18:01:00.000","66","V","HO"
"X4501601091800","X4","50","2009-01-16T18:00:00.000","2009-01-16T18:03:00.000","3.3","V","HO"
"X4361601091800","X4","36","2009-01-16T18:00:00.000",,"0","V","HO"
"X4321601091900","X4","32","2009-01-16T19:00:00.000",,"11.5","V","HO"
"X4331601091900","X4","33","2009-01-16T19:00:00.000",,"68","V","HO"
"X4341601091900","X4","34","2009-01-16T19:00:00.000",,"1019","V","HO"
"X4351601091900","X4","35","2009-01-16T19:00:00.000",,"0","V","HO"
"X4511601091900","X4","51","2009-01-16T19:00:00.000",,"116","V","HO"
"X4401601091900","X4","40","2009-01-16T19:00:00.000","2009-01-16T19:42:00.000","11.6","V","HO"
"X4421601091900","X4","42","2009-01-16T19:00:00.000","2009-01-16T19:04:00.000","11.5","V","HO"
"X4441601091900","X4","44","2009-01-16T19:00:00.000","2009-01-16T19:12:00.000","67","V","HO"
"X4501601091900","X4","50","2009-01-16T19:00:00.000","2009-01-16T19:32:00.000","2.6","V","HO"
"X4361601091900","X4","36","2009-01-16T19:00:00.000",,"0","V","HO"
"X4441601092000","X4","44","2009-01-16T20:00:00.000","2009-01-16T20:00:00.000","69","V","HO"
"X4361601092000","X4","36","2009-01-16T20:00:00.000",,"0","V","HO"
"X4501601092000","X4","50","2009-01-16T20:00:00.000","2009-01-16T20:10:00.000","2.6","V","HO"
"X4401601092000","X4","40","2009-01-16T20:00:00.000","2009-01-16T20:00:00.000","11.5","V","HO"
"X4011601092000","X4","1","2009-01-16T20:00:00.000","2009-01-16T20:48:00.000","1019","V","HO"
"X4511601092000","X4","51","2009-01-16T20:00:00.000",,"70","V","HO"
"X4421601092000","X4","42","2009-01-16T20:00:00.000","2009-01-16T20:58:00.000","11.2","V","HO"
"X4351601092000","X4","35","2009-01-16T20:00:00.000",,"0","V","HO"
"X4341601092000","X4","34","2009-01-16T20:00:00.000",,"1019","V","HO"
"X4331601092000","X4","33","2009-01-16T20:00:00.000",,"71","V","HO"
"X4321601092000","X4","32","2009-01-16T20:00:00.000",,"11.3","V","HO"
"X4321601092100","X4","32","2009-01-16T21:00:00.000",,"10.9","V","HO"
"X4331601092100","X4","33","2009-01-16T21:00:00.000",,"74","V","HO"
"X4341601092100","X4","34","2009-01-16T21:00:00.000",,"1019","V","HO"
"X4351601092100","X4","35","2009-01-16T21:00:00.000",,"0","V","HO"
"X4511601092100","X4","51","2009-01-16T21:00:00.000",,"28","V","HO"
"X4401601092100","X4","40","2009-01-16T21:00:00.000","2009-01-16T21:00:00.000","11.1","V","HO"
"X4421601092100","X4","42","2009-01-16T21:00:00.000","2009-01-16T21:58:00.000","10.7","V","HO"
"X4441601092100","X4","44","2009-01-16T21:00:00.000","2009-01-16T21:00:00.000","72","V","HO"
"X4501601092100","X4","50","2009-01-16T21:00:00.000","2009-01-16T21:57:00.000","2.5","V","HO"
"X4361601092100","X4","36","2009-01-16T21:00:00.000",,"0","V","HO"
"X4511601092200","X4","51","2009-01-16T22:00:00.000",,"342","V","HO"
"X4321601092200","X4","32","2009-01-16T22:00:00.000",,"10.7","V","HO"
"X4331601092200","X4","33","2009-01-16T22:00:00.000",,"75","V","HO"
"X4341601092200","X4","34","2009-01-16T22:00:00.000",,"1019","V","HO"
"X4361601092200","X4","36","2009-01-16T22:00:00.000",,"0","V","HO"
"X4501601092200","X4","50","2009-01-16T22:00:00.000","2009-01-16T22:58:00.000","3.5","V","HO"
"X4441601092200","X4","44","2009-01-16T22:00:00.000","2009-01-16T22:16:00.000","74","V","HO"
"X4421601092200","X4","42","2009-01-16T22:00:00.000","2009-01-16T22:54:00.000","10.5","V","HO"
"X4401601092200","X4","40","2009-01-16T22:00:00.000","2009-01-16T22:29:00.000","10.7","V","HO"
"X4351601092200","X4","35","2009-01-16T22:00:00.000",,"0","V","HO"
"X4511601092300","X4","51","2009-01-16T23:00:00.000",,"351","V","HO"
"X4351601092300","X4","35","2009-01-16T23:00:00.000",,"0","V","HO"
"X4441601092300","X4","44","2009-01-16T23:00:00.000","2009-01-16T23:11:00.000","74","V","HO"
"X4421601092300","X4","42","2009-01-16T23:00:00.000","2009-01-16T23:56:00.000","9.9","V","HO"
"X4501601092300","X4","50","2009-01-16T23:00:00.000","2009-01-16T23:00:00.000","3","V","HO"
"X4341601092300","X4","34","2009-01-16T23:00:00.000",,"1019","V","HO"
"X4331601092300","X4","33","2009-01-16T23:00:00.000",,"75","V","HO"
"X4321601092300","X4","32","2009-01-16T23:00:00.000",,"10.3","V","HO"
"X4401601092300","X4","40","2009-01-16T23:00:00.000","2009-01-16T23:00:00.000","10.5","V","HO"
"X4361601092300","X4","36","2009-01-16T23:00:00.000",,"0","V","HO"
"X4341701090000","X4","34","2009-01-17T00:00:00.000",,"1019","V","HO"
"X4351701090000","X4","35","2009-01-17T00:00:00.000",,"0","V","HO"
"X4361701090000","X4","36","2009-01-17T00:00:00.000",,"0","V","HO"
"X4401701090000","X4","40","2009-01-17T00:00:00.000","2009-01-17T00:30:00.000","10.1","V","HO"
"X4331701090000","X4","33","2009-01-17T00:00:00.000",,"76","V","HO"
"X4441701090000","X4","44","2009-01-17T00:00:00.000","2009-01-17T00:32:00.000","75","V","HO"
"X4501701090000","X4","50","2009-01-17T00:00:00.000","2009-01-17T00:54:00.000","3.1","V","HO"
"X4511701090000","X4","51","2009-01-17T00:00:00.000",,"341","V","HO"
"X4321701090000","X4","32","2009-01-17T00:00:00.000",,"10","V","HO"
"X4421701090000","X4","42","2009-01-17T00:00:00.000","2009-01-17T00:01:00.000","9.8","V","HO"
"X4321701090100","X4","32","2009-01-17T01:00:00.000",,"9.9","V","HO"
"X4331701090100","X4","33","2009-01-17T01:00:00.000",,"75","V","HO"
"X4341701090100","X4","34","2009-01-17T01:00:00.000",,"1019","V","HO"
"X4351701090100","X4","35","2009-01-17T01:00:00.000",,"0","V","HO"
"X4511701090100","X4","51","2009-01-17T01:00:00.000",,"356","V","HO"
"X4401701090100","X4","40","2009-01-17T01:00:00.000","2009-01-17T01:01:00.000","10","V","HO"
"X4421701090100","X4","42","2009-01-17T01:00:00.000","2009-01-17T01:58:00.000","9.8","V","HO"
"X4441701090100","X4","44","2009-01-17T01:00:00.000","2009-01-17T01:58:00.000","74","V","HO"
"X4501701090100","X4","50","2009-01-17T01:00:00.000","2009-01-17T01:01:00.000","2.9","V","HO"
"X4361701090100","X4","36","2009-01-17T01:00:00.000",,"0","V","HO"
"X4441701090200","X4","44","2009-01-17T02:00:00.000","2009-01-17T02:23:00.000","73","V","HO"
"X4501701090200","X4","50","2009-01-17T02:00:00.000","2009-01-17T02:01:00.000","2.1","V","HO"
"X4511701090200","X4","51","2009-01-17T02:00:00.000",,"11","V","HO"
"X4321701090200","X4","32","2009-01-17T02:00:00.000",,"9.6","V","HO"
"X4331701090200","X4","33","2009-01-17T02:00:00.000",,"73","V","HO"
"X4341701090200","X4","34","2009-01-17T02:00:00.000",,"1018","V","HO"
"X4351701090200","X4","35","2009-01-17T02:00:00.000",,"0","V","HO"
"X4361701090200","X4","36","2009-01-17T02:00:00.000",,"0","V","HO"
"X4401701090200","X4","40","2009-01-17T02:00:00.000","2009-01-17T02:00:00.000","9.8","V","HO"
"X4421701090200","X4","42","2009-01-17T02:00:00.000","2009-01-17T02:27:00.000","9.5","V","HO"
"X4321701090300","X4","32","2009-01-17T03:00:00.000",,"9.5","V","HO"
"X4331701090300","X4","33","2009-01-17T03:00:00.000",,"75","V","HO"
"X4341701090300","X4","34","2009-01-17T03:00:00.000",,"1018","V","HO"
"X4351701090300","X4","35","2009-01-17T03:00:00.000",,"0","V","HO"
"X4361701090300","X4","36","2009-01-17T03:00:00.000",,"0","V","HO"
"X4401701090300","X4","40","2009-01-17T03:00:00.000","2009-01-17T03:09:00.000","9.7","V","HO"
"X4421701090300","X4","42","2009-01-17T03:00:00.000","2009-01-17T03:58:00.000","9.3","V","HO"
"X4441701090300","X4","44","2009-01-17T03:00:00.000","2009-01-17T03:00:00.000","73","V","HO"
"X4501701090300","X4","50","2009-01-17T03:00:00.000","2009-01-17T03:13:00.000","1.4","V","HO"
"X4511701090300","X4","51","2009-01-17T03:00:00.000",,"234","V","HO"
"X4331701090400","X4","33","2009-01-17T04:00:00.000",,"76","V","HO"
"X4341701090400","X4","34","2009-01-17T04:00:00.000",,"1018","V","HO"
"X4351701090400","X4","35","2009-01-17T04:00:00.000",,"0","V","HO"
"X4361701090400","X4","36","2009-01-17T04:00:00.000",,"0","V","HO"
"X4321701090400","X4","32","2009-01-17T04:00:00.000",,"9","V","HO"
"X4421701090400","X4","42","2009-01-17T04:00:00.000","2009-01-17T04:50:00.000","8.8","V","HO"
"X4441701090400","X4","44","2009-01-17T04:00:00.000","2009-01-17T04:02:00.000","75","V","HO"
"X4501701090400","X4","50","2009-01-17T04:00:00.000","2009-01-17T04:35:00.000","0.8","V","HO"
"X4511701090400","X4","51","2009-01-17T04:00:00.000",,"157","V","HO"
"X4401701090400","X4","40","2009-01-17T04:00:00.000","2009-01-17T04:00:00.000","9.3","V","HO"
"X4351701090500","X4","35","2009-01-17T05:00:00.000",,"0","V","HO"
"X4361701090500","X4","36","2009-01-17T05:00:00.000",,"0","V","HO"
"X4401701090500","X4","40","2009-01-17T05:00:00.000","2009-01-17T05:58:00.000","9.1","V","HO"
"X4421701090500","X4","42","2009-01-17T05:00:00.000","2009-01-17T05:05:00.000","8.8","V","HO"
"X4441701090500","X4","44","2009-01-17T05:00:00.000","2009-01-17T05:58:00.000","74","V","HO"
"X4501701090500","X4","50","2009-01-17T05:00:00.000","2009-01-17T05:10:00.000","1.2","V","HO"
"X4511701090500","X4","51","2009-01-17T05:00:00.000",,"201","V","HO"
"X4321701090500","X4","32","2009-01-17T05:00:00.000",,"8.9","V","HO"
"X4331701090500","X4","33","2009-01-17T05:00:00.000",,"76","V","HO"
"X4341701090500","X4","34","2009-01-17T05:00:00.000",,"1018","V","HO"
"X4511701090600","X4","51","2009-01-17T06:00:00.000",,"91","V","HO"
"X4321701090600","X4","32","2009-01-17T06:00:00.000",,"8.9","V","HO"
"X4331701090600","X4","33","2009-01-17T06:00:00.000",,"75","V","HO"
"X4341701090600","X4","34","2009-01-17T06:00:00.000",,"1019","V","HO"
"X4351701090600","X4","35","2009-01-17T06:00:00.000",,"0","V","HO"
"X4361701090600","X4","36","2009-01-17T06:00:00.000",,"0","V","HO"
"X4401701090600","X4","40","2009-01-17T06:00:00.000","2009-01-17T06:08:00.000","9.1","V","HO"
"X4421701090600","X4","42","2009-01-17T06:00:00.000","2009-01-17T06:47:00.000","8.6","V","HO"
"X4441701090600","X4","44","2009-01-17T06:00:00.000","2009-01-17T06:00:00.000","74","V","HO"
"X4501701090600","X4","50","2009-01-17T06:00:00.000","2009-01-17T06:28:00.000","1","V","HO"
"X4321701090700","X4","32","2009-01-17T07:00:00.000",,"9.2","V","HO"
"X4331701090700","X4","33","2009-01-17T07:00:00.000",,"74","V","HO"
"X4341701090700","X4","34","2009-01-17T07:00:00.000",,"1019","V","HO"
"X4351701090700","X4","35","2009-01-17T07:00:00.000",,"0","V","HO"
"X4511701090700","X4","51","2009-01-17T07:00:00.000",,"270","V","HO"
"X4401701090700","X4","40","2009-01-17T07:00:00.000","2009-01-17T07:27:00.000","9.4","V","HO"
"X4421701090700","X4","42","2009-01-17T07:00:00.000","2009-01-17T07:00:00.000","8.6","V","HO"
"X4441701090700","X4","44","2009-01-17T07:00:00.000","2009-01-17T07:47:00.000","72","V","HO"
"X4501701090700","X4","50","2009-01-17T07:00:00.000","2009-01-17T07:13:00.000","2.6","V","HO"
"X4361701090700","X4","36","2009-01-17T07:00:00.000",,"10","V","HO"
"X4341701090800","X4","34","2009-01-17T08:00:00.000",,"1019","V","HO"
"X4351701090800","X4","35","2009-01-17T08:00:00.000",,"0","V","HO"
"X4321701090800","X4","32","2009-01-17T08:00:00.000",,"9.7","V","HO"
"X4501701090800","X4","50","2009-01-17T08:00:00.000","2009-01-17T08:50:00.000","4","V","HO"
"X4511701090800","X4","51","2009-01-17T08:00:00.000",,"314","V","HO"
"X4361701090800","X4","36","2009-01-17T08:00:00.000",,"78","V","HO"
"X4441701090800","X4","44","2009-01-17T08:00:00.000","2009-01-17T08:56:00.000","63","V","HO"
"X4421701090800","X4","42","2009-01-17T08:00:00.000","2009-01-17T08:01:00.000","9.1","V","HO"
"X4401701090800","X4","40","2009-01-17T08:00:00.000","2009-01-17T08:58:00.000","10.4","V","HO"
"X4331701090800","X4","33","2009-01-17T08:00:00.000",,"67","V","HO"
"X4321701090900","X4","32","2009-01-17T09:00:00.000",,"10.9","V","HO"
"X4331701090900","X4","33","2009-01-17T09:00:00.000",,"61","V","HO"
"X4341701090900","X4","34","2009-01-17T09:00:00.000",,"1020","V","HO"
"X4351701090900","X4","35","2009-01-17T09:00:00.000",,"0","V","HO"
"X4511701090900","X4","51","2009-01-17T09:00:00.000",,"318","V","HO"
"X4401701090900","X4","40","2009-01-17T09:00:00.000","2009-01-17T09:58:00.000","11.9","V","HO"
"X4421701090900","X4","42","2009-01-17T09:00:00.000","2009-01-17T09:00:00.000","10.4","V","HO"
"X4441701090900","X4","44","2009-01-17T09:00:00.000","2009-01-17T09:58:00.000","57","V","HO"
"X4501701090900","X4","50","2009-01-17T09:00:00.000","2009-01-17T09:24:00.000","3.3","V","HO"
"X4361701090900","X4","36","2009-01-17T09:00:00.000",,"205","V","HO"
"X4401701091000","X4","40","2009-01-17T10:00:00.000","2009-01-17T10:58:00.000","13.5","V","HO"
"X4421701091000","X4","42","2009-01-17T10:00:00.000","2009-01-17T10:28:00.000","11.8","V","HO"
"X4441701091000","X4","44","2009-01-17T10:00:00.000","2009-01-17T10:58:00.000","52","V","HO"
"X4501701091000","X4","50","2009-01-17T10:00:00.000","2009-01-17T10:32:00.000","4.3","V","HO"
"X4511701091000","X4","51","2009-01-17T10:00:00.000",,"304","V","HO"
"X4011701091000","X4","1","2009-01-17T10:00:00.000","2009-01-17T10:44:00.000","1020","V","HO"
"X4331701091000","X4","33","2009-01-17T10:00:00.000",,"56","V","HO"
"X4341701091000","X4","34","2009-01-17T10:00:00.000",,"1020","V","HO"
"X4351701091000","X4","35","2009-01-17T10:00:00.000",,"0","V","HO"
"X4361701091000","X4","36","2009-01-17T10:00:00.000",,"343","V","HO"
"X4321701091000","X4","32","2009-01-17T10:00:00.000",,"12.2","V","HO"
"X4321701091100","X4","32","2009-01-17T11:00:00.000",,"14","V","HO"
"X4331701091100","X4","33","2009-01-17T11:00:00.000",,"49","V","HO"
"X4341701091100","X4","34","2009-01-17T11:00:00.000",,"1020","V","HO"
"X4351701091100","X4","35","2009-01-17T11:00:00.000",,"0","V","HO"
"X4511701091100","X4","51","2009-01-17T11:00:00.000",,"290","V","HO"
"X4401701091100","X4","40","2009-01-17T11:00:00.000","2009-01-17T11:38:00.000","14.3","V","HO"
"X4421701091100","X4","42","2009-01-17T11:00:00.000","2009-01-17T11:00:00.000","13.5","V","HO"
"X4441701091100","X4","44","2009-01-17T11:00:00.000","2009-01-17T11:41:00.000","48","V","HO"
"X4501701091100","X4","50","2009-01-17T11:00:00.000","2009-01-17T11:51:00.000","5.6","V","HO"
"X4361701091100","X4","36","2009-01-17T11:00:00.000",,"479","V","HO"
"X4321701091200","X4","32","2009-01-17T12:00:00.000",,"14.4","V","HO"
"X4331701091200","X4","33","2009-01-17T12:00:00.000",,"46","V","HO"
"X4341701091200","X4","34","2009-01-17T12:00:00.000",,"1019","V","HO"
"X4351701091200","X4","35","2009-01-17T12:00:00.000",,"0","V","HO"
"X4511701091200","X4","51","2009-01-17T12:00:00.000",,"327","V","HO"
"X4401701091200","X4","40","2009-01-17T12:00:00.000","2009-01-17T12:46:00.000","14.8","V","HO"
"X4421701091200","X4","42","2009-01-17T12:00:00.000","2009-01-17T12:00:00.000","13.8","V","HO"
"X4441701091200","X4","44","2009-01-17T12:00:00.000","2009-01-17T12:52:00.000","44","V","HO"
"X4501701091200","X4","50","2009-01-17T12:00:00.000","2009-01-17T12:24:00.000","7.2","V","HO"
"X4361701091200","X4","36","2009-01-17T12:00:00.000",,"456","V","HO"
"X4321701091300","X4","32","2009-01-17T13:00:00.000",,"15.2","V","HO"
"X4331701091300","X4","33","2009-01-17T13:00:00.000",,"43","V","HO"
"X4341701091300","X4","34","2009-01-17T13:00:00.000",,"1019","V","HO"
"X4351701091300","X4","35","2009-01-17T13:00:00.000",,"0","V","HO"
"X4511701091300","X4","51","2009-01-17T13:00:00.000",,"305","V","HO"
"X4401701091300","X4","40","2009-01-17T13:00:00.000","2009-01-17T13:58:00.000","15.9","V","HO"
"X4421701091300","X4","42","2009-01-17T13:00:00.000","2009-01-17T13:00:00.000","14.6","V","HO"
"X4441701091300","X4","44","2009-01-17T13:00:00.000","2009-01-17T13:38:00.000","41","V","HO"
"X4501701091300","X4","50","2009-01-17T13:00:00.000","2009-01-17T13:00:00.000","5.7","V","HO"
"X4361701091300","X4","36","2009-01-17T13:00:00.000",,"415","V","HO"
"X4321701091400","X4","32","2009-01-17T14:00:00.000",,"15.9","V","HO"
"X4331701091400","X4","33","2009-01-17T14:00:00.000",,"41","V","HO"
"X4341701091400","X4","34","2009-01-17T14:00:00.000",,"1018","V","HO"
"X4351701091400","X4","35","2009-01-17T14:00:00.000",,"0","V","HO"
"X4511701091400","X4","51","2009-01-17T14:00:00.000",,"313","V","HO"
"X4401701091400","X4","40","2009-01-17T14:00:00.000","2009-01-17T14:27:00.000","16.2","V","HO"
"X4421701091400","X4","42","2009-01-17T14:00:00.000","2009-01-17T14:58:00.000","15.5","V","HO"
"X4441701091400","X4","44","2009-01-17T14:00:00.000","2009-01-17T14:28:00.000","39","V","HO"
"X4501701091400","X4","50","2009-01-17T14:00:00.000","2009-01-17T14:13:00.000","3.9","V","HO"
"X4361701091400","X4","36","2009-01-17T14:00:00.000",,"296","V","HO"
"X4321701091500","X4","32","2009-01-17T15:00:00.000",,"14.1","V","HO"
"X4331701091500","X4","33","2009-01-17T15:00:00.000",,"57","V","HO"
"X4341701091500","X4","34","2009-01-17T15:00:00.000",,"1018","V","HO"
"X4351701091500","X4","35","2009-01-17T15:00:00.000",,"0","V","HO"
"X4511701091500","X4","51","2009-01-17T15:00:00.000",,"234","V","HO"
"X4401701091500","X4","40","2009-01-17T15:00:00.000","2009-01-17T15:00:00.000","15.5","V","HO"
"X4421701091500","X4","42","2009-01-17T15:00:00.000","2009-01-17T15:53:00.000","13.5","V","HO"
"X4441701091500","X4","44","2009-01-17T15:00:00.000","2009-01-17T15:00:00.000","47","V","HO"
"X4501701091500","X4","50","2009-01-17T15:00:00.000","2009-01-17T15:00:00.000","5.1","V","HO"
"X4361701091500","X4","36","2009-01-17T15:00:00.000",,"155","V","HO"
"X4511701091600","X4","51","2009-01-17T16:00:00.000",,"253","V","HO"
"X4321701091600","X4","32","2009-01-17T16:00:00.000",,"12.7","V","HO"
"X4331701091600","X4","33","2009-01-17T16:00:00.000",,"65","V","HO"
"X4341701091600","X4","34","2009-01-17T16:00:00.000",,"1018","V","HO"
"X4501701091600","X4","50","2009-01-17T16:00:00.000","2009-01-17T16:28:00.000","4.1","V","HO"
"X4361701091600","X4","36","2009-01-17T16:00:00.000",,"28","V","HO"
"X4401701091600","X4","40","2009-01-17T16:00:00.000","2009-01-17T16:00:00.000","13.5","V","HO"
"X4421701091600","X4","42","2009-01-17T16:00:00.000","2009-01-17T16:58:00.000","11.9","V","HO"
"X4441701091600","X4","44","2009-01-17T16:00:00.000","2009-01-17T16:01:00.000","60","V","HO"
"X4351701091600","X4","35","2009-01-17T16:00:00.000",,"0","V","HO"
"X4401701091700","X4","40","2009-01-17T17:00:00.000","2009-01-17T17:00:00.000","11.9","V","HO"
"X4421701091700","X4","42","2009-01-17T17:00:00.000","2009-01-17T17:50:00.000","11.4","V","HO"
"X4441701091700","X4","44","2009-01-17T17:00:00.000","2009-01-17T17:58:00.000","68","V","HO"
"X4501701091700","X4","50","2009-01-17T17:00:00.000","2009-01-17T17:00:00.000","4.6","V","HO"
"X4511701091700","X4","51","2009-01-17T17:00:00.000",,"254","V","HO"
"X4321701091700","X4","32","2009-01-17T17:00:00.000",,"11.6","V","HO"
"X4331701091700","X4","33","2009-01-17T17:00:00.000",,"69","V","HO"
"X4341701091700","X4","34","2009-01-17T17:00:00.000",,"1018","V","HO"
"X4351701091700","X4","35","2009-01-17T17:00:00.000",,"0","V","HO"
"X4361701091700","X4","36","2009-01-17T17:00:00.000",,"0","V","HO"
"X4401701091800","X4","40","2009-01-17T18:00:00.000","2009-01-17T18:00:00.000","11.4","V","HO"
"X4421701091800","X4","42","2009-01-17T18:00:00.000","2009-01-17T18:58:00.000","10.9","V","HO"
"X4441701091800","X4","44","2009-01-17T18:00:00.000","2009-01-17T18:42:00.000","60","V","HO"
"X4501701091800","X4","50","2009-01-17T18:00:00.000","2009-01-17T18:16:00.000","3.7","V","HO"
"X4361701091800","X4","36","2009-01-17T18:00:00.000",,"0","V","HO"
"X4321701091800","X4","32","2009-01-17T18:00:00.000",,"11.2","V","HO"
"X4331701091800","X4","33","2009-01-17T18:00:00.000",,"63","V","HO"
"X4341701091800","X4","34","2009-01-17T18:00:00.000",,"1019","V","HO"
"X4351701091800","X4","35","2009-01-17T18:00:00.000",,"0","V","HO"
"X4511701091800","X4","51","2009-01-17T18:00:00.000",,"317","V","HO"
"X4501701091900","X4","50","2009-01-17T19:00:00.000","2009-01-17T19:00:00.000","3.8","V","HO"
"X4321701091900","X4","32","2009-01-17T19:00:00.000",,"10.7","V","HO"
"X4331701091900","X4","33","2009-01-17T19:00:00.000",,"61","V","HO"
"X4441701091900","X4","44","2009-01-17T19:00:00.000","2009-01-17T19:03:00.000","59","V","HO"
"X4341701091900","X4","34","2009-01-17T19:00:00.000",,"1019","V","HO"
"X4351701091900","X4","35","2009-01-17T19:00:00.000",,"0","V","HO"
"X4421701091900","X4","42","2009-01-17T19:00:00.000","2009-01-17T19:58:00.000","10.5","V","HO"
"X4511701091900","X4","51","2009-01-17T19:00:00.000",,"312","V","HO"
"X4361701091900","X4","36","2009-01-17T19:00:00.000",,"0","V","HO"
"X4401701091900","X4","40","2009-01-17T19:00:00.000","2009-01-17T19:09:00.000","10.9","V","HO"
"X4321701092000","X4","32","2009-01-17T20:00:00.000",,"10","V","HO"
"X4331701092000","X4","33","2009-01-17T20:00:00.000",,"63","V","HO"
"X4341701092000","X4","34","2009-01-17T20:00:00.000",,"1019","V","HO"
"X4351701092000","X4","35","2009-01-17T20:00:00.000",,"0","V","HO"
"X4511701092000","X4","51","2009-01-17T20:00:00.000",,"267","V","HO"
"X4401701092000","X4","40","2009-01-17T20:00:00.000","2009-01-17T20:01:00.000","10.5","V","HO"
"X4421701092000","X4","42","2009-01-17T20:00:00.000","2009-01-17T20:57:00.000","9.4","V","HO"
"X4441701092000","X4","44","2009-01-17T20:00:00.000","2009-01-17T20:01:00.000","60","V","HO"
"X4501701092000","X4","50","2009-01-17T20:00:00.000","2009-01-17T20:05:00.000","3.2","V","HO"
"X4361701092000","X4","36","2009-01-17T20:00:00.000",,"0","V","HO"
"X4321701092100","X4","32","2009-01-17T21:00:00.000",,"9.4","V","HO"
"X4331701092100","X4","33","2009-01-17T21:00:00.000",,"66","V","HO"
"X4341701092100","X4","34","2009-01-17T21:00:00.000",,"1019","V","HO"
"X4351701092100","X4","35","2009-01-17T21:00:00.000",,"0","V","HO"
"X4511701092100","X4","51","2009-01-17T21:00:00.000",,"252","V","HO"
"X4401701092100","X4","40","2009-01-17T21:00:00.000","2009-01-17T21:09:00.000","9.6","V","HO"
"X4421701092100","X4","42","2009-01-17T21:00:00.000","2009-01-17T21:58:00.000","9","V","HO"
"X4441701092100","X4","44","2009-01-17T21:00:00.000","2009-01-17T21:08:00.000","65","V","HO"
"X4501701092100","X4","50","2009-01-17T21:00:00.000","2009-01-17T21:32:00.000","2.4","V","HO"
"X4361701092100","X4","36","2009-01-17T21:00:00.000",,"0","V","HO"
"X4341701092200","X4","34","2009-01-17T22:00:00.000",,"1018","V","HO"
"X4351701092200","X4","35","2009-01-17T22:00:00.000",,"0","V","HO"
"X4361701092200","X4","36","2009-01-17T22:00:00.000",,"0","V","HO"
"X4401701092200","X4","40","2009-01-17T22:00:00.000","2009-01-17T22:00:00.000","8.9","V","HO"
"X4421701092200","X4","42","2009-01-17T22:00:00.000","2009-01-17T22:37:00.000","8.7","V","HO"
"X4441701092200","X4","44","2009-01-17T22:00:00.000","2009-01-17T22:58:00.000","67","V","HO"
"X4501701092200","X4","50","2009-01-17T22:00:00.000","2009-01-17T22:50:00.000","1.8","V","HO"
"X4511701092200","X4","51","2009-01-17T22:00:00.000",,"270","V","HO"
"X4321701092200","X4","32","2009-01-17T22:00:00.000",,"8.8","V","HO"
"X4331701092200","X4","33","2009-01-17T22:00:00.000",,"68","V","HO"
"X4321701092300","X4","32","2009-01-17T23:00:00.000",,"8.8","V","HO"
"X4331701092300","X4","33","2009-01-17T23:00:00.000",,"66","V","HO"
"X4351701092300","X4","35","2009-01-17T23:00:00.000",,"0","V","HO"
"X4361701092300","X4","36","2009-01-17T23:00:00.000",,"0","V","HO"
"X4401701092300","X4","40","2009-01-17T23:00:00.000","2009-01-17T23:53:00.000","8.9","V","HO"
"X4511701092300","X4","51","2009-01-17T23:00:00.000",,"266","V","HO"
"X4441701092300","X4","44","2009-01-17T23:00:00.000","2009-01-17T23:34:00.000","66","V","HO"
"X4501701092300","X4","50","2009-01-17T23:00:00.000","2009-01-17T23:42:00.000","1.9","V","HO"
"X4021701092300","X4","2","2009-01-17T23:00:00.000","2009-01-17T23:55:00.000","1017","V","HO"
"X4341701092300","X4","34","2009-01-17T23:00:00.000",,"1018","V","HO"
"X4421701092300","X4","42","2009-01-17T23:00:00.000","2009-01-17T23:06:00.000","8.7","V","HO"
"X4441801090000","X4","44","2009-01-18T00:00:00.000","2009-01-18T00:58:00.000","66","V","HO"
"X4501801090000","X4","50","2009-01-18T00:00:00.000","2009-01-18T00:53:00.000","3.6","V","HO"
"X4511801090000","X4","51","2009-01-18T00:00:00.000",,"317","V","HO"
"X4321801090000","X4","32","2009-01-18T00:00:00.000",,"8.8","V","HO"
"X4331801090000","X4","33","2009-01-18T00:00:00.000",,"67","V","HO"
"X4011801090000","X4","1","2009-01-18T00:00:00.000","2009-01-18T00:00:00.000","1017","V","HO"
"X4351801090000","X4","35","2009-01-18T00:00:00.000",,"0","V","HO"
"X4361801090000","X4","36","2009-01-18T00:00:00.000",,"0","V","HO"
"X4401801090000","X4","40","2009-01-18T00:00:00.000","2009-01-18T00:20:00.000","8.9","V","HO"
"X4421801090000","X4","42","2009-01-18T00:00:00.000","2009-01-18T00:55:00.000","8.8","V","HO"
"X4341801090000","X4","34","2009-01-18T00:00:00.000",,"1017","V","HO"
"X4441801090100","X4","44","2009-01-18T01:00:00.000","2009-01-18T01:08:00.000","64","V","HO"
"X4501801090100","X4","50","2009-01-18T01:00:00.000","2009-01-18T01:18:00.000","4.9","V","HO"
"X4511801090100","X4","51","2009-01-18T01:00:00.000",,"304","V","HO"
"X4321801090100","X4","32","2009-01-18T01:00:00.000",,"8.4","V","HO"
"X4331801090100","X4","33","2009-01-18T01:00:00.000",,"65","V","HO"
"X4341801090100","X4","34","2009-01-18T01:00:00.000",,"1017","V","HO"
"X4351801090100","X4","35","2009-01-18T01:00:00.000",,"0","V","HO"
"X4361801090100","X4","36","2009-01-18T01:00:00.000",,"0","V","HO"
"X4401801090100","X4","40","2009-01-18T01:00:00.000","2009-01-18T01:00:00.000","8.8","V","HO"
"X4421801090100","X4","42","2009-01-18T01:00:00.000","2009-01-18T01:58:00.000","8","V","HO"
"X4321801090200","X4","32","2009-01-18T02:00:00.000",,"7.9","V","HO"
"X4331801090200","X4","33","2009-01-18T02:00:00.000",,"67","V","HO"
"X4341801090200","X4","34","2009-01-18T02:00:00.000",,"1017","V","HO"
"X4351801090200","X4","35","2009-01-18T02:00:00.000",,"0","V","HO"
"X4361801090200","X4","36","2009-01-18T02:00:00.000",,"0","V","HO"
"X4401801090200","X4","40","2009-01-18T02:00:00.000","2009-01-18T02:41:00.000","8.1","V","HO"
"X4421801090200","X4","42","2009-01-18T02:00:00.000","2009-01-18T02:21:00.000","7.7","V","HO"
"X4441801090200","X4","44","2009-01-18T02:00:00.000","2009-01-18T02:43:00.000","66","V","HO"
"X4501801090200","X4","50","2009-01-18T02:00:00.000","2009-01-18T02:42:00.000","8","V","HO"
"X4511801090200","X4","51","2009-01-18T02:00:00.000",,"311","V","HO"
"X4331801090300","X4","33","2009-01-18T03:00:00.000",,"67","V","HO"
"X4341801090300","X4","34","2009-01-18T03:00:00.000",,"1016","V","HO"
"X4351801090300","X4","35","2009-01-18T03:00:00.000",,"0","V","HO"
"X4361801090300","X4","36","2009-01-18T03:00:00.000",,"0","V","HO"
"X4501801090300","X4","50","2009-01-18T03:00:00.000","2009-01-18T03:50:00.000","5.9","V","HO"
"X4421801090300","X4","42","2009-01-18T03:00:00.000","2009-01-18T03:58:00.000","7.4","V","HO"
"X4441801090300","X4","44","2009-01-18T03:00:00.000","2009-01-18T03:09:00.000","66","V","HO"
"X4321801090300","X4","32","2009-01-18T03:00:00.000",,"7.7","V","HO"
"X4511801090300","X4","51","2009-01-18T03:00:00.000",,"303","V","HO"
"X4401801090300","X4","40","2009-01-18T03:00:00.000","2009-01-18T03:07:00.000","7.9","V","HO"
"X4321801090400","X4","32","2009-01-18T04:00:00.000",,"7.2","V","HO"
"X4331801090400","X4","33","2009-01-18T04:00:00.000",,"69","V","HO"
"X4341801090400","X4","34","2009-01-18T04:00:00.000",,"1016","V","HO"
"X4351801090400","X4","35","2009-01-18T04:00:00.000",,"0","V","HO"
"X4511801090400","X4","51","2009-01-18T04:00:00.000",,"321","V","HO"
"X4401801090400","X4","40","2009-01-18T04:00:00.000","2009-01-18T04:00:00.000","7.4","V","HO"
"X4421801090400","X4","42","2009-01-18T04:00:00.000","2009-01-18T04:55:00.000","6.7","V","HO"
"X4441801090400","X4","44","2009-01-18T04:00:00.000","2009-01-18T04:21:00.000","68","V","HO"
"X4501801090400","X4","50","2009-01-18T04:00:00.000","2009-01-18T04:42:00.000","8.6","V","HO"
"X4361801090400","X4","36","2009-01-18T04:00:00.000",,"0","V","HO"
"X4341801090500","X4","34","2009-01-18T05:00:00.000",,"1015","V","HO"
"X4351801090500","X4","35","2009-01-18T05:00:00.000",,"0","V","HO"
"X4361801090500","X4","36","2009-01-18T05:00:00.000",,"0","V","HO"
"X4401801090500","X4","40","2009-01-18T05:00:00.000","2009-01-18T05:58:00.000","7.2","V","HO"
"X4331801090500","X4","33","2009-01-18T05:00:00.000",,"70","V","HO"
"X4441801090500","X4","44","2009-01-18T05:00:00.000","2009-01-18T05:58:00.000","68","V","HO"
"X4501801090500","X4","50","2009-01-18T05:00:00.000","2009-01-18T05:00:00.000","6.5","V","HO"
"X4511801090500","X4","51","2009-01-18T05:00:00.000",,"323","V","HO"
"X4321801090500","X4","32","2009-01-18T05:00:00.000",,"6.9","V","HO"
"X4421801090500","X4","42","2009-01-18T05:00:00.000","2009-01-18T05:00:00.000","6.7","V","HO"
"X4321801090600","X4","32","2009-01-18T06:00:00.000",,"7.3","V","HO"
"X4331801090600","X4","33","2009-01-18T06:00:00.000",,"67","V","HO"
"X4341801090600","X4","34","2009-01-18T06:00:00.000",,"1015","V","HO"
"X4351801090600","X4","35","2009-01-18T06:00:00.000",,"0","V","HO"
"X4511801090600","X4","51","2009-01-18T06:00:00.000",,"280","V","HO"
"X4401801090600","X4","40","2009-01-18T06:00:00.000","2009-01-18T06:38:00.000","7.4","V","HO"
"X4421801090600","X4","42","2009-01-18T06:00:00.000","2009-01-18T06:57:00.000","7.2","V","HO"
"X4441801090600","X4","44","2009-01-18T06:00:00.000","2009-01-18T06:37:00.000","66","V","HO"
"X4501801090600","X4","50","2009-01-18T06:00:00.000","2009-01-18T06:00:00.000","5.3","V","HO"
"X4361801090600","X4","36","2009-01-18T06:00:00.000",,"0","V","HO"
"X4511801090700","X4","51","2009-01-18T07:00:00.000",,"315","V","HO"
"X4321801090700","X4","32","2009-01-18T07:00:00.000",,"7.7","V","HO"
"X4331801090700","X4","33","2009-01-18T07:00:00.000",,"64","V","HO"
"X4341801090700","X4","34","2009-01-18T07:00:00.000",,"1015","V","HO"
"X4501801090700","X4","50","2009-01-18T07:00:00.000","2009-01-18T07:29:00.000","3.7","V","HO"
"X4361801090700","X4","36","2009-01-18T07:00:00.000",,"32","V","HO"
"X4401801090700","X4","40","2009-01-18T07:00:00.000","2009-01-18T07:56:00.000","8.5","V","HO"
"X4421801090700","X4","42","2009-01-18T07:00:00.000","2009-01-18T07:00:00.000","7.2","V","HO"
"X4441801090700","X4","44","2009-01-18T07:00:00.000","2009-01-18T07:55:00.000","60","V","HO"
"X4351801090700","X4","35","2009-01-18T07:00:00.000",,"0","V","HO"
"X4321801090800","X4","32","2009-01-18T08:00:00.000",,"8.6","V","HO"
"X4331801090800","X4","33","2009-01-18T08:00:00.000",,"61","V","HO"
"X4341801090800","X4","34","2009-01-18T08:00:00.000",,"1015","V","HO"
"X4351801090800","X4","35","2009-01-18T08:00:00.000",,"0","V","HO"
"X4511801090800","X4","51","2009-01-18T08:00:00.000",,"312","V","HO"
"X4401801090800","X4","40","2009-01-18T08:00:00.000","2009-01-18T08:58:00.000","8.9","V","HO"
"X4421801090800","X4","42","2009-01-18T08:00:00.000","2009-01-18T08:15:00.000","8.4","V","HO"
"X4441801090800","X4","44","2009-01-18T08:00:00.000","2009-01-18T08:34:00.000","60","V","HO"
"X4501801090800","X4","50","2009-01-18T08:00:00.000","2009-01-18T08:33:00.000","7.4","V","HO"
"X4361801090800","X4","36","2009-01-18T08:00:00.000",,"134","V","HO"
"X4501801090900","X4","50","2009-01-18T09:00:00.000","2009-01-18T09:25:00.000","3.3","V","HO"
"X4511801090900","X4","51","2009-01-18T09:00:00.000",,"302","V","HO"
"X4321801090900","X4","32","2009-01-18T09:00:00.000",,"10.2","V","HO"
"X4331801090900","X4","33","2009-01-18T09:00:00.000",,"55","V","HO"
"X4341801090900","X4","34","2009-01-18T09:00:00.000",,"1016","V","HO"
"X4351801090900","X4","35","2009-01-18T09:00:00.000",,"0","V","HO"
"X4361801090900","X4","36","2009-01-18T09:00:00.000",,"217","V","HO"
"X4401801090900","X4","40","2009-01-18T09:00:00.000","2009-01-18T09:49:00.000","11.2","V","HO"
"X4421801090900","X4","42","2009-01-18T09:00:00.000","2009-01-18T09:00:00.000","8.9","V","HO"
"X4441801090900","X4","44","2009-01-18T09:00:00.000","2009-01-18T09:49:00.000","51","V","HO"
"X4421801091000","X4","42","2009-01-18T10:00:00.000","2009-01-18T10:00:00.000","11","V","HO"
"X4441801091000","X4","44","2009-01-18T10:00:00.000","2009-01-18T10:52:00.000","46","V","HO"
"X4501801091000","X4","50","2009-01-18T10:00:00.000","2009-01-18T10:33:00.000","4.7","V","HO"
"X4511801091000","X4","51","2009-01-18T10:00:00.000",,"321","V","HO"
"X4321801091000","X4","32","2009-01-18T10:00:00.000",,"11.9","V","HO"
"X4331801091000","X4","33","2009-01-18T10:00:00.000",,"48","V","HO"
"X4341801091000","X4","34","2009-01-18T10:00:00.000",,"1015","V","HO"
"X4351801091000","X4","35","2009-01-18T10:00:00.000",,"0","V","HO"
"X4361801091000","X4","36","2009-01-18T10:00:00.000",,"411","V","HO"
"X4401801091000","X4","40","2009-01-18T10:00:00.000","2009-01-18T10:54:00.000","12.9","V","HO"
"X4321801091100","X4","32","2009-01-18T11:00:00.000",,"13.3","V","HO"
"X4331801091100","X4","33","2009-01-18T11:00:00.000",,"47","V","HO"
"X4341801091100","X4","34","2009-01-18T11:00:00.000",,"1014","V","HO"
"X4351801091100","X4","35","2009-01-18T11:00:00.000",,"0","V","HO"
"X4361801091100","X4","36","2009-01-18T11:00:00.000",,"476","V","HO"
"X4401801091100","X4","40","2009-01-18T11:00:00.000","2009-01-18T11:58:00.000","13.8","V","HO"
"X4421801091100","X4","42","2009-01-18T11:00:00.000","2009-01-18T11:00:00.000","12.9","V","HO"
"X4441801091100","X4","44","2009-01-18T11:00:00.000","2009-01-18T11:57:00.000","45","V","HO"
"X4501801091100","X4","50","2009-01-18T11:00:00.000","2009-01-18T11:56:00.000","6.2","V","HO"
"X4511801091100","X4","51","2009-01-18T11:00:00.000",,"257","V","HO"
"X4501801091200","X4","50","2009-01-18T12:00:00.000","2009-01-18T12:50:00.000","6.3","V","HO"
"X4321801091200","X4","32","2009-01-18T12:00:00.000",,"14.8","V","HO"
"X4331801091200","X4","33","2009-01-18T12:00:00.000",,"42","V","HO"
"X4341801091200","X4","34","2009-01-18T12:00:00.000",,"1013","V","HO"
"X4511801091200","X4","51","2009-01-18T12:00:00.000",,"260","V","HO"
"X4361801091200","X4","36","2009-01-18T12:00:00.000",,"447","V","HO"
"X4401801091200","X4","40","2009-01-18T12:00:00.000","2009-01-18T12:48:00.000","15.5","V","HO"
"X4421801091200","X4","42","2009-01-18T12:00:00.000","2009-01-18T12:00:00.000","13.9","V","HO"
"X4441801091200","X4","44","2009-01-18T12:00:00.000","2009-01-18T12:35:00.000","40","V","HO"
"X4351801091200","X4","35","2009-01-18T12:00:00.000",,"0","V","HO"
"X4321801091300","X4","32","2009-01-18T13:00:00.000",,"15.2","V","HO"
"X4331801091300","X4","33","2009-01-18T13:00:00.000",,"49","V","HO"
"X4341801091300","X4","34","2009-01-18T13:00:00.000",,"1013","V","HO"
"X4351801091300","X4","35","2009-01-18T13:00:00.000",,"0","V","HO"
"X4511801091300","X4","51","2009-01-18T13:00:00.000",,"230","V","HO"
"X4401801091300","X4","40","2009-01-18T13:00:00.000","2009-01-18T13:08:00.000","15.4","V","HO"
"X4421801091300","X4","42","2009-01-18T13:00:00.000","2009-01-18T13:20:00.000","15","V","HO"
"X4441801091300","X4","44","2009-01-18T13:00:00.000","2009-01-18T13:06:00.000","45","V","HO"
"X4501801091300","X4","50","2009-01-18T13:00:00.000","2009-01-18T13:42:00.000","7.2","V","HO"
"X4361801091300","X4","36","2009-01-18T13:00:00.000",,"386","V","HO"
"X4021801091400","X4","2","2009-01-18T14:00:00.000","2009-01-18T14:08:00.000","1012","V","HO"
"X4511801091400","X4","51","2009-01-18T14:00:00.000",,"255","V","HO"
"X4351801091400","X4","35","2009-01-18T14:00:00.000",,"0","V","HO"
"X4361801091400","X4","36","2009-01-18T14:00:00.000",,"305","V","HO"
"X4401801091400","X4","40","2009-01-18T14:00:00.000","2009-01-18T14:53:00.000","15.4","V","HO"
"X4341801091400","X4","34","2009-01-18T14:00:00.000",,"1013","V","HO"
"X4441801091400","X4","44","2009-01-18T14:00:00.000","2009-01-18T14:01:00.000","52","V","HO"
"X4501801091400","X4","50","2009-01-18T14:00:00.000","2009-01-18T14:00:00.000","8.6","V","HO"
"X4321801091400","X4","32","2009-01-18T14:00:00.000",,"15.1","V","HO"
"X4331801091400","X4","33","2009-01-18T14:00:00.000",,"54","V","HO"
"X4421801091400","X4","42","2009-01-18T14:00:00.000","2009-01-18T14:21:00.000","14.7","V","HO"
"X4321801091500","X4","32","2009-01-18T15:00:00.000",,"15.1","V","HO"
"X4331801091500","X4","33","2009-01-18T15:00:00.000",,"56","V","HO"
"X4341801091500","X4","34","2009-01-18T15:00:00.000",,"1013","V","HO"
"X4351801091500","X4","35","2009-01-18T15:00:00.000",,"0","V","HO"
"X4511801091500","X4","51","2009-01-18T15:00:00.000",,"231","V","HO"
"X4401801091500","X4","40","2009-01-18T15:00:00.000","2009-01-18T15:58:00.000","15.5","V","HO"
"X4421801091500","X4","42","2009-01-18T15:00:00.000","2009-01-18T15:38:00.000","14.9","V","HO"
"X4441801091500","X4","44","2009-01-18T15:00:00.000","2009-01-18T15:58:00.000","51","V","HO"
"X4501801091500","X4","50","2009-01-18T15:00:00.000","2009-01-18T15:01:00.000","5.2","V","HO"
"X4361801091500","X4","36","2009-01-18T15:00:00.000",,"166","V","HO"
"X4321801091600","X4","32","2009-01-18T16:00:00.000",,"15","V","HO"
"X4331801091600","X4","33","2009-01-18T16:00:00.000",,"45","V","HO"
"X4341801091600","X4","34","2009-01-18T16:00:00.000",,"1014","V","HO"
"X4351801091600","X4","35","2009-01-18T16:00:00.000",,"0","V","HO"
"X4511801091600","X4","51","2009-01-18T16:00:00.000",,"270","V","HO"
"X4401801091600","X4","40","2009-01-18T16:00:00.000","2009-01-18T16:00:00.000","15.5","V","HO"
"X4421801091600","X4","42","2009-01-18T16:00:00.000","2009-01-18T16:58:00.000","14.3","V","HO"
"X4441801091600","X4","44","2009-01-18T16:00:00.000","2009-01-18T16:39:00.000","42","V","HO"
"X4501801091600","X4","50","2009-01-18T16:00:00.000","2009-01-18T16:45:00.000","3.7","V","HO"
"X4361801091600","X4","36","2009-01-18T16:00:00.000",,"39","V","HO"
"X4441801091700","X4","44","2009-01-18T17:00:00.000","2009-01-18T17:00:00.000","44","V","HO"
"X4501801091700","X4","50","2009-01-18T17:00:00.000","2009-01-18T17:50:00.000","5.6","V","HO"
"X4511801091700","X4","51","2009-01-18T17:00:00.000",,"330","V","HO"
"X4321801091700","X4","32","2009-01-18T17:00:00.000",,"13.8","V","HO"
"X4421801091700","X4","42","2009-01-18T17:00:00.000","2009-01-18T17:57:00.000","13.4","V","HO"
"X4341801091700","X4","34","2009-01-18T17:00:00.000",,"1014","V","HO"
"X4351801091700","X4","35","2009-01-18T17:00:00.000",,"0","V","HO"
"X4361801091700","X4","36","2009-01-18T17:00:00.000",,"0","V","HO"
"X4401801091700","X4","40","2009-01-18T17:00:00.000","2009-01-18T17:00:00.000","14.3","V","HO"
"X4331801091700","X4","33","2009-01-18T17:00:00.000",,"46","V","HO"
"X4441801091800","X4","44","2009-01-18T18:00:00.000","2009-01-18T18:00:00.000","48","V","HO"
"X4501801091800","X4","50","2009-01-18T18:00:00.000","2009-01-18T18:01:00.000","3.8","V","HO"
"X4511801091800","X4","51","2009-01-18T18:00:00.000",,"326","V","HO"
"X4321801091800","X4","32","2009-01-18T18:00:00.000",,"13","V","HO"
"X4331801091800","X4","33","2009-01-18T18:00:00.000",,"50","V","HO"
"X4341801091800","X4","34","2009-01-18T18:00:00.000",,"1014","V","HO"
"X4351801091800","X4","35","2009-01-18T18:00:00.000",,"0","V","HO"
"X4361801091800","X4","36","2009-01-18T18:00:00.000",,"0","V","HO"
"X4401801091800","X4","40","2009-01-18T18:00:00.000","2009-01-18T18:00:00.000","13.4","V","HO"
"X4421801091800","X4","42","2009-01-18T18:00:00.000","2009-01-18T18:57:00.000","12.7","V","HO"
"X4341801091900","X4","34","2009-01-18T19:00:00.000",,"1014","V","HO"
"X4351801091900","X4","35","2009-01-18T19:00:00.000",,"0","V","HO"
"X4361801091900","X4","36","2009-01-18T19:00:00.000",,"0","V","HO"
"X4401801091900","X4","40","2009-01-18T19:00:00.000","2009-01-18T19:00:00.000","12.7","V","HO"
"X4331801091900","X4","33","2009-01-18T19:00:00.000",,"53","V","HO"
"X4441801091900","X4","44","2009-01-18T19:00:00.000","2009-01-18T19:00:00.000","51","V","HO"
"X4501801091900","X4","50","2009-01-18T19:00:00.000","2009-01-18T19:07:00.000","3.1","V","HO"
"X4511801091900","X4","51","2009-01-18T19:00:00.000",,"294","V","HO"
"X4321801091900","X4","32","2009-01-18T19:00:00.000",,"12.6","V","HO"
"X4421801091900","X4","42","2009-01-18T19:00:00.000","2009-01-18T19:58:00.000","12.4","V","HO"
"X4321801092000","X4","32","2009-01-18T20:00:00.000",,"12.2","V","HO"
"X4331801092000","X4","33","2009-01-18T20:00:00.000",,"55","V","HO"
"X4341801092000","X4","34","2009-01-18T20:00:00.000",,"1014","V","HO"
"X4351801092000","X4","35","2009-01-18T20:00:00.000",,"0","V","HO"
"X4421801092000","X4","42","2009-01-18T20:00:00.000","2009-01-18T20:53:00.000","12","V","HO"
"X4401801092000","X4","40","2009-01-18T20:00:00.000","2009-01-18T20:03:00.000","12.4","V","HO"
"X4441801092000","X4","44","2009-01-18T20:00:00.000","2009-01-18T20:03:00.000","54","V","HO"
"X4501801092000","X4","50","2009-01-18T20:00:00.000","2009-01-18T20:57:00.000","1.5","V","HO"
"X4511801092000","X4","51","2009-01-18T20:00:00.000",,"132","V","HO"
"X4361801092000","X4","36","2009-01-18T20:00:00.000",,"0","V","HO"
"X4321801092100","X4","32","2009-01-18T21:00:00.000",,"11.9","V","HO"
"X4331801092100","X4","33","2009-01-18T21:00:00.000",,"57","V","HO"
"X4341801092100","X4","34","2009-01-18T21:00:00.000",,"1014","V","HO"
"X4351801092100","X4","35","2009-01-18T21:00:00.000",,"0","V","HO"
"X4511801092100","X4","51","2009-01-18T21:00:00.000",,"336","V","HO"
"X4401801092100","X4","40","2009-01-18T21:00:00.000","2009-01-18T21:01:00.000","12","V","HO"
"X4421801092100","X4","42","2009-01-18T21:00:00.000","2009-01-18T21:17:00.000","11.8","V","HO"
"X4441801092100","X4","44","2009-01-18T21:00:00.000","2009-01-18T21:50:00.000","56","V","HO"
"X4501801092100","X4","50","2009-01-18T21:00:00.000","2009-01-18T21:58:00.000","3","V","HO"
"X4361801092100","X4","36","2009-01-18T21:00:00.000",,"0","V","HO"
"X4321801092200","X4","32","2009-01-18T22:00:00.000",,"12","V","HO"
"X4331801092200","X4","33","2009-01-18T22:00:00.000",,"57","V","HO"
"X4421801092200","X4","42","2009-01-18T22:00:00.000","2009-01-18T22:58:00.000","11.7","V","HO"
"X4441801092200","X4","44","2009-01-18T22:00:00.000","2009-01-18T22:08:00.000","56","V","HO"
"X4401801092200","X4","40","2009-01-18T22:00:00.000","2009-01-18T22:21:00.000","12.1","V","HO"
"X4511801092200","X4","51","2009-01-18T22:00:00.000",,"315","V","HO"
"X4341801092200","X4","34","2009-01-18T22:00:00.000",,"1014","V","HO"
"X4351801092200","X4","35","2009-01-18T22:00:00.000",,"0","V","HO"
"X4361801092200","X4","36","2009-01-18T22:00:00.000",,"0","V","HO"
"X4501801092200","X4","50","2009-01-18T22:00:00.000","2009-01-18T22:04:00.000","4.8","V","HO"
"X4511801092300","X4","51","2009-01-18T23:00:00.000",,"183","V","HO"
"X4441801092300","X4","44","2009-01-18T23:00:00.000","2009-01-18T23:00:00.000","59","V","HO"
"X4421801092300","X4","42","2009-01-18T23:00:00.000","2009-01-18T23:58:00.000","11","V","HO"
"X4401801092300","X4","40","2009-01-18T23:00:00.000","2009-01-18T23:00:00.000","11.7","V","HO"
"X4361801092300","X4","36","2009-01-18T23:00:00.000",,"0","V","HO"
"X4351801092300","X4","35","2009-01-18T23:00:00.000",,"0","V","HO"
"X4341801092300","X4","34","2009-01-18T23:00:00.000",,"1013","V","HO"
"X4331801092300","X4","33","2009-01-18T23:00:00.000",,"63","V","HO"
"X4321801092300","X4","32","2009-01-18T23:00:00.000",,"11.4","V","HO"
"X4501801092300","X4","50","2009-01-18T23:00:00.000","2009-01-18T23:30:00.000","3.1","V","HO"
"X4421901090000","X4","42","2009-01-19T00:00:00.000","2009-01-19T00:18:00.000","10.8","V","HO"
"X4441901090000","X4","44","2009-01-19T00:00:00.000","2009-01-19T00:00:00.000","62","V","HO"
"X4501901090000","X4","50","2009-01-19T00:00:00.000","2009-01-19T00:06:00.000","2","V","HO"
"X4511901090000","X4","51","2009-01-19T00:00:00.000",,"258","V","HO"
"X4011901090000","X4","1","2009-01-19T00:00:00.000","2009-01-19T00:00:00.000","1013","V","HO"
"X4321901090000","X4","32","2009-01-19T00:00:00.000",,"10.9","V","HO"
"X4331901090000","X4","33","2009-01-19T00:00:00.000",,"63","V","HO"
"X4341901090000","X4","34","2009-01-19T00:00:00.000",,"1012","V","HO"
"X4351901090000","X4","35","2009-01-19T00:00:00.000",,"0","V","HO"
"X4361901090000","X4","36","2009-01-19T00:00:00.000",,"0","V","HO"
"X4401901090000","X4","40","2009-01-19T00:00:00.000","2009-01-19T00:00:00.000","11","V","HO"
"X4321901090100","X4","32","2009-01-19T01:00:00.000",,"11.1","V","HO"
"X4331901090100","X4","33","2009-01-19T01:00:00.000",,"65","V","HO"
"X4341901090100","X4","34","2009-01-19T01:00:00.000",,"1012","V","HO"
"X4351901090100","X4","35","2009-01-19T01:00:00.000",,"0","V","HO"
"X4511901090100","X4","51","2009-01-19T01:00:00.000",,"256","V","HO"
"X4401901090100","X4","40","2009-01-19T01:00:00.000","2009-01-19T01:52:00.000","11.2","V","HO"
"X4421901090100","X4","42","2009-01-19T01:00:00.000","2009-01-19T01:00:00.000","11","V","HO"
"X4441901090100","X4","44","2009-01-19T01:00:00.000","2009-01-19T01:07:00.000","63","V","HO"
"X4501901090100","X4","50","2009-01-19T01:00:00.000","2009-01-19T01:43:00.000","1.8","V","HO"
"X4361901090100","X4","36","2009-01-19T01:00:00.000",,"0","V","HO"
"X4401901090200","X4","40","2009-01-19T02:00:00.000","2009-01-19T02:00:00.000","11.1","V","HO"
"X4421901090200","X4","42","2009-01-19T02:00:00.000","2009-01-19T02:54:00.000","10.7","V","HO"
"X4441901090200","X4","44","2009-01-19T02:00:00.000","2009-01-19T02:00:00.000","69","V","HO"
"X4501901090200","X4","50","2009-01-19T02:00:00.000","2009-01-19T02:26:00.000","2.6","V","HO"
"X4511901090200","X4","51","2009-01-19T02:00:00.000",,"294","V","HO"
"X4321901090200","X4","32","2009-01-19T02:00:00.000",,"10.9","V","HO"
"X4331901090200","X4","33","2009-01-19T02:00:00.000",,"70","V","HO"
"X4341901090200","X4","34","2009-01-19T02:00:00.000",,"1011","V","HO"
"X4351901090200","X4","35","2009-01-19T02:00:00.000",,"0","V","HO"
"X4361901090200","X4","36","2009-01-19T02:00:00.000",,"0","V","HO"
"X4501901090300","X4","50","2009-01-19T03:00:00.000","2009-01-19T03:52:00.000","3.1","V","HO"
"X4511901090300","X4","51","2009-01-19T03:00:00.000",,"253","V","HO"
"X4321901090300","X4","32","2009-01-19T03:00:00.000",,"10.8","V","HO"
"X4331901090300","X4","33","2009-01-19T03:00:00.000",,"69","V","HO"
"X4341901090300","X4","34","2009-01-19T03:00:00.000",,"1010","V","HO"
"X4351901090300","X4","35","2009-01-19T03:00:00.000",,"0","V","HO"
"X4361901090300","X4","36","2009-01-19T03:00:00.000",,"0","V","HO"
"X4401901090300","X4","40","2009-01-19T03:00:00.000","2009-01-19T03:41:00.000","10.9","V","HO"
"X4421901090300","X4","42","2009-01-19T03:00:00.000","2009-01-19T03:31:00.000","10.7","V","HO"
"X4441901090300","X4","44","2009-01-19T03:00:00.000","2009-01-19T03:51:00.000","67","V","HO"
"X4321901090400","X4","32","2009-01-19T04:00:00.000",,"10.8","V","HO"
"X4341901090400","X4","34","2009-01-19T04:00:00.000",,"1009","V","HO"
"X4331901090400","X4","33","2009-01-19T04:00:00.000",,"74","V","HO"
"X4351901090400","X4","35","2009-01-19T04:00:00.000",,"0","V","HO"
"X4361901090400","X4","36","2009-01-19T04:00:00.000",,"0","V","HO"
"X4401901090400","X4","40","2009-01-19T04:00:00.000","2009-01-19T04:50:00.000","10.9","V","HO"
"X4421901090400","X4","42","2009-01-19T04:00:00.000","2009-01-19T04:09:00.000","10.7","V","HO"
"X4441901090400","X4","44","2009-01-19T04:00:00.000","2009-01-19T04:00:00.000","68","V","HO"
"X4501901090400","X4","50","2009-01-19T04:00:00.000","2009-01-19T04:52:00.000","4","V","HO"
"X4511901090400","X4","51","2009-01-19T04:00:00.000",,"255","V","HO"
"X4421901090500","X4","42","2009-01-19T05:00:00.000","2009-01-19T05:57:00.000","10.6","V","HO"
"X4441901090500","X4","44","2009-01-19T05:00:00.000","2009-01-19T05:54:00.000","72","V","HO"
"X4501901090500","X4","50","2009-01-19T05:00:00.000","2009-01-19T05:17:00.000","3.5","V","HO"
"X4511901090500","X4","51","2009-01-19T05:00:00.000",,"267","V","HO"
"X4401901090500","X4","40","2009-01-19T05:00:00.000","2009-01-19T05:00:00.000","10.8","V","HO"
"X4331901090500","X4","33","2009-01-19T05:00:00.000",,"74","V","HO"
"X4341901090500","X4","34","2009-01-19T05:00:00.000",,"1008","V","HO"
"X4351901090500","X4","35","2009-01-19T05:00:00.000",,"0","V","HO"
"X4361901090500","X4","36","2009-01-19T05:00:00.000",,"0","V","HO"
"X4321901090500","X4","32","2009-01-19T05:00:00.000",,"10.7","V","HO"
"X4321901090600","X4","32","2009-01-19T06:00:00.000",,"11.4","V","HO"
"X4331901090600","X4","33","2009-01-19T06:00:00.000",,"66","V","HO"
"X4341901090600","X4","34","2009-01-19T06:00:00.000",,"1007","V","HO"
"X4351901090600","X4","35","2009-01-19T06:00:00.000",,"0","V","HO"
"X4421901090600","X4","42","2009-01-19T06:00:00.000","2009-01-19T06:00:00.000","10.6","V","HO"
"X4501901090600","X4","50","2009-01-19T06:00:00.000","2009-01-19T06:25:00.000","6.1","V","HO"
"X4511901090600","X4","51","2009-01-19T06:00:00.000",,"300","V","HO"
"X4361901090600","X4","36","2009-01-19T06:00:00.000",,"0","V","HO"
"X4401901090600","X4","40","2009-01-19T06:00:00.000","2009-01-19T06:51:00.000","11.9","V","HO"
"X4441901090600","X4","44","2009-01-19T06:00:00.000","2009-01-19T06:50:00.000","62","V","HO"
"X4321901090700","X4","32","2009-01-19T07:00:00.000",,"11.5","V","HO"
"X4331901090700","X4","33","2009-01-19T07:00:00.000",,"69","V","HO"
"X4341901090700","X4","34","2009-01-19T07:00:00.000",,"1006","V","HO"
"X4351901090700","X4","35","2009-01-19T07:00:00.000",,"0","V","HO"
"X4511901090700","X4","51","2009-01-19T07:00:00.000",,"324","V","HO"
"X4401901090700","X4","40","2009-01-19T07:00:00.000","2009-01-19T07:58:00.000","11.8","V","HO"
"X4421901090700","X4","42","2009-01-19T07:00:00.000","2009-01-19T07:21:00.000","11.3","V","HO"
"X4441901090700","X4","44","2009-01-19T07:00:00.000","2009-01-19T07:00:00.000","64","V","HO"
"X4501901090700","X4","50","2009-01-19T07:00:00.000","2009-01-19T07:20:00.000","2.2","V","HO"
"X4361901090700","X4","36","2009-01-19T07:00:00.000",,"27","V","HO"
"X4321901090800","X4","32","2009-01-19T08:00:00.000",,"13.1","V","HO"
"X4331901090800","X4","33","2009-01-19T08:00:00.000",,"64","V","HO"
"X4341901090800","X4","34","2009-01-19T08:00:00.000",,"1006","V","HO"
"X4351901090800","X4","35","2009-01-19T08:00:00.000",,"0","V","HO"
"X4511901090800","X4","51","2009-01-19T08:00:00.000",,"251","V","HO"
"X4401901090800","X4","40","2009-01-19T08:00:00.000","2009-01-19T08:54:00.000","14.3","V","HO"
"X4421901090800","X4","42","2009-01-19T08:00:00.000","2009-01-19T08:00:00.000","11.8","V","HO"
"X4441901090800","X4","44","2009-01-19T08:00:00.000","2009-01-19T08:55:00.000","55","V","HO"
"X4501901090800","X4","50","2009-01-19T08:00:00.000","2009-01-19T08:57:00.000","3.3","V","HO"
"X4361901090800","X4","36","2009-01-19T08:00:00.000",,"160","V","HO"
"X4361901090900","X4","36","2009-01-19T09:00:00.000",,"326","V","HO"
"X4401901090900","X4","40","2009-01-19T09:00:00.000","2009-01-19T09:01:00.000","14.1","V","HO"
"X4421901090900","X4","42","2009-01-19T09:00:00.000","2009-01-19T09:39:00.000","13.1","V","HO"
"X4441901090900","X4","44","2009-01-19T09:00:00.000","2009-01-19T09:02:00.000","55","V","HO"
"X4501901090900","X4","50","2009-01-19T09:00:00.000","2009-01-19T09:53:00.000","6.7","V","HO"
"X4511901090900","X4","51","2009-01-19T09:00:00.000",,"269","V","HO"
"X4331901090900","X4","33","2009-01-19T09:00:00.000",,"61","V","HO"
"X4321901090900","X4","32","2009-01-19T09:00:00.000",,"13.5","V","HO"
"X4351901090900","X4","35","2009-01-19T09:00:00.000",,"0","V","HO"
"X4341901090900","X4","34","2009-01-19T09:00:00.000",,"1005","V","HO"
"X4511901091000","X4","51","2009-01-19T10:00:00.000",,"234","V","HO"
"X4501901091000","X4","50","2009-01-19T10:00:00.000","2009-01-19T10:42:00.000","7.2","V","HO"
"X4441901091000","X4","44","2009-01-19T10:00:00.000","2009-01-19T10:47:00.000","61","V","HO"
"X4421901091000","X4","42","2009-01-19T10:00:00.000","2009-01-19T10:00:00.000","13.8","V","HO"
"X4361901091000","X4","36","2009-01-19T10:00:00.000",,"428","V","HO"
"X4351901091000","X4","35","2009-01-19T10:00:00.000",,"0","V","HO"
"X4341901091000","X4","34","2009-01-19T10:00:00.000",,"1005","V","HO"
"X4331901091000","X4","33","2009-01-19T10:00:00.000",,"65","V","HO"
"X4321901091000","X4","32","2009-01-19T10:00:00.000",,"14.6","V","HO"
"X4401901091000","X4","40","2009-01-19T10:00:00.000","2009-01-19T10:41:00.000","15.2","V","HO"
"X4321901091100","X4","32","2009-01-19T11:00:00.000",,"14.9","V","HO"
"X4331901091100","X4","33","2009-01-19T11:00:00.000",,"66","V","HO"
"X4341901091100","X4","34","2009-01-19T11:00:00.000",,"1003","V","HO"
"X4351901091100","X4","35","2009-01-19T11:00:00.000",,"0","V","HO"
"X4511901091100","X4","51","2009-01-19T11:00:00.000",,"259","V","HO"
"X4401901091100","X4","40","2009-01-19T11:00:00.000","2009-01-19T11:58:00.000","15.2","V","HO"
"X4421901091100","X4","42","2009-01-19T11:00:00.000","2009-01-19T11:19:00.000","14.7","V","HO"
"X4441901091100","X4","44","2009-01-19T11:00:00.000","2009-01-19T11:00:00.000","63","V","HO"
"X4501901091100","X4","50","2009-01-19T11:00:00.000","2009-01-19T11:14:00.000","9.3","V","HO"
"X4361901091100","X4","36","2009-01-19T11:00:00.000",,"321","V","HO"
"X4421901091200","X4","42","2009-01-19T12:00:00.000","2009-01-19T12:14:00.000","14.7","V","HO"
"X4441901091200","X4","44","2009-01-19T12:00:00.000","2009-01-19T12:58:00.000","51","V","HO"
"X4501901091200","X4","50","2009-01-19T12:00:00.000","2009-01-19T12:02:00.000","7.7","V","HO"
"X4511901091200","X4","51","2009-01-19T12:00:00.000",,"273","V","HO"
"X4321901091200","X4","32","2009-01-19T12:00:00.000",,"15.1","V","HO"
"X4331901091200","X4","33","2009-01-19T12:00:00.000",,"62","V","HO"
"X4341901091200","X4","34","2009-01-19T12:00:00.000",,"1002","V","HO"
"X4351901091200","X4","35","2009-01-19T12:00:00.000",,"0","V","HO"
"X4361901091200","X4","36","2009-01-19T12:00:00.000",,"281","V","HO"
"X4401901091200","X4","40","2009-01-19T12:00:00.000","2009-01-19T12:58:00.000","15.8","V","HO"
"X4321901091300","X4","32","2009-01-19T13:00:00.000",,"16.8","V","HO"
"X4511901091300","X4","51","2009-01-19T13:00:00.000",,"223","V","HO"
"X4501901091300","X4","50","2009-01-19T13:00:00.000","2009-01-19T13:58:00.000","5.9","V","HO"
"X4441901091300","X4","44","2009-01-19T13:00:00.000","2009-01-19T13:19:00.000","45","V","HO"
"X4331901091300","X4","33","2009-01-19T13:00:00.000",,"47","V","HO"
"X4401901091300","X4","40","2009-01-19T13:00:00.000","2009-01-19T13:31:00.000","17.2","V","HO"
"X4361901091300","X4","36","2009-01-19T13:00:00.000",,"422","V","HO"
"X4351901091300","X4","35","2009-01-19T13:00:00.000",,"0","V","HO"
"X4341901091300","X4","34","2009-01-19T13:00:00.000",,"1000","V","HO"
"X4421901091300","X4","42","2009-01-19T13:00:00.000","2009-01-19T13:00:00.000","15.9","V","HO"
"X4321901091400","X4","32","2009-01-19T14:00:00.000",,"16.1","V","HO"
"X4331901091400","X4","33","2009-01-19T14:00:00.000",,"52","V","HO"
"X4341901091400","X4","34","2009-01-19T14:00:00.000",,"1000","V","HO"
"X4351901091400","X4","35","2009-01-19T14:00:00.000",,"0","V","HO"
"X4511901091400","X4","51","2009-01-19T14:00:00.000",,"246","V","HO"
"X4401901091400","X4","40","2009-01-19T14:00:00.000","2009-01-19T14:00:00.000","17","V","HO"
"X4421901091400","X4","42","2009-01-19T14:00:00.000","2009-01-19T14:44:00.000","15.5","V","HO"
"X4441901091400","X4","44","2009-01-19T14:00:00.000","2009-01-19T14:04:00.000","45","V","HO"
"X4501901091400","X4","50","2009-01-19T14:00:00.000","2009-01-19T14:25:00.000","6.4","V","HO"
"X4361901091400","X4","36","2009-01-19T14:00:00.000",,"202","V","HO"
"X4321901091500","X4","32","2009-01-19T15:00:00.000",,"15.2","V","HO"
"X4331901091500","X4","33","2009-01-19T15:00:00.000",,"65","V","HO"
"X4341901091500","X4","34","2009-01-19T15:00:00.000",,"999","V","HO"
"X4351901091500","X4","35","2009-01-19T15:00:00.000",,"0","V","HO"
"X4511901091500","X4","51","2009-01-19T15:00:00.000",,"212","V","HO"
"X4401901091500","X4","40","2009-01-19T15:00:00.000","2009-01-19T15:00:00.000","15.7","V","HO"
"X4421901091500","X4","42","2009-01-19T15:00:00.000","2009-01-19T15:24:00.000","14.9","V","HO"
"X4441901091500","X4","44","2009-01-19T15:00:00.000","2009-01-19T15:00:00.000","60","V","HO"
"X4501901091500","X4","50","2009-01-19T15:00:00.000","2009-01-19T15:11:00.000","5.7","V","HO"
"X4361901091500","X4","36","2009-01-19T15:00:00.000",,"111","V","HO"
"X4501901091600","X4","50","2009-01-19T16:00:00.000","2009-01-19T16:02:00.000","4.6","V","HO"
"X4321901091600","X4","32","2009-01-19T16:00:00.000",,"14.4","V","HO"
"X4511901091600","X4","51","2009-01-19T16:00:00.000",,"224","V","HO"
"X4441901091600","X4","44","2009-01-19T16:00:00.000","2009-01-19T16:00:00.000","67","V","HO"
"X4331901091600","X4","33","2009-01-19T16:00:00.000",,"70","V","HO"
"X4401901091600","X4","40","2009-01-19T16:00:00.000","2009-01-19T16:00:00.000","15.2","V","HO"
"X4361901091600","X4","36","2009-01-19T16:00:00.000",,"20","V","HO"
"X4351901091600","X4","35","2009-01-19T16:00:00.000",,"0","V","HO"
"X4341901091600","X4","34","2009-01-19T16:00:00.000",,"998","V","HO"
"X4421901091600","X4","42","2009-01-19T16:00:00.000","2009-01-19T16:58:00.000","13.9","V","HO"
"X4421901091700","X4","42","2009-01-19T17:00:00.000","2009-01-19T17:57:00.000","13.6","V","HO"
"X4441901091700","X4","44","2009-01-19T17:00:00.000","2009-01-19T17:00:00.000","72","V","HO"
"X4501901091700","X4","50","2009-01-19T17:00:00.000","2009-01-19T17:27:00.000","4.4","V","HO"
"X4511901091700","X4","51","2009-01-19T17:00:00.000",,"232","V","HO"
"X4321901091700","X4","32","2009-01-19T17:00:00.000",,"13.7","V","HO"
"X4331901091700","X4","33","2009-01-19T17:00:00.000",,"73","V","HO"
"X4341901091700","X4","34","2009-01-19T17:00:00.000",,"997","V","HO"
"X4351901091700","X4","35","2009-01-19T17:00:00.000",,"0","V","HO"
"X4361901091700","X4","36","2009-01-19T17:00:00.000",,"0","V","HO"
"X4401901091700","X4","40","2009-01-19T17:00:00.000","2009-01-19T17:00:00.000","13.9","V","HO"
"X4321901091800","X4","32","2009-01-19T18:00:00.000",,"13.4","V","HO"
"X4331901091800","X4","33","2009-01-19T18:00:00.000",,"79","V","HO"
"X4341901091800","X4","34","2009-01-19T18:00:00.000",,"997","V","HO"
"X4351901091800","X4","35","2009-01-19T18:00:00.000",,"0","V","HO"
"X4511901091800","X4","51","2009-01-19T18:00:00.000",,"253","V","HO"
"X4401901091800","X4","40","2009-01-19T18:00:00.000","2009-01-19T18:00:00.000","13.6","V","HO"
"X4421901091800","X4","42","2009-01-19T18:00:00.000","2009-01-19T18:55:00.000","13.3","V","HO"
"X4441901091800","X4","44","2009-01-19T18:00:00.000","2009-01-19T18:00:00.000","77","V","HO"
"X4501901091800","X4","50","2009-01-19T18:00:00.000","2009-01-19T18:07:00.000","4.1","V","HO"
"X4361901091800","X4","36","2009-01-19T18:00:00.000",,"0","V","HO"
"X4321901091900","X4","32","2009-01-19T19:00:00.000",,"13.3","V","HO"
"X4331901091900","X4","33","2009-01-19T19:00:00.000",,"81","V","HO"
"X4341901091900","X4","34","2009-01-19T19:00:00.000",,"997","V","HO"
"X4351901091900","X4","35","2009-01-19T19:00:00.000",,"0","V","HO"
"X4511901091900","X4","51","2009-01-19T19:00:00.000",,"267","V","HO"
"X4401901091900","X4","40","2009-01-19T19:00:00.000","2009-01-19T19:35:00.000","13.3","V","HO"
"X4421901091900","X4","42","2009-01-19T19:00:00.000","2009-01-19T19:00:00.000","13.3","V","HO"
"X4441901091900","X4","44","2009-01-19T19:00:00.000","2009-01-19T19:39:00.000","80","V","HO"
"X4501901091900","X4","50","2009-01-19T19:00:00.000","2009-01-19T19:14:00.000","3.5","V","HO"
"X4361901091900","X4","36","2009-01-19T19:00:00.000",,"0","V","HO"
"X4321901092000","X4","32","2009-01-19T20:00:00.000",,"13.6","V","HO"
"X4331901092000","X4","33","2009-01-19T20:00:00.000",,"77","V","HO"
"X4341901092000","X4","34","2009-01-19T20:00:00.000",,"996","V","HO"
"X4351901092000","X4","35","2009-01-19T20:00:00.000",,"0","V","HO"
"X4511901092000","X4","51","2009-01-19T20:00:00.000",,"219","V","HO"
"X4401901092000","X4","40","2009-01-19T20:00:00.000","2009-01-19T20:51:00.000","13.8","V","HO"
"X4421901092000","X4","42","2009-01-19T20:00:00.000","2009-01-19T20:10:00.000","13.3","V","HO"
"X4441901092000","X4","44","2009-01-19T20:00:00.000","2009-01-19T20:36:00.000","74","V","HO"
"X4501901092000","X4","50","2009-01-19T20:00:00.000","2009-01-19T20:48:00.000","4.7","V","HO"
"X4361901092000","X4","36","2009-01-19T20:00:00.000",,"0","V","HO"
"X4321901092100","X4","32","2009-01-19T21:00:00.000",,"14.8","V","HO"
"X4331901092100","X4","33","2009-01-19T21:00:00.000",,"64","V","HO"
"X4441901092100","X4","44","2009-01-19T21:00:00.000","2009-01-19T21:53:00.000","58","V","HO"
"X4501901092100","X4","50","2009-01-19T21:00:00.000","2009-01-19T21:42:00.000","9.5","V","HO"
"X4421901092100","X4","42","2009-01-19T21:00:00.000","2009-01-19T21:00:00.000","13.8","V","HO"
"X4341901092100","X4","34","2009-01-19T21:00:00.000",,"996","V","HO"
"X4351901092100","X4","35","2009-01-19T21:00:00.000",,"0","V","HO"
"X4361901092100","X4","36","2009-01-19T21:00:00.000",,"0","V","HO"
"X4401901092100","X4","40","2009-01-19T21:00:00.000","2009-01-19T21:48:00.000","15.4","V","HO"
"X4511901092100","X4","51","2009-01-19T21:00:00.000",,"281","V","HO"
"X4321901092200","X4","32","2009-01-19T22:00:00.000",,"14.4","V","HO"
"X4331901092200","X4","33","2009-01-19T22:00:00.000",,"65","V","HO"
"X4341901092200","X4","34","2009-01-19T22:00:00.000",,"996","V","HO"
"X4351901092200","X4","35","2009-01-19T22:00:00.000",,"0","V","HO"
"X4511901092200","X4","51","2009-01-19T22:00:00.000",,"261","V","HO"
"X4401901092200","X4","40","2009-01-19T22:00:00.000","2009-01-19T22:00:00.000","15.3","V","HO"
"X4421901092200","X4","42","2009-01-19T22:00:00.000","2009-01-19T22:19:00.000","14.2","V","HO"
"X4441901092200","X4","44","2009-01-19T22:00:00.000","2009-01-19T22:00:00.000","62","V","HO"
"X4501901092200","X4","50","2009-01-19T22:00:00.000","2009-01-19T22:49:00.000","5.7","V","HO"
"X4361901092200","X4","36","2009-01-19T22:00:00.000",,"0","V","HO"
"X4511901092300","X4","51","2009-01-19T23:00:00.000",,"293","V","HO"
"X4321901092300","X4","32","2009-01-19T23:00:00.000",,"14.4","V","HO"
"X4331901092300","X4","33","2009-01-19T23:00:00.000",,"61","V","HO"
"X4341901092300","X4","34","2009-01-19T23:00:00.000",,"995","V","HO"
"X4351901092300","X4","35","2009-01-19T23:00:00.000",,"0","V","HO"
"X4021901092300","X4","2","2009-01-19T23:00:00.000","2009-01-19T23:33:00.000","995","V","HO"
"X4401901092300","X4","40","2009-01-19T23:00:00.000","2009-01-19T23:35:00.000","14.6","V","HO"
"X4421901092300","X4","42","2009-01-19T23:00:00.000","2009-01-19T23:17:00.000","14.2","V","HO"
"X4441901092300","X4","44","2009-01-19T23:00:00.000","2009-01-19T23:40:00.000","59","V","HO"
"X4501901092300","X4","50","2009-01-19T23:00:00.000","2009-01-19T23:23:00.000","5.5","V","HO"
"X4361901092300","X4","36","2009-01-19T23:00:00.000",,"0","V","HO"
"X4512001090000","X4","51","2009-01-20T00:00:00.000",,"243","V","HO"
"X4352001090000","X4","35","2009-01-20T00:00:00.000",,"0","V","HO"
"X4362001090000","X4","36","2009-01-20T00:00:00.000",,"0","V","HO"
"X4402001090000","X4","40","2009-01-20T00:00:00.000","2009-01-20T00:00:00.000","14.4","V","HO"
"X4502001090000","X4","50","2009-01-20T00:00:00.000","2009-01-20T00:00:00.000","3.7","V","HO"
"X4322001090000","X4","32","2009-01-20T00:00:00.000",,"13.8","V","HO"
"X4332001090000","X4","33","2009-01-20T00:00:00.000",,"64","V","HO"
"X4342001090000","X4","34","2009-01-20T00:00:00.000",,"995","V","HO"
"X4442001090000","X4","44","2009-01-20T00:00:00.000","2009-01-20T00:00:00.000","60","V","HO"
"X4422001090000","X4","42","2009-01-20T00:00:00.000","2009-01-20T00:55:00.000","13.5","V","HO"
"X4422001090100","X4","42","2009-01-20T01:00:00.000","2009-01-20T01:56:00.000","12.5","V","HO"
"X4442001090100","X4","44","2009-01-20T01:00:00.000","2009-01-20T01:00:00.000","64","V","HO"
"X4502001090100","X4","50","2009-01-20T01:00:00.000","2009-01-20T01:05:00.000","3","V","HO"
"X4512001090100","X4","51","2009-01-20T01:00:00.000",,"85","V","HO"
"X4322001090100","X4","32","2009-01-20T01:00:00.000",,"13","V","HO"
"X4332001090100","X4","33","2009-01-20T01:00:00.000",,"68","V","HO"
"X4342001090100","X4","34","2009-01-20T01:00:00.000",,"995","V","HO"
"X4352001090100","X4","35","2009-01-20T01:00:00.000",,"0","V","HO"
"X4362001090100","X4","36","2009-01-20T01:00:00.000",,"0","V","HO"
"X4402001090100","X4","40","2009-01-20T01:00:00.000","2009-01-20T01:00:00.000","13.5","V","HO"
"X4502001090200","X4","50","2009-01-20T02:00:00.000","2009-01-20T02:19:00.000","4.9","V","HO"
"X4512001090200","X4","51","2009-01-20T02:00:00.000",,"74","V","HO"
"X4322001090200","X4","32","2009-01-20T02:00:00.000",,"12.2","V","HO"
"X4332001090200","X4","33","2009-01-20T02:00:00.000",,"76","V","HO"
"X4342001090200","X4","34","2009-01-20T02:00:00.000",,"995","V","HO"
"X4352001090200","X4","35","2009-01-20T02:00:00.000",,"0","V","HO"
"X4362001090200","X4","36","2009-01-20T02:00:00.000",,"0","V","HO"
"X4402001090200","X4","40","2009-01-20T02:00:00.000","2009-01-20T02:00:00.000","12.6","V","HO"
"X4422001090200","X4","42","2009-01-20T02:00:00.000","2009-01-20T02:58:00.000","11.9","V","HO"
"X4442001090200","X4","44","2009-01-20T02:00:00.000","2009-01-20T02:03:00.000","70","V","HO"
"X4322001090300","X4","32","2009-01-20T03:00:00.000",,"11.8","V","HO"
"X4332001090300","X4","33","2009-01-20T03:00:00.000",,"81","V","HO"
"X4342001090300","X4","34","2009-01-20T03:00:00.000",,"995","V","HO"
"X4352001090300","X4","35","2009-01-20T03:00:00.000",,"0","V","HO"
"X4442001090300","X4","44","2009-01-20T03:00:00.000","2009-01-20T03:54:00.000","79","V","HO"
"X4502001090300","X4","50","2009-01-20T03:00:00.000","2009-01-20T03:35:00.000","6.3","V","HO"
"X4512001090300","X4","51","2009-01-20T03:00:00.000",,"72","V","HO"
"X4022001090300","X4","2","2009-01-20T03:00:00.000","2009-01-20T03:54:00.000","994","V","HO"
"X4362001090300","X4","36","2009-01-20T03:00:00.000",,"0","V","HO"
"X4402001090300","X4","40","2009-01-20T03:00:00.000","2009-01-20T03:40:00.000","11.9","V","HO"
"X4422001090300","X4","42","2009-01-20T03:00:00.000","2009-01-20T03:25:00.000","11.7","V","HO"
"X4332001090400","X4","33","2009-01-20T04:00:00.000",,"79","V","HO"
"X4512001090400","X4","51","2009-01-20T04:00:00.000",,"84","V","HO"
"X4502001090400","X4","50","2009-01-20T04:00:00.000","2009-01-20T04:25:00.000","4.6","V","HO"
"X4442001090400","X4","44","2009-01-20T04:00:00.000","2009-01-20T04:45:00.000","78","V","HO"
"X4422001090400","X4","42","2009-01-20T04:00:00.000","2009-01-20T04:37:00.000","11.7","V","HO"
"X4402001090400","X4","40","2009-01-20T04:00:00.000","2009-01-20T04:00:00.000","11.9","V","HO"
"X4342001090400","X4","34","2009-01-20T04:00:00.000",,"995","V","HO"
"X4352001090400","X4","35","2009-01-20T04:00:00.000",,"0","V","HO"
"X4362001090400","X4","36","2009-01-20T04:00:00.000",,"0","V","HO"
"X4322001090400","X4","32","2009-01-20T04:00:00.000",,"11.8","V","HO"
"X4322001090500","X4","32","2009-01-20T05:00:00.000",,"11.6","V","HO"
"X4332001090500","X4","33","2009-01-20T05:00:00.000",,"65","V","HO"
"X4342001090500","X4","34","2009-01-20T05:00:00.000",,"995","V","HO"
"X4352001090500","X4","35","2009-01-20T05:00:00.000",,"0","V","HO"
"X4512001090500","X4","51","2009-01-20T05:00:00.000",,"334","V","HO"
"X4402001090500","X4","40","2009-01-20T05:00:00.000","2009-01-20T05:00:00.000","11.8","V","HO"
"X4422001090500","X4","42","2009-01-20T05:00:00.000","2009-01-20T05:58:00.000","11.3","V","HO"
"X4442001090500","X4","44","2009-01-20T05:00:00.000","2009-01-20T05:58:00.000","59","V","HO"
"X4502001090500","X4","50","2009-01-20T05:00:00.000","2009-01-20T05:50:00.000","5.8","V","HO"
"X4362001090500","X4","36","2009-01-20T05:00:00.000",,"0","V","HO"
"X4322001090600","X4","32","2009-01-20T06:00:00.000",,"11.1","V","HO"
"X4332001090600","X4","33","2009-01-20T06:00:00.000",,"56","V","HO"
"X4342001090600","X4","34","2009-01-20T06:00:00.000",,"995","V","HO"
"X4352001090600","X4","35","2009-01-20T06:00:00.000",,"0","V","HO"
"X4512001090600","X4","51","2009-01-20T06:00:00.000",,"265","V","HO"
"X4402001090600","X4","40","2009-01-20T06:00:00.000","2009-01-20T06:00:00.000","11.3","V","HO"
"X4422001090600","X4","42","2009-01-20T06:00:00.000","2009-01-20T06:58:00.000","10.8","V","HO"
"X4442001090600","X4","44","2009-01-20T06:00:00.000","2009-01-20T06:42:00.000","48","V","HO"
"X4502001090600","X4","50","2009-01-20T06:00:00.000","2009-01-20T06:41:00.000","7.1","V","HO"
"X4362001090600","X4","36","2009-01-20T06:00:00.000",,"0","V","HO"
"X4322001090700","X4","32","2009-01-20T07:00:00.000",,"10.2","V","HO"
"X4332001090700","X4","33","2009-01-20T07:00:00.000",,"55","V","HO"
"X4342001090700","X4","34","2009-01-20T07:00:00.000",,"996","V","HO"
"X4352001090700","X4","35","2009-01-20T07:00:00.000",,"0","V","HO"
"X4362001090700","X4","36","2009-01-20T07:00:00.000",,"18","V","HO"
"X4402001090700","X4","40","2009-01-20T07:00:00.000","2009-01-20T07:00:00.000","10.8","V","HO"
"X4422001090700","X4","42","2009-01-20T07:00:00.000","2009-01-20T07:58:00.000","9.8","V","HO"
"X4442001090700","X4","44","2009-01-20T07:00:00.000","2009-01-20T07:00:00.000","52","V","HO"
"X4502001090700","X4","50","2009-01-20T07:00:00.000","2009-01-20T07:16:00.000","6","V","HO"
"X4512001090700","X4","51","2009-01-20T07:00:00.000",,"240","V","HO"
"X4422001090800","X4","42","2009-01-20T08:00:00.000","2009-01-20T08:02:00.000","9.8","V","HO"
"X4442001090800","X4","44","2009-01-20T08:00:00.000","2009-01-20T08:55:00.000","43","V","HO"
"X4502001090800","X4","50","2009-01-20T08:00:00.000","2009-01-20T08:53:00.000","6","V","HO"
"X4512001090800","X4","51","2009-01-20T08:00:00.000",,"311","V","HO"
"X4402001090800","X4","40","2009-01-20T08:00:00.000","2009-01-20T08:58:00.000","11","V","HO"
"X4332001090800","X4","33","2009-01-20T08:00:00.000",,"50","V","HO"
"X4342001090800","X4","34","2009-01-20T08:00:00.000",,"996","V","HO"
"X4352001090800","X4","35","2009-01-20T08:00:00.000",,"0","V","HO"
"X4362001090800","X4","36","2009-01-20T08:00:00.000",,"161","V","HO"
"X4322001090800","X4","32","2009-01-20T08:00:00.000",,"10.5","V","HO"
"X4442001090900","X4","44","2009-01-20T09:00:00.000","2009-01-20T09:50:00.000","36","V","HO"
"X4422001090900","X4","42","2009-01-20T09:00:00.000","2009-01-20T09:00:00.000","11.1","V","HO"
"X4512001090900","X4","51","2009-01-20T09:00:00.000",,"316","V","HO"
"X4402001090900","X4","40","2009-01-20T09:00:00.000","2009-01-20T09:55:00.000","11.9","V","HO"
"X4502001090900","X4","50","2009-01-20T09:00:00.000","2009-01-20T09:43:00.000","6.9","V","HO"
"X4352001090900","X4","35","2009-01-20T09:00:00.000",,"0","V","HO"
"X4322001090900","X4","32","2009-01-20T09:00:00.000",,"11.5","V","HO"
"X4332001090900","X4","33","2009-01-20T09:00:00.000",,"40","V","HO"
"X4342001090900","X4","34","2009-01-20T09:00:00.000",,"997","V","HO"
"X4362001090900","X4","36","2009-01-20T09:00:00.000",,"333","V","HO"
"X4322001091000","X4","32","2009-01-20T10:00:00.000",,"11.8","V","HO"
"X4332001091000","X4","33","2009-01-20T10:00:00.000",,"36","V","HO"
"X4342001091000","X4","34","2009-01-20T10:00:00.000",,"997","V","HO"
"X4352001091000","X4","35","2009-01-20T10:00:00.000",,"0","V","HO"
"X4362001091000","X4","36","2009-01-20T10:00:00.000",,"429","V","HO"
"X4402001091000","X4","40","2009-01-20T10:00:00.000","2009-01-20T10:58:00.000","12.2","V","HO"
"X4422001091000","X4","42","2009-01-20T10:00:00.000","2009-01-20T10:17:00.000","11.3","V","HO"
"X4442001091000","X4","44","2009-01-20T10:00:00.000","2009-01-20T10:34:00.000","35","V","HO"
"X4502001091000","X4","50","2009-01-20T10:00:00.000","2009-01-20T10:12:00.000","8.9","V","HO"
"X4512001091000","X4","51","2009-01-20T10:00:00.000",,"282","V","HO"
"X4322001091100","X4","32","2009-01-20T11:00:00.000",,"12.8","V","HO"
"X4332001091100","X4","33","2009-01-20T11:00:00.000",,"34","V","HO"
"X4342001091100","X4","34","2009-01-20T11:00:00.000",,"997","V","HO"
"X4352001091100","X4","35","2009-01-20T11:00:00.000",,"0","V","HO"
"X4512001091100","X4","51","2009-01-20T11:00:00.000",,"296","V","HO"
"X4402001091100","X4","40","2009-01-20T11:00:00.000","2009-01-20T11:50:00.000","13.4","V","HO"
"X4422001091100","X4","42","2009-01-20T11:00:00.000","2009-01-20T11:18:00.000","12.1","V","HO"
"X4442001091100","X4","44","2009-01-20T11:00:00.000","2009-01-20T11:51:00.000","32","V","HO"
"X4502001091100","X4","50","2009-01-20T11:00:00.000","2009-01-20T11:11:00.000","7.6","V","HO"
"X4362001091100","X4","36","2009-01-20T11:00:00.000",,"502","V","HO"
"X4362001091200","X4","36","2009-01-20T12:00:00.000",,"490","V","HO"
"X4352001091200","X4","35","2009-01-20T12:00:00.000",,"0","V","HO"
"X4342001091200","X4","34","2009-01-20T12:00:00.000",,"996","V","HO"
"X4332001091200","X4","33","2009-01-20T12:00:00.000",,"32","V","HO"
"X4402001091200","X4","40","2009-01-20T12:00:00.000","2009-01-20T12:58:00.000","14.4","V","HO"
"X4442001091200","X4","44","2009-01-20T12:00:00.000","2009-01-20T12:55:00.000","30","V","HO"
"X4322001091200","X4","32","2009-01-20T12:00:00.000",,"13.8","V","HO"
"X4512001091200","X4","51","2009-01-20T12:00:00.000",,"314","V","HO"
"X4422001091200","X4","42","2009-01-20T12:00:00.000","2009-01-20T12:03:00.000","13.3","V","HO"
"X4502001091200","X4","50","2009-01-20T12:00:00.000","2009-01-20T12:01:00.000","7.5","V","HO"
"X4322001091300","X4","32","2009-01-20T13:00:00.000",,"14.1","V","HO"
"X4332001091300","X4","33","2009-01-20T13:00:00.000",,"31","V","HO"
"X4342001091300","X4","34","2009-01-20T13:00:00.000",,"996","V","HO"
"X4352001091300","X4","35","2009-01-20T13:00:00.000",,"0","V","HO"
"X4402001091300","X4","40","2009-01-20T13:00:00.000","2009-01-20T13:01:00.000","14.6","V","HO"
"X4512001091300","X4","51","2009-01-20T13:00:00.000",,"263","V","HO"
"X4422001091300","X4","42","2009-01-20T13:00:00.000","2009-01-20T13:24:00.000","13.7","V","HO"
"X4442001091300","X4","44","2009-01-20T13:00:00.000","2009-01-20T13:01:00.000","30","V","HO"
"X4362001091300","X4","36","2009-01-20T13:00:00.000",,"443","V","HO"
"X4502001091300","X4","50","2009-01-20T13:00:00.000","2009-01-20T13:20:00.000","7.3","V","HO"
"X4332001091400","X4","33","2009-01-20T14:00:00.000",,"31","V","HO"
"X4342001091400","X4","34","2009-01-20T14:00:00.000",,"996","V","HO"
"X4352001091400","X4","35","2009-01-20T14:00:00.000",,"0","V","HO"
"X4362001091400","X4","36","2009-01-20T14:00:00.000",,"343","V","HO"
"X4322001091400","X4","32","2009-01-20T14:00:00.000",,"14.2","V","HO"
"X4422001091400","X4","42","2009-01-20T14:00:00.000","2009-01-20T14:57:00.000","13.5","V","HO"
"X4442001091400","X4","44","2009-01-20T14:00:00.000","2009-01-20T14:14:00.000","30","V","HO"
"X4502001091400","X4","50","2009-01-20T14:00:00.000","2009-01-20T14:54:00.000","8","V","HO"
"X4512001091400","X4","51","2009-01-20T14:00:00.000",,"304","V","HO"
"X4402001091400","X4","40","2009-01-20T14:00:00.000","2009-01-20T14:27:00.000","14.5","V","HO"
"X4422001091500","X4","42","2009-01-20T15:00:00.000","2009-01-20T15:03:00.000","13.2","V","HO"
"X4442001091500","X4","44","2009-01-20T15:00:00.000","2009-01-20T15:00:00.000","31","V","HO"
"X4502001091500","X4","50","2009-01-20T15:00:00.000","2009-01-20T15:00:00.000","7.6","V","HO"
"X4512001091500","X4","51","2009-01-20T15:00:00.000",,"292","V","HO"
"X4322001091500","X4","32","2009-01-20T15:00:00.000",,"13.5","V","HO"
"X4332001091500","X4","33","2009-01-20T15:00:00.000",,"33","V","HO"
"X4342001091500","X4","34","2009-01-20T15:00:00.000",,"996","V","HO"
"X4352001091500","X4","35","2009-01-20T15:00:00.000",,"0","V","HO"
"X4362001091500","X4","36","2009-01-20T15:00:00.000",,"192","V","HO"
"X4402001091500","X4","40","2009-01-20T15:00:00.000","2009-01-20T15:32:00.000","13.7","V","HO"
"X4512001091600","X4","51","2009-01-20T16:00:00.000",,"291","V","HO"
"X4322001091600","X4","32","2009-01-20T16:00:00.000",,"12.4","V","HO"
"X4332001091600","X4","33","2009-01-20T16:00:00.000",,"34","V","HO"
"X4342001091600","X4","34","2009-01-20T16:00:00.000",,"997","V","HO"
"X4502001091600","X4","50","2009-01-20T16:00:00.000","2009-01-20T16:38:00.000","6.7","V","HO"
"X4362001091600","X4","36","2009-01-20T16:00:00.000",,"43","V","HO"
"X4402001091600","X4","40","2009-01-20T16:00:00.000","2009-01-20T16:03:00.000","13.4","V","HO"
"X4422001091600","X4","42","2009-01-20T16:00:00.000","2009-01-20T16:58:00.000","11.6","V","HO"
"X4442001091600","X4","44","2009-01-20T16:00:00.000","2009-01-20T16:00:00.000","32","V","HO"
"X4352001091600","X4","35","2009-01-20T16:00:00.000",,"0","V","HO"
"X4332001091700","X4","33","2009-01-20T17:00:00.000",,"36","V","HO"
"X4342001091700","X4","34","2009-01-20T17:00:00.000",,"998","V","HO"
"X4502001091700","X4","50","2009-01-20T17:00:00.000","2009-01-20T17:51:00.000","7.4","V","HO"
"X4512001091700","X4","51","2009-01-20T17:00:00.000",,"296","V","HO"
"X4352001091700","X4","35","2009-01-20T17:00:00.000",,"0","V","HO"
"X4362001091700","X4","36","2009-01-20T17:00:00.000",,"0","V","HO"
"X4402001091700","X4","40","2009-01-20T17:00:00.000","2009-01-20T17:00:00.000","11.6","V","HO"
"X4422001091700","X4","42","2009-01-20T17:00:00.000","2009-01-20T17:57:00.000","10.9","V","HO"
"X4442001091700","X4","44","2009-01-20T17:00:00.000","2009-01-20T17:00:00.000","35","V","HO"
"X4322001091700","X4","32","2009-01-20T17:00:00.000",,"11.2","V","HO"
"X4332001091800","X4","33","2009-01-20T18:00:00.000",,"40","V","HO"
"X4342001091800","X4","34","2009-01-20T18:00:00.000",,"999","V","HO"
"X4352001091800","X4","35","2009-01-20T18:00:00.000",,"0","V","HO"
"X4362001091800","X4","36","2009-01-20T18:00:00.000",,"0","V","HO"
"X4512001091800","X4","51","2009-01-20T18:00:00.000",,"307","V","HO"
"X4322001091800","X4","32","2009-01-20T18:00:00.000",,"10.7","V","HO"
"X4422001091800","X4","42","2009-01-20T18:00:00.000","2009-01-20T18:55:00.000","10.5","V","HO"
"X4442001091800","X4","44","2009-01-20T18:00:00.000","2009-01-20T18:00:00.000","37","V","HO"
"X4502001091800","X4","50","2009-01-20T18:00:00.000","2009-01-20T18:16:00.000","7.2","V","HO"
"X4402001091800","X4","40","2009-01-20T18:00:00.000","2009-01-20T18:00:00.000","10.8","V","HO"
"X4322001091900","X4","32","2009-01-20T19:00:00.000",,"10.2","V","HO"
"X4332001091900","X4","33","2009-01-20T19:00:00.000",,"40","V","HO"
"X4342001091900","X4","34","2009-01-20T19:00:00.000",,"999","V","HO"
"X4352001091900","X4","35","2009-01-20T19:00:00.000",,"0","V","HO"
"X4512001091900","X4","51","2009-01-20T19:00:00.000",,"320","V","HO"
"X4402001091900","X4","40","2009-01-20T19:00:00.000","2009-01-20T19:00:00.000","10.5","V","HO"
"X4422001091900","X4","42","2009-01-20T19:00:00.000","2009-01-20T19:58:00.000","9.7","V","HO"
"X4442001091900","X4","44","2009-01-20T19:00:00.000","2009-01-20T19:18:00.000","39","V","HO"
"X4502001091900","X4","50","2009-01-20T19:00:00.000","2009-01-20T19:45:00.000","8.9","V","HO"
"X4362001091900","X4","36","2009-01-20T19:00:00.000",,"0","V","HO"
"X4322001092000","X4","32","2009-01-20T20:00:00.000",,"9.4","V","HO"
"X4332001092000","X4","33","2009-01-20T20:00:00.000",,"43","V","HO"
"X4342001092000","X4","34","2009-01-20T20:00:00.000",,"1000","V","HO"
"X4352001092000","X4","35","2009-01-20T20:00:00.000",,"0","V","HO"
"X4512001092000","X4","51","2009-01-20T20:00:00.000",,"311","V","HO"
"X4402001092000","X4","40","2009-01-20T20:00:00.000","2009-01-20T20:00:00.000","9.7","V","HO"
"X4422001092000","X4","42","2009-01-20T20:00:00.000","2009-01-20T20:57:00.000","9.1","V","HO"
"X4442001092000","X4","44","2009-01-20T20:00:00.000","2009-01-20T20:00:00.000","42","V","HO"
"X4502001092000","X4","50","2009-01-20T20:00:00.000","2009-01-20T20:03:00.000","7.8","V","HO"
"X4362001092000","X4","36","2009-01-20T20:00:00.000",,"0","V","HO"
"X4322001092100","X4","32","2009-01-20T21:00:00.000",,"9","V","HO"
"X4332001092100","X4","33","2009-01-20T21:00:00.000",,"45","V","HO"
"X4342001092100","X4","34","2009-01-20T21:00:00.000",,"1001","V","HO"
"X4352001092100","X4","35","2009-01-20T21:00:00.000",,"0","V","HO"
"X4512001092100","X4","51","2009-01-20T21:00:00.000",,"309","V","HO"
"X4402001092100","X4","40","2009-01-20T21:00:00.000","2009-01-20T21:00:00.000","9.1","V","HO"
"X4422001092100","X4","42","2009-01-20T21:00:00.000","2009-01-20T21:50:00.000","8.9","V","HO"
"X4442001092100","X4","44","2009-01-20T21:00:00.000","2009-01-20T21:15:00.000","44","V","HO"
"X4502001092100","X4","50","2009-01-20T21:00:00.000","2009-01-20T21:10:00.000","4.3","V","HO"
"X4362001092100","X4","36","2009-01-20T21:00:00.000",,"0","V","HO"
"X4322001092200","X4","32","2009-01-20T22:00:00.000",,"8.8","V","HO"
"X4332001092200","X4","33","2009-01-20T22:00:00.000",,"49","V","HO"
"X4342001092200","X4","34","2009-01-20T22:00:00.000",,"1001","V","HO"
"X4352001092200","X4","35","2009-01-20T22:00:00.000",,"0","V","HO"
"X4512001092200","X4","51","2009-01-20T22:00:00.000",,"354","V","HO"
"X4402001092200","X4","40","2009-01-20T22:00:00.000","2009-01-20T22:00:00.000","8.9","V","HO"
"X4422001092200","X4","42","2009-01-20T22:00:00.000","2009-01-20T22:57:00.000","8.7","V","HO"
"X4442001092200","X4","44","2009-01-20T22:00:00.000","2009-01-20T22:10:00.000","46","V","HO"
"X4502001092200","X4","50","2009-01-20T22:00:00.000","2009-01-20T22:54:00.000","5","V","HO"
"X4362001092200","X4","36","2009-01-20T22:00:00.000",,"0","V","HO"
"X4012001092300","X4","1","2009-01-20T23:00:00.000","2009-01-20T23:58:00.000","1001","V","HO"
"X4512001092300","X4","51","2009-01-20T23:00:00.000",,"345","V","HO"
"X4322001092300","X4","32","2009-01-20T23:00:00.000",,"8.6","V","HO"
"X4332001092300","X4","33","2009-01-20T23:00:00.000",,"53","V","HO"
"X4342001092300","X4","34","2009-01-20T23:00:00.000",,"1001","V","HO"
"X4352001092300","X4","35","2009-01-20T23:00:00.000",,"0","V","HO"
"X4362001092300","X4","36","2009-01-20T23:00:00.000",,"0","V","HO"
"X4402001092300","X4","40","2009-01-20T23:00:00.000","2009-01-20T23:40:00.000","8.7","V","HO"
"X4422001092300","X4","42","2009-01-20T23:00:00.000","2009-01-20T23:21:00.000","8.5","V","HO"
"X4442001092300","X4","44","2009-01-20T23:00:00.000","2009-01-20T23:47:00.000","49","V","HO"
"X4502001092300","X4","50","2009-01-20T23:00:00.000","2009-01-20T23:06:00.000","5.4","V","HO"
"X4022101090000","X4","2","2009-01-21T00:00:00.000","2009-01-21T00:00:00.000","1001","V","HO"
"X4502101090000","X4","50","2009-01-21T00:00:00.000","2009-01-21T00:42:00.000","6.4","V","HO"
"X4512101090000","X4","51","2009-01-21T00:00:00.000",,"335","V","HO"
"X4442101090000","X4","44","2009-01-21T00:00:00.000","2009-01-21T00:44:00.000","47","V","HO"
"X4422101090000","X4","42","2009-01-21T00:00:00.000","2009-01-21T00:55:00.000","8.1","V","HO"
"X4402101090000","X4","40","2009-01-21T00:00:00.000","2009-01-21T00:00:00.000","8.6","V","HO"
"X4362101090000","X4","36","2009-01-21T00:00:00.000",,"0","V","HO"
"X4352101090000","X4","35","2009-01-21T00:00:00.000",,"0","V","HO"
"X4342101090000","X4","34","2009-01-21T00:00:00.000",,"1001","V","HO"
"X4332101090000","X4","33","2009-01-21T00:00:00.000",,"48","V","HO"
"X4322101090000","X4","32","2009-01-21T00:00:00.000",,"8.4","V","HO"
"X4322101090100","X4","32","2009-01-21T01:00:00.000",,"7.9","V","HO"
"X4332101090100","X4","33","2009-01-21T01:00:00.000",,"49","V","HO"
"X4342101090100","X4","34","2009-01-21T01:00:00.000",,"1002","V","HO"
"X4352101090100","X4","35","2009-01-21T01:00:00.000",,"0","V","HO"
"X4512101090100","X4","51","2009-01-21T01:00:00.000",,"319","V","HO"
"X4402101090100","X4","40","2009-01-21T01:00:00.000","2009-01-21T01:01:00.000","8.2","V","HO"
"X4422101090100","X4","42","2009-01-21T01:00:00.000","2009-01-21T01:58:00.000","7.7","V","HO"
"X4442101090100","X4","44","2009-01-21T01:00:00.000","2009-01-21T01:00:00.000","47","V","HO"
"X4502101090100","X4","50","2009-01-21T01:00:00.000","2009-01-21T01:56:00.000","4.3","V","HO"
"X4362101090100","X4","36","2009-01-21T01:00:00.000",,"0","V","HO"
"X4322101090200","X4","32","2009-01-21T02:00:00.000",,"7.4","V","HO"
"X4332101090200","X4","33","2009-01-21T02:00:00.000",,"52","V","HO"
"X4342101090200","X4","34","2009-01-21T02:00:00.000",,"1002","V","HO"
"X4352101090200","X4","35","2009-01-21T02:00:00.000",,"0","V","HO"
"X4512101090200","X4","51","2009-01-21T02:00:00.000",,"339","V","HO"
"X4402101090200","X4","40","2009-01-21T02:00:00.000","2009-01-21T02:00:00.000","7.6","V","HO"
"X4422101090200","X4","42","2009-01-21T02:00:00.000","2009-01-21T02:58:00.000","7.2","V","HO"
"X4442101090200","X4","44","2009-01-21T02:00:00.000","2009-01-21T02:00:00.000","50","V","HO"
"X4502101090200","X4","50","2009-01-21T02:00:00.000","2009-01-21T02:04:00.000","6.5","V","HO"
"X4362101090200","X4","36","2009-01-21T02:00:00.000",,"0","V","HO"
"X4422101090300","X4","42","2009-01-21T03:00:00.000","2009-01-21T03:56:00.000","6.9","V","HO"
"X4442101090300","X4","44","2009-01-21T03:00:00.000","2009-01-21T03:17:00.000","53","V","HO"
"X4502101090300","X4","50","2009-01-21T03:00:00.000","2009-01-21T03:39:00.000","5.8","V","HO"
"X4512101090300","X4","51","2009-01-21T03:00:00.000",,"334","V","HO"
"X4402101090300","X4","40","2009-01-21T03:00:00.000","2009-01-21T03:05:00.000","7.2","V","HO"
"X4332101090300","X4","33","2009-01-21T03:00:00.000",,"54","V","HO"
"X4342101090300","X4","34","2009-01-21T03:00:00.000",,"1002","V","HO"
"X4352101090300","X4","35","2009-01-21T03:00:00.000",,"0","V","HO"
"X4362101090300","X4","36","2009-01-21T03:00:00.000",,"0","V","HO"
"X4322101090300","X4","32","2009-01-21T03:00:00.000",,"7.1","V","HO"
"X4442101090400","X4","44","2009-01-21T04:00:00.000","2009-01-21T04:00:00.000","55","V","HO"
"X4502101090400","X4","50","2009-01-21T04:00:00.000","2009-01-21T04:49:00.000","4.2","V","HO"
"X4512101090400","X4","51","2009-01-21T04:00:00.000",,"256","V","HO"
"X4352101090400","X4","35","2009-01-21T04:00:00.000",,"0","V","HO"
"X4322101090400","X4","32","2009-01-21T04:00:00.000",,"6.8","V","HO"
"X4402101090400","X4","40","2009-01-21T04:00:00.000","2009-01-21T04:00:00.000","6.9","V","HO"
"X4422101090400","X4","42","2009-01-21T04:00:00.000","2009-01-21T04:58:00.000","6.6","V","HO"
"X4342101090400","X4","34","2009-01-21T04:00:00.000",,"1003","V","HO"
"X4332101090400","X4","33","2009-01-21T04:00:00.000",,"55","V","HO"
"X4362101090400","X4","36","2009-01-21T04:00:00.000",,"0","V","HO"
"X4322101090500","X4","32","2009-01-21T05:00:00.000",,"6.3","V","HO"
"X4332101090500","X4","33","2009-01-21T05:00:00.000",,"55","V","HO"
"X4342101090500","X4","34","2009-01-21T05:00:00.000",,"1003","V","HO"
"X4352101090500","X4","35","2009-01-21T05:00:00.000",,"0","V","HO"
"X4512101090500","X4","51","2009-01-21T05:00:00.000",,"315","V","HO"
"X4402101090500","X4","40","2009-01-21T05:00:00.000","2009-01-21T05:00:00.000","6.5","V","HO"
"X4422101090500","X4","42","2009-01-21T05:00:00.000","2009-01-21T05:58:00.000","6.1","V","HO"
"X4442101090500","X4","44","2009-01-21T05:00:00.000","2009-01-21T05:52:00.000","54","V","HO"
"X4502101090500","X4","50","2009-01-21T05:00:00.000","2009-01-21T05:50:00.000","8.3","V","HO"
"X4362101090500","X4","36","2009-01-21T05:00:00.000",,"0","V","HO"
"X4322101090600","X4","32","2009-01-21T06:00:00.000",,"6.1","V","HO"
"X4332101090600","X4","33","2009-01-21T06:00:00.000",,"53","V","HO"
"X4342101090600","X4","34","2009-01-21T06:00:00.000",,"1004","V","HO"
"X4352101090600","X4","35","2009-01-21T06:00:00.000",,"0","V","HO"
"X4512101090600","X4","51","2009-01-21T06:00:00.000",,"328","V","HO"
"X4402101090600","X4","40","2009-01-21T06:00:00.000","2009-01-21T06:21:00.000","6.3","V","HO"
"X4422101090600","X4","42","2009-01-21T06:00:00.000","2009-01-21T06:51:00.000","6","V","HO"
"X4442101090600","X4","44","2009-01-21T06:00:00.000","2009-01-21T06:15:00.000","51","V","HO"
"X4502101090600","X4","50","2009-01-21T06:00:00.000","2009-01-21T06:09:00.000","8.1","V","HO"
"X4362101090600","X4","36","2009-01-21T06:00:00.000",,"0","V","HO"
"X4362101090700","X4","36","2009-01-21T07:00:00.000",,"26","V","HO"
"X4402101090700","X4","40","2009-01-21T07:00:00.000","2009-01-21T07:49:00.000","6.2","V","HO"
"X4422101090700","X4","42","2009-01-21T07:00:00.000","2009-01-21T07:22:00.000","5.9","V","HO"
"X4442101090700","X4","44","2009-01-21T07:00:00.000","2009-01-21T07:31:00.000","52","V","HO"
"X4352101090700","X4","35","2009-01-21T07:00:00.000",,"0","V","HO"
"X4512101090700","X4","51","2009-01-21T07:00:00.000",,"314","V","HO"
"X4322101090700","X4","32","2009-01-21T07:00:00.000",,"6","V","HO"
"X4332101090700","X4","33","2009-01-21T07:00:00.000",,"53","V","HO"
"X4342101090700","X4","34","2009-01-21T07:00:00.000",,"1005","V","HO"
"X4502101090700","X4","50","2009-01-21T07:00:00.000","2009-01-21T07:00:00.000","8.7","V","HO"
"X4512101090800","X4","51","2009-01-21T08:00:00.000",,"299","V","HO"
"X4322101090800","X4","32","2009-01-21T08:00:00.000",,"6.9","V","HO"
"X4332101090800","X4","33","2009-01-21T08:00:00.000",,"49","V","HO"
"X4342101090800","X4","34","2009-01-21T08:00:00.000",,"1005","V","HO"
"X4502101090800","X4","50","2009-01-21T08:00:00.000","2009-01-21T08:47:00.000","5.6","V","HO"
"X4362101090800","X4","36","2009-01-21T08:00:00.000",,"165","V","HO"
"X4402101090800","X4","40","2009-01-21T08:00:00.000","2009-01-21T08:58:00.000","7.6","V","HO"
"X4422101090800","X4","42","2009-01-21T08:00:00.000","2009-01-21T08:00:00.000","6","V","HO"
"X4442101090800","X4","44","2009-01-21T08:00:00.000","2009-01-21T08:58:00.000","46","V","HO"
"X4352101090800","X4","35","2009-01-21T08:00:00.000",,"0","V","HO"
"X4322101090900","X4","32","2009-01-21T09:00:00.000",,"8.8","V","HO"
"X4332101090900","X4","33","2009-01-21T09:00:00.000",,"43","V","HO"
"X4342101090900","X4","34","2009-01-21T09:00:00.000",,"1006","V","HO"
"X4352101090900","X4","35","2009-01-21T09:00:00.000",,"0","V","HO"
"X4512101090900","X4","51","2009-01-21T09:00:00.000",,"270","V","HO"
"X4402101090900","X4","40","2009-01-21T09:00:00.000","2009-01-21T09:52:00.000","9.6","V","HO"
"X4422101090900","X4","42","2009-01-21T09:00:00.000","2009-01-21T09:00:00.000","7.7","V","HO"
"X4442101090900","X4","44","2009-01-21T09:00:00.000","2009-01-21T09:53:00.000","39","V","HO"
"X4502101090900","X4","50","2009-01-21T09:00:00.000","2009-01-21T09:25:00.000","3.9","V","HO"
"X4362101090900","X4","36","2009-01-21T09:00:00.000",,"334","V","HO"
"X4322101091000","X4","32","2009-01-21T10:00:00.000",,"10","V","HO"
"X4332101091000","X4","33","2009-01-21T10:00:00.000",,"38","V","HO"
"X4342101091000","X4","34","2009-01-21T10:00:00.000",,"1006","V","HO"
"X4352101091000","X4","35","2009-01-21T10:00:00.000",,"0","V","HO"
"X4402101091000","X4","40","2009-01-21T10:00:00.000","2009-01-21T10:42:00.000","10.6","V","HO"
"X4512101091000","X4","51","2009-01-21T10:00:00.000",,"287","V","HO"
"X4502101091000","X4","50","2009-01-21T10:00:00.000","2009-01-21T10:49:00.000","6.1","V","HO"
"X4442101091000","X4","44","2009-01-21T10:00:00.000","2009-01-21T10:44:00.000","36","V","HO"
"X4422101091000","X4","42","2009-01-21T10:00:00.000","2009-01-21T10:03:00.000","9.3","V","HO"
"X4362101091000","X4","36","2009-01-21T10:00:00.000",,"443","V","HO"
"X4512101091100","X4","51","2009-01-21T11:00:00.000",,"274","V","HO"
"X4322101091100","X4","32","2009-01-21T11:00:00.000",,"10.5","V","HO"
"X4332101091100","X4","33","2009-01-21T11:00:00.000",,"40","V","HO"
"X4342101091100","X4","34","2009-01-21T11:00:00.000",,"1006","V","HO"
"X4502101091100","X4","50","2009-01-21T11:00:00.000","2009-01-21T11:29:00.000","6.6","V","HO"
"X4362101091100","X4","36","2009-01-21T11:00:00.000",,"505","V","HO"
"X4402101091100","X4","40","2009-01-21T11:00:00.000","2009-01-21T11:57:00.000","11.2","V","HO"
"X4422101091100","X4","42","2009-01-21T11:00:00.000","2009-01-21T11:17:00.000","10","V","HO"
"X4442101091100","X4","44","2009-01-21T11:00:00.000","2009-01-21T11:57:00.000","38","V","HO"
"X4352101091100","X4","35","2009-01-21T11:00:00.000",,"0","V","HO"
"X4342101091200","X4","34","2009-01-21T12:00:00.000",,"1005","V","HO"
"X4332101091200","X4","33","2009-01-21T12:00:00.000",,"38","V","HO"
"X4322101091200","X4","32","2009-01-21T12:00:00.000",,"11.1","V","HO"
"X4512101091200","X4","51","2009-01-21T12:00:00.000",,"300","V","HO"
"X4352101091200","X4","35","2009-01-21T12:00:00.000",,"0","V","HO"
"X4442101091200","X4","44","2009-01-21T12:00:00.000","2009-01-21T12:07:00.000","37","V","HO"
"X4422101091200","X4","42","2009-01-21T12:00:00.000","2009-01-21T12:27:00.000","10.9","V","HO"
"X4402101091200","X4","40","2009-01-21T12:00:00.000","2009-01-21T12:07:00.000","11.5","V","HO"
"X4362101091200","X4","36","2009-01-21T12:00:00.000",,"506","V","HO"
"X4502101091200","X4","50","2009-01-21T12:00:00.000","2009-01-21T12:19:00.000","8","V","HO"
"X4342101091300","X4","34","2009-01-21T13:00:00.000",,"1005","V","HO"
"X4352101091300","X4","35","2009-01-21T13:00:00.000",,"0","V","HO"
"X4362101091300","X4","36","2009-01-21T13:00:00.000",,"447","V","HO"
"X4402101091300","X4","40","2009-01-21T13:00:00.000","2009-01-21T13:31:00.000","12.4","V","HO"
"X4422101091300","X4","42","2009-01-21T13:00:00.000","2009-01-21T13:00:00.000","11.1","V","HO"
"X4442101091300","X4","44","2009-01-21T13:00:00.000","2009-01-21T13:32:00.000","36","V","HO"
"X4502101091300","X4","50","2009-01-21T13:00:00.000","2009-01-21T13:52:00.000","7.4","V","HO"
"X4512101091300","X4","51","2009-01-21T13:00:00.000",,"300","V","HO"
"X4322101091300","X4","32","2009-01-21T13:00:00.000",,"11.8","V","HO"
"X4332101091300","X4","33","2009-01-21T13:00:00.000",,"37","V","HO"
"X4322101091400","X4","32","2009-01-21T14:00:00.000",,"12.5","V","HO"
"X4332101091400","X4","33","2009-01-21T14:00:00.000",,"36","V","HO"
"X4342101091400","X4","34","2009-01-21T14:00:00.000",,"1006","V","HO"
"X4352101091400","X4","35","2009-01-21T14:00:00.000",,"0","V","HO"
"X4512101091400","X4","51","2009-01-21T14:00:00.000",,"304","V","HO"
"X4402101091400","X4","40","2009-01-21T14:00:00.000","2009-01-21T14:12:00.000","12.8","V","HO"
"X4422101091400","X4","42","2009-01-21T14:00:00.000","2009-01-21T14:00:00.000","12","V","HO"
"X4442101091400","X4","44","2009-01-21T14:00:00.000","2009-01-21T14:13:00.000","35","V","HO"
"X4502101091400","X4","50","2009-01-21T14:00:00.000","2009-01-21T14:13:00.000","8","V","HO"
"X4362101091400","X4","36","2009-01-21T14:00:00.000",,"335","V","HO"
"X4502101091500","X4","50","2009-01-21T15:00:00.000","2009-01-21T15:00:00.000","7.6","V","HO"
"X4442101091500","X4","44","2009-01-21T15:00:00.000","2009-01-21T15:29:00.000","36","V","HO"
"X4422101091500","X4","42","2009-01-21T15:00:00.000","2009-01-21T15:01:00.000","12.2","V","HO"
"X4402101091500","X4","40","2009-01-21T15:00:00.000","2009-01-21T15:28:00.000","12.9","V","HO"
"X4512101091500","X4","51","2009-01-21T15:00:00.000",,"290","V","HO"
"X4352101091500","X4","35","2009-01-21T15:00:00.000",,"0","V","HO"
"X4342101091500","X4","34","2009-01-21T15:00:00.000",,"1006","V","HO"
"X4332101091500","X4","33","2009-01-21T15:00:00.000",,"36","V","HO"
"X4322101091500","X4","32","2009-01-21T15:00:00.000",,"12.7","V","HO"
"X4362101091500","X4","36","2009-01-21T15:00:00.000",,"184","V","HO"
"X4322101091600","X4","32","2009-01-21T16:00:00.000",,"12.2","V","HO"
"X4332101091600","X4","33","2009-01-21T16:00:00.000",,"38","V","HO"
"X4342101091600","X4","34","2009-01-21T16:00:00.000",,"1006","V","HO"
"X4352101091600","X4","35","2009-01-21T16:00:00.000",,"0","V","HO"
"X4512101091600","X4","51","2009-01-21T16:00:00.000",,"340","V","HO"
"X4402101091600","X4","40","2009-01-21T16:00:00.000","2009-01-21T16:00:00.000","12.9","V","HO"
"X4422101091600","X4","42","2009-01-21T16:00:00.000","2009-01-21T16:58:00.000","11.4","V","HO"
"X4442101091600","X4","44","2009-01-21T16:00:00.000","2009-01-21T16:00:00.000","36","V","HO"
"X4502101091600","X4","50","2009-01-21T16:00:00.000","2009-01-21T16:38:00.000","5.1","V","HO"
"X4362101091600","X4","36","2009-01-21T16:00:00.000",,"40","V","HO"
"X4402101091700","X4","40","2009-01-21T17:00:00.000","2009-01-21T17:00:00.000","11.4","V","HO"
"X4362101091700","X4","36","2009-01-21T17:00:00.000",,"0","V","HO"
"X4342101091700","X4","34","2009-01-21T17:00:00.000",,"1007","V","HO"
"X4332101091700","X4","33","2009-01-21T17:00:00.000",,"43","V","HO"
"X4322101091700","X4","32","2009-01-21T17:00:00.000",,"11","V","HO"
"X4352101091700","X4","35","2009-01-21T17:00:00.000",,"0","V","HO"
"X4512101091700","X4","51","2009-01-21T17:00:00.000",,"333","V","HO"
"X4502101091700","X4","50","2009-01-21T17:00:00.000","2009-01-21T17:15:00.000","4","V","HO"
"X4442101091700","X4","44","2009-01-21T17:00:00.000","2009-01-21T17:01:00.000","41","V","HO"
"X4422101091700","X4","42","2009-01-21T17:00:00.000","2009-01-21T17:58:00.000","10.8","V","HO"
"X4502101091800","X4","50","2009-01-21T18:00:00.000","2009-01-21T18:40:00.000","3.8","V","HO"
"X4442101091800","X4","44","2009-01-21T18:00:00.000","2009-01-21T18:04:00.000","44","V","HO"
"X4422101091800","X4","42","2009-01-21T18:00:00.000","2009-01-21T18:56:00.000","10.2","V","HO"
"X4402101091800","X4","40","2009-01-21T18:00:00.000","2009-01-21T18:00:00.000","10.7","V","HO"
"X4362101091800","X4","36","2009-01-21T18:00:00.000",,"0","V","HO"
"X4352101091800","X4","35","2009-01-21T18:00:00.000",,"0","V","HO"
"X4342101091800","X4","34","2009-01-21T18:00:00.000",,"1008","V","HO"
"X4512101091800","X4","51","2009-01-21T18:00:00.000",,"338","V","HO"
"X4322101091800","X4","32","2009-01-21T18:00:00.000",,"10.4","V","HO"
"X4332101091800","X4","33","2009-01-21T18:00:00.000",,"46","V","HO"
"X4442101091900","X4","44","2009-01-21T19:00:00.000","2009-01-21T19:06:00.000","47","V","HO"
"X4502101091900","X4","50","2009-01-21T19:00:00.000","2009-01-21T19:34:00.000","5.8","V","HO"
"X4512101091900","X4","51","2009-01-21T19:00:00.000",,"303","V","HO"
"X4322101091900","X4","32","2009-01-21T19:00:00.000",,"9.9","V","HO"
"X4332101091900","X4","33","2009-01-21T19:00:00.000",,"47","V","HO"
"X4342101091900","X4","34","2009-01-21T19:00:00.000",,"1009","V","HO"
"X4352101091900","X4","35","2009-01-21T19:00:00.000",,"0","V","HO"
"X4362101091900","X4","36","2009-01-21T19:00:00.000",,"0","V","HO"
"X4402101091900","X4","40","2009-01-21T19:00:00.000","2009-01-21T19:00:00.000","10.2","V","HO"
"X4422101091900","X4","42","2009-01-21T19:00:00.000","2009-01-21T19:56:00.000","9.6","V","HO"
"X4322101092000","X4","32","2009-01-21T20:00:00.000",,"9.2","V","HO"
"X4332101092000","X4","33","2009-01-21T20:00:00.000",,"49","V","HO"
"X4342101092000","X4","34","2009-01-21T20:00:00.000",,"1009","V","HO"
"X4352101092000","X4","35","2009-01-21T20:00:00.000",,"0","V","HO"
"X4512101092000","X4","51","2009-01-21T20:00:00.000",,"349","V","HO"
"X4402101092000","X4","40","2009-01-21T20:00:00.000","2009-01-21T20:00:00.000","9.5","V","HO"
"X4422101092000","X4","42","2009-01-21T20:00:00.000","2009-01-21T20:57:00.000","8.9","V","HO"
"X4442101092000","X4","44","2009-01-21T20:00:00.000","2009-01-21T20:00:00.000","48","V","HO"
"X4502101092000","X4","50","2009-01-21T20:00:00.000","2009-01-21T20:34:00.000","5.3","V","HO"
"X4362101092000","X4","36","2009-01-21T20:00:00.000",,"0","V","HO"
"X4322101092100","X4","32","2009-01-21T21:00:00.000",,"8.7","V","HO"
"X4332101092100","X4","33","2009-01-21T21:00:00.000",,"51","V","HO"
"X4342101092100","X4","34","2009-01-21T21:00:00.000",,"1010","V","HO"
"X4352101092100","X4","35","2009-01-21T21:00:00.000",,"0","V","HO"
"X4512101092100","X4","51","2009-01-21T21:00:00.000",,"300","V","HO"
"X4402101092100","X4","40","2009-01-21T21:00:00.000","2009-01-21T21:00:00.000","8.9","V","HO"
"X4422101092100","X4","42","2009-01-21T21:00:00.000","2009-01-21T21:57:00.000","8.4","V","HO"
"X4442101092100","X4","44","2009-01-21T21:00:00.000","2009-01-21T21:15:00.000","50","V","HO"
"X4502101092100","X4","50","2009-01-21T21:00:00.000","2009-01-21T21:36:00.000","4.6","V","HO"
"X4362101092100","X4","36","2009-01-21T21:00:00.000",,"0","V","HO"
"X4322101092200","X4","32","2009-01-21T22:00:00.000",,"8.3","V","HO"
"X4332101092200","X4","33","2009-01-21T22:00:00.000",,"52","V","HO"
"X4342101092200","X4","34","2009-01-21T22:00:00.000",,"1010","V","HO"
"X4012101092200","X4","1","2009-01-21T22:00:00.000","2009-01-21T22:34:00.000","1010","V","HO"
"X4352101092200","X4","35","2009-01-21T22:00:00.000",,"0","V","HO"
"X4512101092200","X4","51","2009-01-21T22:00:00.000",,"358","V","HO"
"X4402101092200","X4","40","2009-01-21T22:00:00.000","2009-01-21T22:03:00.000","8.4","V","HO"
"X4422101092200","X4","42","2009-01-21T22:00:00.000","2009-01-21T22:49:00.000","8.2","V","HO"
"X4442101092200","X4","44","2009-01-21T22:00:00.000","2009-01-21T22:44:00.000","51","V","HO"
"X4502101092200","X4","50","2009-01-21T22:00:00.000","2009-01-21T22:18:00.000","4.9","V","HO"
"X4362101092200","X4","36","2009-01-21T22:00:00.000",,"0","V","HO"
"X4502101092300","X4","50","2009-01-21T23:00:00.000","2009-01-21T23:02:00.000","4.9","V","HO"
"X4512101092300","X4","51","2009-01-21T23:00:00.000",,"333","V","HO"
"X4442101092300","X4","44","2009-01-21T23:00:00.000","2009-01-21T23:54:00.000","50","V","HO"
"X4422101092300","X4","42","2009-01-21T23:00:00.000","2009-01-21T23:44:00.000","8","V","HO"
"X4402101092300","X4","40","2009-01-21T23:00:00.000","2009-01-21T23:08:00.000","8.2","V","HO"
"X4362101092300","X4","36","2009-01-21T23:00:00.000",,"0","V","HO"
"X4352101092300","X4","35","2009-01-21T23:00:00.000",,"0","V","HO"
"X4342101092300","X4","34","2009-01-21T23:00:00.000",,"1010","V","HO"
"X4322101092300","X4","32","2009-01-21T23:00:00.000",,"8.2","V","HO"
"X4332101092300","X4","33","2009-01-21T23:00:00.000",,"51","V","HO"
"X4012201090000","X4","1","2009-01-22T00:00:00.000","2009-01-22T00:01:00.000","1010","V","HO"
"X4442201090000","X4","44","2009-01-22T00:00:00.000","2009-01-22T00:00:00.000","51","V","HO"
"X4502201090000","X4","50","2009-01-22T00:00:00.000","2009-01-22T00:08:00.000","4.9","V","HO"
"X4512201090000","X4","51","2009-01-22T00:00:00.000",,"300","V","HO"
"X4322201090000","X4","32","2009-01-22T00:00:00.000",,"7.6","V","HO"
"X4422201090000","X4","42","2009-01-22T00:00:00.000","2009-01-22T00:58:00.000","7.1","V","HO"
"X4342201090000","X4","34","2009-01-22T00:00:00.000",,"1009","V","HO"
"X4352201090000","X4","35","2009-01-22T00:00:00.000",,"0","V","HO"
"X4362201090000","X4","36","2009-01-22T00:00:00.000",,"0","V","HO"
"X4402201090000","X4","40","2009-01-22T00:00:00.000","2009-01-22T00:00:00.000","8.1","V","HO"
"X4332201090000","X4","33","2009-01-22T00:00:00.000",,"53","V","HO"
"X4322201090100","X4","32","2009-01-22T01:00:00.000",,"7.4","V","HO"
"X4332201090100","X4","33","2009-01-22T01:00:00.000",,"52","V","HO"
"X4342201090100","X4","34","2009-01-22T01:00:00.000",,"1009","V","HO"
"X4352201090100","X4","35","2009-01-22T01:00:00.000",,"0","V","HO"
"X4512201090100","X4","51","2009-01-22T01:00:00.000",,"300","V","HO"
"X4402201090100","X4","40","2009-01-22T01:00:00.000","2009-01-22T01:49:00.000","7.8","V","HO"
"X4422201090100","X4","42","2009-01-22T01:00:00.000","2009-01-22T01:02:00.000","7.1","V","HO"
"X4442201090100","X4","44","2009-01-22T01:00:00.000","2009-01-22T01:48:00.000","48","V","HO"
"X4502201090100","X4","50","2009-01-22T01:00:00.000","2009-01-22T01:39:00.000","5.8","V","HO"
"X4362201090100","X4","36","2009-01-22T01:00:00.000",,"0","V","HO"
"X4322201090200","X4","32","2009-01-22T02:00:00.000",,"7.3","V","HO"
"X4332201090200","X4","33","2009-01-22T02:00:00.000",,"52","V","HO"
"X4342201090200","X4","34","2009-01-22T02:00:00.000",,"1009","V","HO"
"X4352201090200","X4","35","2009-01-22T02:00:00.000",,"0","V","HO"
"X4512201090200","X4","51","2009-01-22T02:00:00.000",,"279","V","HO"
"X4402201090200","X4","40","2009-01-22T02:00:00.000","2009-01-22T02:00:00.000","7.7","V","HO"
"X4422201090200","X4","42","2009-01-22T02:00:00.000","2009-01-22T02:38:00.000","7","V","HO"
"X4442201090200","X4","44","2009-01-22T02:00:00.000","2009-01-22T02:00:00.000","49","V","HO"
"X4502201090200","X4","50","2009-01-22T02:00:00.000","2009-01-22T02:53:00.000","5.3","V","HO"
"X4362201090200","X4","36","2009-01-22T02:00:00.000",,"0","V","HO"
"X4322201090300","X4","32","2009-01-22T03:00:00.000",,"7.1","V","HO"
"X4332201090300","X4","33","2009-01-22T03:00:00.000",,"54","V","HO"
"X4342201090300","X4","34","2009-01-22T03:00:00.000",,"1008","V","HO"
"X4352201090300","X4","35","2009-01-22T03:00:00.000",,"0","V","HO"
"X4362201090300","X4","36","2009-01-22T03:00:00.000",,"0","V","HO"
"X4402201090300","X4","40","2009-01-22T03:00:00.000","2009-01-22T03:16:00.000","7.2","V","HO"
"X4422201090300","X4","42","2009-01-22T03:00:00.000","2009-01-22T03:31:00.000","6.9","V","HO"
"X4442201090300","X4","44","2009-01-22T03:00:00.000","2009-01-22T03:05:00.000","52","V","HO"
"X4502201090300","X4","50","2009-01-22T03:00:00.000","2009-01-22T03:47:00.000","7.9","V","HO"
"X4512201090300","X4","51","2009-01-22T03:00:00.000",,"307","V","HO"
"X4322201090400","X4","32","2009-01-22T04:00:00.000",,"6.6","V","HO"
"X4332201090400","X4","33","2009-01-22T04:00:00.000",,"56","V","HO"
"X4342201090400","X4","34","2009-01-22T04:00:00.000",,"1008","V","HO"
"X4352201090400","X4","35","2009-01-22T04:00:00.000",,"0","V","HO"
"X4442201090400","X4","44","2009-01-22T04:00:00.000","2009-01-22T04:05:00.000","54","V","HO"
"X4402201090400","X4","40","2009-01-22T04:00:00.000","2009-01-22T04:06:00.000","7","V","HO"
"X4422201090400","X4","42","2009-01-22T04:00:00.000","2009-01-22T04:44:00.000","6.4","V","HO"
"X4512201090400","X4","51","2009-01-22T04:00:00.000",,"304","V","HO"
"X4502201090400","X4","50","2009-01-22T04:00:00.000","2009-01-22T04:03:00.000","7.3","V","HO"
"X4362201090400","X4","36","2009-01-22T04:00:00.000",,"0","V","HO"
"X4322201090500","X4","32","2009-01-22T05:00:00.000",,"6.7","V","HO"
"X4332201090500","X4","33","2009-01-22T05:00:00.000",,"56","V","HO"
"X4342201090500","X4","34","2009-01-22T05:00:00.000",,"1008","V","HO"
"X4352201090500","X4","35","2009-01-22T05:00:00.000",,"0","V","HO"
"X4512201090500","X4","51","2009-01-22T05:00:00.000",,"289","V","HO"
"X4402201090500","X4","40","2009-01-22T05:00:00.000","2009-01-22T05:52:00.000","7.1","V","HO"
"X4422201090500","X4","42","2009-01-22T05:00:00.000","2009-01-22T05:08:00.000","6.3","V","HO"
"X4442201090500","X4","44","2009-01-22T05:00:00.000","2009-01-22T05:53:00.000","55","V","HO"
"X4502201090500","X4","50","2009-01-22T05:00:00.000","2009-01-22T05:08:00.000","7.9","V","HO"
"X4362201090500","X4","36","2009-01-22T05:00:00.000",,"0","V","HO"
"X4322201090600","X4","32","2009-01-22T06:00:00.000",,"7.2","V","HO"
"X4332201090600","X4","33","2009-01-22T06:00:00.000",,"54","V","HO"
"X4342201090600","X4","34","2009-01-22T06:00:00.000",,"1007","V","HO"
"X4352201090600","X4","35","2009-01-22T06:00:00.000",,"0","V","HO"
"X4512201090600","X4","51","2009-01-22T06:00:00.000",,"281","V","HO"
"X4402201090600","X4","40","2009-01-22T06:00:00.000","2009-01-22T06:58:00.000","8","V","HO"
"X4422201090600","X4","42","2009-01-22T06:00:00.000","2009-01-22T06:18:00.000","6.9","V","HO"
"X4442201090600","X4","44","2009-01-22T06:00:00.000","2009-01-22T06:58:00.000","50","V","HO"
"X4502201090600","X4","50","2009-01-22T06:00:00.000","2009-01-22T06:48:00.000","8.6","V","HO"
"X4362201090600","X4","36","2009-01-22T06:00:00.000",,"0","V","HO"
"X4322201090700","X4","32","2009-01-22T07:00:00.000",,"8.1","V","HO"
"X4332201090700","X4","33","2009-01-22T07:00:00.000",,"50","V","HO"
"X4342201090700","X4","34","2009-01-22T07:00:00.000",,"1007","V","HO"
"X4352201090700","X4","35","2009-01-22T07:00:00.000",,"0","V","HO"
"X4512201090700","X4","51","2009-01-22T07:00:00.000",,"277","V","HO"
"X4402201090700","X4","40","2009-01-22T07:00:00.000","2009-01-22T07:16:00.000","8.3","V","HO"
"X4422201090700","X4","42","2009-01-22T07:00:00.000","2009-01-22T07:00:00.000","8","V","HO"
"X4442201090700","X4","44","2009-01-22T07:00:00.000","2009-01-22T07:11:00.000","50","V","HO"
"X4502201090700","X4","50","2009-01-22T07:00:00.000","2009-01-22T07:02:00.000","8.6","V","HO"
"X4362201090700","X4","36","2009-01-22T07:00:00.000",,"6","V","HO"
"X4322201090800","X4","32","2009-01-22T08:00:00.000",,"8.7","V","HO"
"X4332201090800","X4","33","2009-01-22T08:00:00.000",,"51","V","HO"
"X4342201090800","X4","34","2009-01-22T08:00:00.000",,"1006","V","HO"
"X4352201090800","X4","35","2009-01-22T08:00:00.000",,"0","V","HO"
"X4512201090800","X4","51","2009-01-22T08:00:00.000",,"282","V","HO"
"X4402201090800","X4","40","2009-01-22T08:00:00.000","2009-01-22T08:58:00.000","9","V","HO"
"X4422201090800","X4","42","2009-01-22T08:00:00.000","2009-01-22T08:00:00.000","8.2","V","HO"
"X4442201090800","X4","44","2009-01-22T08:00:00.000","2009-01-22T08:37:00.000","49","V","HO"
"X4502201090800","X4","50","2009-01-22T08:00:00.000","2009-01-22T08:20:00.000","10.9","V","HO"
"X4362201090800","X4","36","2009-01-22T08:00:00.000",,"56","V","HO"
"X4322201090900","X4","32","2009-01-22T09:00:00.000",,"9.4","V","HO"
"X4332201090900","X4","33","2009-01-22T09:00:00.000",,"50","V","HO"
"X4342201090900","X4","34","2009-01-22T09:00:00.000",,"1006","V","HO"
"X4352201090900","X4","35","2009-01-22T09:00:00.000",,"0","V","HO"
"X4512201090900","X4","51","2009-01-22T09:00:00.000",,"289","V","HO"
"X4402201090900","X4","40","2009-01-22T09:00:00.000","2009-01-22T09:58:00.000","10","V","HO"
"X4422201090900","X4","42","2009-01-22T09:00:00.000","2009-01-22T09:00:00.000","9.1","V","HO"
"X4442201090900","X4","44","2009-01-22T09:00:00.000","2009-01-22T09:54:00.000","49","V","HO"
"X4502201090900","X4","50","2009-01-22T09:00:00.000","2009-01-22T09:27:00.000","7.5","V","HO"
"X4362201090900","X4","36","2009-01-22T09:00:00.000",,"154","V","HO"
"X4322201091000","X4","32","2009-01-22T10:00:00.000",,"10.9","V","HO"
"X4332201091000","X4","33","2009-01-22T10:00:00.000",,"46","V","HO"
"X4342201091000","X4","34","2009-01-22T10:00:00.000",,"1005","V","HO"
"X4352201091000","X4","35","2009-01-22T10:00:00.000",,"0","V","HO"
"X4362201091000","X4","36","2009-01-22T10:00:00.000",,"417","V","HO"
"X4402201091000","X4","40","2009-01-22T10:00:00.000","2009-01-22T10:47:00.000","11.8","V","HO"
"X4422201091000","X4","42","2009-01-22T10:00:00.000","2009-01-22T10:00:00.000","10","V","HO"
"X4442201091000","X4","44","2009-01-22T10:00:00.000","2009-01-22T10:48:00.000","43","V","HO"
"X4502201091000","X4","50","2009-01-22T10:00:00.000","2009-01-22T10:22:00.000","7.8","V","HO"
"X4512201091000","X4","51","2009-01-22T10:00:00.000",,"256","V","HO"
"X4322201091100","X4","32","2009-01-22T11:00:00.000",,"11.6","V","HO"
"X4332201091100","X4","33","2009-01-22T11:00:00.000",,"47","V","HO"
"X4342201091100","X4","34","2009-01-22T11:00:00.000",,"1005","V","HO"
"X4352201091100","X4","35","2009-01-22T11:00:00.000",,"0","V","HO"
"X4512201091100","X4","51","2009-01-22T11:00:00.000",,"297","V","HO"
"X4402201091100","X4","40","2009-01-22T11:00:00.000","2009-01-22T11:29:00.000","12","V","HO"
"X4422201091100","X4","42","2009-01-22T11:00:00.000","2009-01-22T11:47:00.000","11.2","V","HO"
"X4442201091100","X4","44","2009-01-22T11:00:00.000","2009-01-22T11:00:00.000","44","V","HO"
"X4502201091100","X4","50","2009-01-22T11:00:00.000","2009-01-22T11:40:00.000","11.7","V","HO"
"X4362201091100","X4","36","2009-01-22T11:00:00.000",,"299","V","HO"
"X4322201091200","X4","32","2009-01-22T12:00:00.000",,"11.3","V","HO"
"X4332201091200","X4","33","2009-01-22T12:00:00.000",,"51","V","HO"
"X4342201091200","X4","34","2009-01-22T12:00:00.000",,"1003","V","HO"
"X4352201091200","X4","35","2009-01-22T12:00:00.000",,"0","V","HO"
"X4362201091200","X4","36","2009-01-22T12:00:00.000",,"260","V","HO"
"X4402201091200","X4","40","2009-01-22T12:00:00.000","2009-01-22T12:40:00.000","11.5","V","HO"
"X4422201091200","X4","42","2009-01-22T12:00:00.000","2009-01-22T12:08:00.000","11.1","V","HO"
"X4442201091200","X4","44","2009-01-22T12:00:00.000","2009-01-22T12:00:00.000","50","V","HO"
"X4502201091200","X4","50","2009-01-22T12:00:00.000","2009-01-22T12:09:00.000","12.6","V","HO"
"X4512201091200","X4","51","2009-01-22T12:00:00.000",,"314","V","HO"
"X4352201091300","X4","35","2009-01-22T13:00:00.000",,"0","V","HO"
"X4362201091300","X4","36","2009-01-22T13:00:00.000",,"244","V","HO"
"X4402201091300","X4","40","2009-01-22T13:00:00.000","2009-01-22T13:57:00.000","12","V","HO"
"X4422201091300","X4","42","2009-01-22T13:00:00.000","2009-01-22T13:06:00.000","11.3","V","HO"
"X4332201091300","X4","33","2009-01-22T13:00:00.000",,"52","V","HO"
"X4502201091300","X4","50","2009-01-22T13:00:00.000","2009-01-22T13:03:00.000","11","V","HO"
"X4512201091300","X4","51","2009-01-22T13:00:00.000",,"312","V","HO"
"X4342201091300","X4","34","2009-01-22T13:00:00.000",,"1002","V","HO"
"X4322201091300","X4","32","2009-01-22T13:00:00.000",,"11.6","V","HO"
"X4442201091300","X4","44","2009-01-22T13:00:00.000","2009-01-22T13:58:00.000","51","V","HO"
"X4422201091400","X4","42","2009-01-22T14:00:00.000","2009-01-22T14:26:00.000","11.6","V","HO"
"X4442201091400","X4","44","2009-01-22T14:00:00.000","2009-01-22T14:01:00.000","50","V","HO"
"X4502201091400","X4","50","2009-01-22T14:00:00.000","2009-01-22T14:04:00.000","9.2","V","HO"
"X4512201091400","X4","51","2009-01-22T14:00:00.000",,"268","V","HO"
"X4322201091400","X4","32","2009-01-22T14:00:00.000",,"11.8","V","HO"
"X4332201091400","X4","33","2009-01-22T14:00:00.000",,"52","V","HO"
"X4342201091400","X4","34","2009-01-22T14:00:00.000",,"1002","V","HO"
"X4352201091400","X4","35","2009-01-22T14:00:00.000",,"0","V","HO"
"X4362201091400","X4","36","2009-01-22T14:00:00.000",,"205","V","HO"
"X4402201091400","X4","40","2009-01-22T14:00:00.000","2009-01-22T14:01:00.000","12.1","V","HO"
"X4322201091500","X4","32","2009-01-22T15:00:00.000",,"12","V","HO"
"X4332201091500","X4","33","2009-01-22T15:00:00.000",,"53","V","HO"
"X4342201091500","X4","34","2009-01-22T15:00:00.000",,"1002","V","HO"
"X4352201091500","X4","35","2009-01-22T15:00:00.000",,"0","V","HO"
"X4512201091500","X4","51","2009-01-22T15:00:00.000",,"281","V","HO"
"X4402201091500","X4","40","2009-01-22T15:00:00.000","2009-01-22T15:42:00.000","12.1","V","HO"
"X4422201091500","X4","42","2009-01-22T15:00:00.000","2009-01-22T15:08:00.000","11.8","V","HO"
"X4442201091500","X4","44","2009-01-22T15:00:00.000","2009-01-22T15:00:00.000","52","V","HO"
"X4502201091500","X4","50","2009-01-22T15:00:00.000","2009-01-22T15:43:00.000","7.9","V","HO"
"X4362201091500","X4","36","2009-01-22T15:00:00.000",,"113","V","HO"
"X4322201091600","X4","32","2009-01-22T16:00:00.000",,"12","V","HO"
"X4332201091600","X4","33","2009-01-22T16:00:00.000",,"54","V","HO"
"X4352201091600","X4","35","2009-01-22T16:00:00.000",,"0","V","HO"
"X4362201091600","X4","36","2009-01-22T16:00:00.000",,"23","V","HO"
"X4512201091600","X4","51","2009-01-22T16:00:00.000",,"295","V","HO"
"X4422201091600","X4","42","2009-01-22T16:00:00.000","2009-01-22T16:56:00.000","11.8","V","HO"
"X4442201091600","X4","44","2009-01-22T16:00:00.000","2009-01-22T16:04:00.000","53","V","HO"
"X4342201091600","X4","34","2009-01-22T16:00:00.000",,"1001","V","HO"
"X4502201091600","X4","50","2009-01-22T16:00:00.000","2009-01-22T16:08:00.000","6.2","V","HO"
"X4402201091600","X4","40","2009-01-22T16:00:00.000","2009-01-22T16:03:00.000","12.1","V","HO"
"X4322201091700","X4","32","2009-01-22T17:00:00.000",,"11.5","V","HO"
"X4332201091700","X4","33","2009-01-22T17:00:00.000",,"56","V","HO"
"X4342201091700","X4","34","2009-01-22T17:00:00.000",,"1001","V","HO"
"X4352201091700","X4","35","2009-01-22T17:00:00.000",,"0","V","HO"
"X4512201091700","X4","51","2009-01-22T17:00:00.000",,"307","V","HO"
"X4402201091700","X4","40","2009-01-22T17:00:00.000","2009-01-22T17:00:00.000","11.8","V","HO"
"X4422201091700","X4","42","2009-01-22T17:00:00.000","2009-01-22T17:58:00.000","11.3","V","HO"
"X4442201091700","X4","44","2009-01-22T17:00:00.000","2009-01-22T17:02:00.000","55","V","HO"
"X4502201091700","X4","50","2009-01-22T17:00:00.000","2009-01-22T17:08:00.000","5.3","V","HO"
"X4362201091700","X4","36","2009-01-22T17:00:00.000",,"0","V","HO"
"X4322201091800","X4","32","2009-01-22T18:00:00.000",,"11.3","V","HO"
"X4332201091800","X4","33","2009-01-22T18:00:00.000",,"58","V","HO"
"X4342201091800","X4","34","2009-01-22T18:00:00.000",,"1001","V","HO"
"X4352201091800","X4","35","2009-01-22T18:00:00.000",,"0","V","HO"
"X4512201091800","X4","51","2009-01-22T18:00:00.000",,"321","V","HO"
"X4402201091800","X4","40","2009-01-22T18:00:00.000","2009-01-22T18:00:00.000","11.3","V","HO"
"X4422201091800","X4","42","2009-01-22T18:00:00.000","2009-01-22T18:55:00.000","11.2","V","HO"
"X4442201091800","X4","44","2009-01-22T18:00:00.000","2009-01-22T18:00:00.000","57","V","HO"
"X4502201091800","X4","50","2009-01-22T18:00:00.000","2009-01-22T18:08:00.000","5.9","V","HO"
"X4362201091800","X4","36","2009-01-22T18:00:00.000",,"0","V","HO"
"X4322201091900","X4","32","2009-01-22T19:00:00.000",,"10.8","V","HO"
"X4332201091900","X4","33","2009-01-22T19:00:00.000",,"63","V","HO"
"X4342201091900","X4","34","2009-01-22T19:00:00.000",,"1001","V","HO"
"X4352201091900","X4","35","2009-01-22T19:00:00.000",,"0.1","V","HO"
"X4362201091900","X4","36","2009-01-22T19:00:00.000",,"0","V","HO"
"X4402201091900","X4","40","2009-01-22T19:00:00.000","2009-01-22T19:06:00.000","11.2","V","HO"
"X4422201091900","X4","42","2009-01-22T19:00:00.000","2009-01-22T19:58:00.000","10.3","V","HO"
"X4442201091900","X4","44","2009-01-22T19:00:00.000","2009-01-22T19:00:00.000","59","V","HO"
"X4502201091900","X4","50","2009-01-22T19:00:00.000","2009-01-22T19:45:00.000","5","V","HO"
"X4512201091900","X4","51","2009-01-22T19:00:00.000",,"259","V","HO"
"X4362201092000","X4","36","2009-01-22T20:00:00.000",,"0","V","HO"
"X4402201092000","X4","40","2009-01-22T20:00:00.000","2009-01-22T20:42:00.000","10.3","V","HO"
"X4422201092000","X4","42","2009-01-22T20:00:00.000","2009-01-22T20:14:00.000","10.2","V","HO"
"X4442201092000","X4","44","2009-01-22T20:00:00.000","2009-01-22T20:12:00.000","66","V","HO"
"X4502201092000","X4","50","2009-01-22T20:00:00.000","2009-01-22T20:17:00.000","5.2","V","HO"
"X4512201092000","X4","51","2009-01-22T20:00:00.000",,"308","V","HO"
"X4322201092000","X4","32","2009-01-22T20:00:00.000",,"10.3","V","HO"
"X4332201092000","X4","33","2009-01-22T20:00:00.000",,"67","V","HO"
"X4342201092000","X4","34","2009-01-22T20:00:00.000",,"1001","V","HO"
"X4352201092000","X4","35","2009-01-22T20:00:00.000",,"0","V","HO"
"X4442201092100","X4","44","2009-01-22T21:00:00.000","2009-01-22T21:57:00.000","65","V","HO"
"X4422201092100","X4","42","2009-01-22T21:00:00.000","2009-01-22T21:00:00.000","10.3","V","HO"
"X4502201092100","X4","50","2009-01-22T21:00:00.000","2009-01-22T21:56:00.000","4","V","HO"
"X4512201092100","X4","51","2009-01-22T21:00:00.000",,"307","V","HO"
"X4322201092100","X4","32","2009-01-22T21:00:00.000",,"10.5","V","HO"
"X4332201092100","X4","33","2009-01-22T21:00:00.000",,"67","V","HO"
"X4342201092100","X4","34","2009-01-22T21:00:00.000",,"1001","V","HO"
"X4352201092100","X4","35","2009-01-22T21:00:00.000",,"0","V","HO"
"X4362201092100","X4","36","2009-01-22T21:00:00.000",,"0","V","HO"
"X4402201092100","X4","40","2009-01-22T21:00:00.000","2009-01-22T21:58:00.000","10.8","V","HO"
"X4332201092200","X4","33","2009-01-22T22:00:00.000",,"65","V","HO"
"X4322201092200","X4","32","2009-01-22T22:00:00.000",,"10.9","V","HO"
"X4512201092200","X4","51","2009-01-22T22:00:00.000",,"308","V","HO"
"X4502201092200","X4","50","2009-01-22T22:00:00.000","2009-01-22T22:50:00.000","6.1","V","HO"
"X4342201092200","X4","34","2009-01-22T22:00:00.000",,"1000","V","HO"
"X4422201092200","X4","42","2009-01-22T22:00:00.000","2009-01-22T22:55:00.000","10.8","V","HO"
"X4402201092200","X4","40","2009-01-22T22:00:00.000","2009-01-22T22:16:00.000","11","V","HO"
"X4362201092200","X4","36","2009-01-22T22:00:00.000",,"0","V","HO"
"X4352201092200","X4","35","2009-01-22T22:00:00.000",,"0","V","HO"
"X4442201092200","X4","44","2009-01-22T22:00:00.000","2009-01-22T22:10:00.000","65","V","HO"
"X4022201092300","X4","2","2009-01-22T23:00:00.000","2009-01-22T23:43:00.000","999","V","HO"
"X4322201092300","X4","32","2009-01-22T23:00:00.000",,"10.8","V","HO"
"X4402201092300","X4","40","2009-01-22T23:00:00.000","2009-01-22T23:51:00.000","10.9","V","HO"
"X4362201092300","X4","36","2009-01-22T23:00:00.000",,"0","V","HO"
"X4352201092300","X4","35","2009-01-22T23:00:00.000",,"0","V","HO"
"X4342201092300","X4","34","2009-01-22T23:00:00.000",,"999","V","HO"
"X4332201092300","X4","33","2009-01-22T23:00:00.000",,"67","V","HO"
"X4442201092300","X4","44","2009-01-22T23:00:00.000","2009-01-22T23:04:00.000","66","V","HO"
"X4422201092300","X4","42","2009-01-22T23:00:00.000","2009-01-22T23:34:00.000","10.8","V","HO"
"X4512201092300","X4","51","2009-01-22T23:00:00.000",,"244","V","HO"
"X4502201092300","X4","50","2009-01-22T23:00:00.000","2009-01-22T23:42:00.000","3","V","HO"
"X4502301090000","X4","50","2009-01-23T00:00:00.000","2009-01-23T00:30:00.000","2.3","V","HO"
"X4512301090000","X4","51","2009-01-23T00:00:00.000",,"221","V","HO"
"X4322301090000","X4","32","2009-01-23T00:00:00.000",,"10.9","V","HO"
"X4332301090000","X4","33","2009-01-23T00:00:00.000",,"71","V","HO"
"X4342301090000","X4","34","2009-01-23T00:00:00.000",,"998","V","HO"
"X4012301090000","X4","1","2009-01-23T00:00:00.000","2009-01-23T00:00:00.000","999","V","HO"
"X4362301090000","X4","36","2009-01-23T00:00:00.000",,"0","V","HO"
"X4402301090000","X4","40","2009-01-23T00:00:00.000","2009-01-23T00:06:00.000","11","V","HO"
"X4422301090000","X4","42","2009-01-23T00:00:00.000","2009-01-23T00:54:00.000","10.8","V","HO"
"X4442301090000","X4","44","2009-01-23T00:00:00.000","2009-01-23T00:00:00.000","70","V","HO"
"X4352301090000","X4","35","2009-01-23T00:00:00.000",,"0","V","HO"
"X4352301090100","X4","35","2009-01-23T01:00:00.000",,"0","V","HO"
"X4342301090100","X4","34","2009-01-23T01:00:00.000",,"998","V","HO"
"X4512301090100","X4","51","2009-01-23T01:00:00.000",,"259","V","HO"
"X4502301090100","X4","50","2009-01-23T01:00:00.000","2009-01-23T01:33:00.000","1.9","V","HO"
"X4362301090100","X4","36","2009-01-23T01:00:00.000",,"0","V","HO"
"X4422301090100","X4","42","2009-01-23T01:00:00.000","2009-01-23T01:09:00.000","10.8","V","HO"
"X4402301090100","X4","40","2009-01-23T01:00:00.000","2009-01-23T01:38:00.000","10.9","V","HO"
"X4332301090100","X4","33","2009-01-23T01:00:00.000",,"72","V","HO"
"X4322301090100","X4","32","2009-01-23T01:00:00.000",,"10.9","V","HO"
"X4442301090100","X4","44","2009-01-23T01:00:00.000","2009-01-23T01:23:00.000","72","V","HO"
"X4402301090200","X4","40","2009-01-23T02:00:00.000","2009-01-23T02:39:00.000","11.1","V","HO"
"X4422301090200","X4","42","2009-01-23T02:00:00.000","2009-01-23T02:00:00.000","10.9","V","HO"
"X4442301090200","X4","44","2009-01-23T02:00:00.000","2009-01-23T02:03:00.000","72","V","HO"
"X4502301090200","X4","50","2009-01-23T02:00:00.000","2009-01-23T02:39:00.000","2.4","V","HO"
"X4512301090200","X4","51","2009-01-23T02:00:00.000",,"167","V","HO"
"X4322301090200","X4","32","2009-01-23T02:00:00.000",,"11","V","HO"
"X4332301090200","X4","33","2009-01-23T02:00:00.000",,"73","V","HO"
"X4342301090200","X4","34","2009-01-23T02:00:00.000",,"997","V","HO"
"X4352301090200","X4","35","2009-01-23T02:00:00.000",,"0","V","HO"
"X4362301090200","X4","36","2009-01-23T02:00:00.000",,"0","V","HO"
"X4422301090300","X4","42","2009-01-23T03:00:00.000","2009-01-23T03:58:00.000","10.8","V","HO"
"X4442301090300","X4","44","2009-01-23T03:00:00.000","2009-01-23T03:27:00.000","73","V","HO"
"X4502301090300","X4","50","2009-01-23T03:00:00.000","2009-01-23T03:34:00.000","3","V","HO"
"X4512301090300","X4","51","2009-01-23T03:00:00.000",,"248","V","HO"
"X4322301090300","X4","32","2009-01-23T03:00:00.000",,"11","V","HO"
"X4332301090300","X4","33","2009-01-23T03:00:00.000",,"73","V","HO"
"X4342301090300","X4","34","2009-01-23T03:00:00.000",,"996","V","HO"
"X4352301090300","X4","35","2009-01-23T03:00:00.000",,"0","V","HO"
"X4362301090300","X4","36","2009-01-23T03:00:00.000",,"0","V","HO"
"X4402301090300","X4","40","2009-01-23T03:00:00.000","2009-01-23T03:22:00.000","11.2","V","HO"
"X4402301090400","X4","40","2009-01-23T04:00:00.000","2009-01-23T04:51:00.000","11","V","HO"
"X4422301090400","X4","42","2009-01-23T04:00:00.000","2009-01-23T04:07:00.000","10.8","V","HO"
"X4442301090400","X4","44","2009-01-23T04:00:00.000","2009-01-23T04:00:00.000","74","V","HO"
"X4502301090400","X4","50","2009-01-23T04:00:00.000","2009-01-23T04:02:00.000","2.1","V","HO"
"X4362301090400","X4","36","2009-01-23T04:00:00.000",,"0","V","HO"
"X4322301090400","X4","32","2009-01-23T04:00:00.000",,"10.9","V","HO"
"X4332301090400","X4","33","2009-01-23T04:00:00.000",,"74","V","HO"
"X4342301090400","X4","34","2009-01-23T04:00:00.000",,"995","V","HO"
"X4352301090400","X4","35","2009-01-23T04:00:00.000",,"0","V","HO"
"X4512301090400","X4","51","2009-01-23T04:00:00.000",,"261","V","HO"
"X4322301090500","X4","32","2009-01-23T05:00:00.000",,"11","V","HO"
"X4332301090500","X4","33","2009-01-23T05:00:00.000",,"75","V","HO"
"X4342301090500","X4","34","2009-01-23T05:00:00.000",,"995","V","HO"
"X4352301090500","X4","35","2009-01-23T05:00:00.000",,"0","V","HO"
"X4512301090500","X4","51","2009-01-23T05:00:00.000",,"265","V","HO"
"X4402301090500","X4","40","2009-01-23T05:00:00.000","2009-01-23T05:35:00.000","11.1","V","HO"
"X4422301090500","X4","42","2009-01-23T05:00:00.000","2009-01-23T05:00:00.000","11","V","HO"
"X4442301090500","X4","44","2009-01-23T05:00:00.000","2009-01-23T05:05:00.000","74","V","HO"
"X4502301090500","X4","50","2009-01-23T05:00:00.000","2009-01-23T05:18:00.000","1.8","V","HO"
"X4362301090500","X4","36","2009-01-23T05:00:00.000",,"0","V","HO"
"X4322301090600","X4","32","2009-01-23T06:00:00.000",,"11.2","V","HO"
"X4332301090600","X4","33","2009-01-23T06:00:00.000",,"74","V","HO"
"X4342301090600","X4","34","2009-01-23T06:00:00.000",,"995","V","HO"
"X4352301090600","X4","35","2009-01-23T06:00:00.000",,"0","V","HO"
"X4512301090600","X4","51","2009-01-23T06:00:00.000",,"254","V","HO"
"X4402301090600","X4","40","2009-01-23T06:00:00.000","2009-01-23T06:58:00.000","11.4","V","HO"
"X4422301090600","X4","42","2009-01-23T06:00:00.000","2009-01-23T06:00:00.000","11.1","V","HO"
"X4442301090600","X4","44","2009-01-23T06:00:00.000","2009-01-23T06:58:00.000","74","V","HO"
"X4502301090600","X4","50","2009-01-23T06:00:00.000","2009-01-23T06:58:00.000","2.2","V","HO"
"X4362301090600","X4","36","2009-01-23T06:00:00.000",,"0","V","HO"
"X4322301090700","X4","32","2009-01-23T07:00:00.000",,"11.9","V","HO"
"X4332301090700","X4","33","2009-01-23T07:00:00.000",,"73","V","HO"
"X4342301090700","X4","34","2009-01-23T07:00:00.000",,"995","V","HO"
"X4352301090700","X4","35","2009-01-23T07:00:00.000",,"0","V","HO"
"X4362301090700","X4","36","2009-01-23T07:00:00.000",,"13","V","HO"
"X4402301090700","X4","40","2009-01-23T07:00:00.000","2009-01-23T07:48:00.000","12.1","V","HO"
"X4422301090700","X4","42","2009-01-23T07:00:00.000","2009-01-23T07:00:00.000","11.5","V","HO"
"X4442301090700","X4","44","2009-01-23T07:00:00.000","2009-01-23T07:58:00.000","72","V","HO"
"X4512301090700","X4","51","2009-01-23T07:00:00.000",,"248","V","HO"
"X4502301090700","X4","50","2009-01-23T07:00:00.000","2009-01-23T07:51:00.000","3.4","V","HO"
"X4322301090800","X4","32","2009-01-23T08:00:00.000",,"12.6","V","HO"
"X4332301090800","X4","33","2009-01-23T08:00:00.000",,"72","V","HO"
"X4342301090800","X4","34","2009-01-23T08:00:00.000",,"994","V","HO"
"X4352301090800","X4","35","2009-01-23T08:00:00.000",,"0","V","HO"
"X4512301090800","X4","51","2009-01-23T08:00:00.000",,"237","V","HO"
"X4402301090800","X4","40","2009-01-23T08:00:00.000","2009-01-23T08:58:00.000","13.2","V","HO"
"X4422301090800","X4","42","2009-01-23T08:00:00.000","2009-01-23T08:00:00.000","12.1","V","HO"
"X4442301090800","X4","44","2009-01-23T08:00:00.000","2009-01-23T08:55:00.000","70","V","HO"
"X4502301090800","X4","50","2009-01-23T08:00:00.000","2009-01-23T08:44:00.000","3.3","V","HO"
"X4362301090800","X4","36","2009-01-23T08:00:00.000",,"102","V","HO"
"X4322301090900","X4","32","2009-01-23T09:00:00.000",,"13.9","V","HO"
"X4332301090900","X4","33","2009-01-23T09:00:00.000",,"71","V","HO"
"X4342301090900","X4","34","2009-01-23T09:00:00.000",,"994","V","HO"
"X4352301090900","X4","35","2009-01-23T09:00:00.000",,"0","V","HO"
"X4512301090900","X4","51","2009-01-23T09:00:00.000",,"253","V","HO"
"X4402301090900","X4","40","2009-01-23T09:00:00.000","2009-01-23T09:58:00.000","14.4","V","HO"
"X4422301090900","X4","42","2009-01-23T09:00:00.000","2009-01-23T09:00:00.000","13.2","V","HO"
"X4442301090900","X4","44","2009-01-23T09:00:00.000","2009-01-23T09:58:00.000","70","V","HO"
"X4502301090900","X4","50","2009-01-23T09:00:00.000","2009-01-23T09:53:00.000","4.3","V","HO"
"X4362301090900","X4","36","2009-01-23T09:00:00.000",,"153","V","HO"
"X4322301091000","X4","32","2009-01-23T10:00:00.000",,"15.4","V","HO"
"X4332301091000","X4","33","2009-01-23T10:00:00.000",,"68","V","HO"
"X4342301091000","X4","34","2009-01-23T10:00:00.000",,"994","V","HO"
"X4352301091000","X4","35","2009-01-23T10:00:00.000",,"0","V","HO"
"X4512301091000","X4","51","2009-01-23T10:00:00.000",,"247","V","HO"
"X4402301091000","X4","40","2009-01-23T10:00:00.000","2009-01-23T10:58:00.000","16.3","V","HO"
"X4422301091000","X4","42","2009-01-23T10:00:00.000","2009-01-23T10:00:00.000","14.5","V","HO"
"X4442301091000","X4","44","2009-01-23T10:00:00.000","2009-01-23T10:56:00.000","66","V","HO"
"X4502301091000","X4","50","2009-01-23T10:00:00.000","2009-01-23T10:37:00.000","5.7","V","HO"
"X4362301091000","X4","36","2009-01-23T10:00:00.000",,"287","V","HO"
"X4322301091100","X4","32","2009-01-23T11:00:00.000",,"17.7","V","HO"
"X4332301091100","X4","33","2009-01-23T11:00:00.000",,"61","V","HO"
"X4342301091100","X4","34","2009-01-23T11:00:00.000",,"993","V","HO"
"X4352301091100","X4","35","2009-01-23T11:00:00.000",,"0","V","HO"
"X4512301091100","X4","51","2009-01-23T11:00:00.000",,"281","V","HO"
"X4402301091100","X4","40","2009-01-23T11:00:00.000","2009-01-23T11:58:00.000","19.3","V","HO"
"X4422301091100","X4","42","2009-01-23T11:00:00.000","2009-01-23T11:00:00.000","16.4","V","HO"
"X4442301091100","X4","44","2009-01-23T11:00:00.000","2009-01-23T11:58:00.000","54","V","HO"
"X4502301091100","X4","50","2009-01-23T11:00:00.000","2009-01-23T11:54:00.000","7.6","V","HO"
"X4362301091100","X4","36","2009-01-23T11:00:00.000",,"382","V","HO"
"X4332301091200","X4","33","2009-01-23T12:00:00.000",,"48","V","HO"
"X4342301091200","X4","34","2009-01-23T12:00:00.000",,"992","V","HO"
"X4352301091200","X4","35","2009-01-23T12:00:00.000",,"0","V","HO"
"X4362301091200","X4","36","2009-01-23T12:00:00.000",,"372","V","HO"
"X4442301091200","X4","44","2009-01-23T12:00:00.000","2009-01-23T12:58:00.000","45","V","HO"
"X4422301091200","X4","42","2009-01-23T12:00:00.000","2009-01-23T12:00:00.000","19.4","V","HO"
"X4322301091200","X4","32","2009-01-23T12:00:00.000",,"20.6","V","HO"
"X4512301091200","X4","51","2009-01-23T12:00:00.000",,"280","V","HO"
"X4502301091200","X4","50","2009-01-23T12:00:00.000","2009-01-23T12:36:00.000","13.6","V","HO"
"X4402301091200","X4","40","2009-01-23T12:00:00.000","2009-01-23T12:58:00.000","21.3","V","HO"
"X4502301091300","X4","50","2009-01-23T13:00:00.000","2009-01-23T13:10:00.000","13.8","V","HO"
"X4512301091300","X4","51","2009-01-23T13:00:00.000",,"308","V","HO"
"X4422301091300","X4","42","2009-01-23T13:00:00.000","2009-01-23T13:00:00.000","21.3","V","HO"
"X4442301091300","X4","44","2009-01-23T13:00:00.000","2009-01-23T13:57:00.000","43","V","HO"
"X4322301091300","X4","32","2009-01-23T13:00:00.000",,"21.4","V","HO"
"X4332301091300","X4","33","2009-01-23T13:00:00.000",,"44","V","HO"
"X4342301091300","X4","34","2009-01-23T13:00:00.000",,"992","V","HO"
"X4352301091300","X4","35","2009-01-23T13:00:00.000",,"0","V","HO"
"X4362301091300","X4","36","2009-01-23T13:00:00.000",,"321","V","HO"
"X4402301091300","X4","40","2009-01-23T13:00:00.000","2009-01-23T13:39:00.000","21.5","V","HO"
"X4322301091400","X4","32","2009-01-23T14:00:00.000",,"21","V","HO"
"X4332301091400","X4","33","2009-01-23T14:00:00.000",,"43","V","HO"
"X4342301091400","X4","34","2009-01-23T14:00:00.000",,"992","V","HO"
"X4352301091400","X4","35","2009-01-23T14:00:00.000",,"0","V","HO"
"X4512301091400","X4","51","2009-01-23T14:00:00.000",,"282","V","HO"
"X4402301091400","X4","40","2009-01-23T14:00:00.000","2009-01-23T14:00:00.000","21.4","V","HO"
"X4422301091400","X4","42","2009-01-23T14:00:00.000","2009-01-23T14:58:00.000","20.8","V","HO"
"X4442301091400","X4","44","2009-01-23T14:00:00.000","2009-01-23T14:05:00.000","43","V","HO"
"X4502301091400","X4","50","2009-01-23T14:00:00.000","2009-01-23T14:21:00.000","15.2","V","HO"
"X4362301091400","X4","36","2009-01-23T14:00:00.000",,"183","V","HO"
"X4512301091500","X4","51","2009-01-23T15:00:00.000",,"301","V","HO"
"X4322301091500","X4","32","2009-01-23T15:00:00.000",,"20.7","V","HO"
"X4332301091500","X4","33","2009-01-23T15:00:00.000",,"44","V","HO"
"X4342301091500","X4","34","2009-01-23T15:00:00.000",,"992","V","HO"
"X4502301091500","X4","50","2009-01-23T15:00:00.000","2009-01-23T15:12:00.000","16.7","V","HO"
"X4362301091500","X4","36","2009-01-23T15:00:00.000",,"88","V","HO"
"X4402301091500","X4","40","2009-01-23T15:00:00.000","2009-01-23T15:05:00.000","20.9","V","HO"
"X4422301091500","X4","42","2009-01-23T15:00:00.000","2009-01-23T15:58:00.000","20.5","V","HO"
"X4442301091500","X4","44","2009-01-23T15:00:00.000","2009-01-23T15:05:00.000","43","V","HO"
"X4352301091500","X4","35","2009-01-23T15:00:00.000",,"0","V","HO"
"X4512301091600","X4","51","2009-01-23T16:00:00.000",,"302","V","HO"
"X4322301091600","X4","32","2009-01-23T16:00:00.000",,"20.3","V","HO"
"X4332301091600","X4","33","2009-01-23T16:00:00.000",,"46","V","HO"
"X4342301091600","X4","34","2009-01-23T16:00:00.000",,"992","V","HO"
"X4352301091600","X4","35","2009-01-23T16:00:00.000",,"0","V","HO"
"X4362301091600","X4","36","2009-01-23T16:00:00.000",,"10","V","HO"
"X4402301091600","X4","40","2009-01-23T16:00:00.000","2009-01-23T16:03:00.000","20.5","V","HO"
"X4422301091600","X4","42","2009-01-23T16:00:00.000","2009-01-23T16:55:00.000","20.1","V","HO"
"X4442301091600","X4","44","2009-01-23T16:00:00.000","2009-01-23T16:02:00.000","45","V","HO"
"X4502301091600","X4","50","2009-01-23T16:00:00.000","2009-01-23T16:24:00.000","16.8","V","HO"
"X4502301091700","X4","50","2009-01-23T17:00:00.000","2009-01-23T17:04:00.000","13.5","V","HO"
"X4512301091700","X4","51","2009-01-23T17:00:00.000",,"290","V","HO"
"X4322301091700","X4","32","2009-01-23T17:00:00.000",,"20","V","HO"
"X4332301091700","X4","33","2009-01-23T17:00:00.000",,"48","V","HO"
"X4442301091700","X4","44","2009-01-23T17:00:00.000","2009-01-23T17:00:00.000","47","V","HO"
"X4352301091700","X4","35","2009-01-23T17:00:00.000",,"0","V","HO"
"X4362301091700","X4","36","2009-01-23T17:00:00.000",,"0","V","HO"
"X4402301091700","X4","40","2009-01-23T17:00:00.000","2009-01-23T17:00:00.000","20.1","V","HO"
"X4422301091700","X4","42","2009-01-23T17:00:00.000","2009-01-23T17:57:00.000","19.9","V","HO"
"X4342301091700","X4","34","2009-01-23T17:00:00.000",,"993","V","HO"
"X4502301091800","X4","50","2009-01-23T18:00:00.000","2009-01-23T18:00:00.000","11.6","V","HO"
"X4512301091800","X4","51","2009-01-23T18:00:00.000",,"295","V","HO"
"X4322301091800","X4","32","2009-01-23T18:00:00.000",,"19.6","V","HO"
"X4332301091800","X4","33","2009-01-23T18:00:00.000",,"48","V","HO"
"X4442301091800","X4","44","2009-01-23T18:00:00.000","2009-01-23T18:01:00.000","48","V","HO"
"X4352301091800","X4","35","2009-01-23T18:00:00.000",,"0","V","HO"
"X4362301091800","X4","36","2009-01-23T18:00:00.000",,"0","V","HO"
"X4402301091800","X4","40","2009-01-23T18:00:00.000","2009-01-23T18:00:00.000","19.8","V","HO"
"X4422301091800","X4","42","2009-01-23T18:00:00.000","2009-01-23T18:57:00.000","19.4","V","HO"
"X4342301091800","X4","34","2009-01-23T18:00:00.000",,"993","V","HO"
"X4402301091900","X4","40","2009-01-23T19:00:00.000","2009-01-23T19:00:00.000","19.4","V","HO"
"X4422301091900","X4","42","2009-01-23T19:00:00.000","2009-01-23T19:58:00.000","18.6","V","HO"
"X4442301091900","X4","44","2009-01-23T19:00:00.000","2009-01-23T19:00:00.000","50","V","HO"
"X4502301091900","X4","50","2009-01-23T19:00:00.000","2009-01-23T19:02:00.000","12","V","HO"
"X4362301091900","X4","36","2009-01-23T19:00:00.000",,"0","V","HO"
"X4322301091900","X4","32","2009-01-23T19:00:00.000",,"18.9","V","HO"
"X4332301091900","X4","33","2009-01-23T19:00:00.000",,"52","V","HO"
"X4342301091900","X4","34","2009-01-23T19:00:00.000",,"993","V","HO"
"X4352301091900","X4","35","2009-01-23T19:00:00.000",,"0","V","HO"
"X4512301091900","X4","51","2009-01-23T19:00:00.000",,"310","V","HO"
"X4342301092000","X4","34","2009-01-23T20:00:00.000",,"993","V","HO"
"X4352301092000","X4","35","2009-01-23T20:00:00.000",,"0","V","HO"
"X4362301092000","X4","36","2009-01-23T20:00:00.000",,"0","V","HO"
"X4402301092000","X4","40","2009-01-23T20:00:00.000","2009-01-23T20:00:00.000","18.5","V","HO"
"X4322301092000","X4","32","2009-01-23T20:00:00.000",,"18.2","V","HO"
"X4442301092000","X4","44","2009-01-23T20:00:00.000","2009-01-23T20:00:00.000","54","V","HO"
"X4502301092000","X4","50","2009-01-23T20:00:00.000","2009-01-23T20:07:00.000","6.6","V","HO"
"X4512301092000","X4","51","2009-01-23T20:00:00.000",,"277","V","HO"
"X4332301092000","X4","33","2009-01-23T20:00:00.000",,"56","V","HO"
"X4422301092000","X4","42","2009-01-23T20:00:00.000","2009-01-23T20:46:00.000","18","V","HO"
"X4502301092100","X4","50","2009-01-23T21:00:00.000","2009-01-23T21:54:00.000","5.7","V","HO"
"X4512301092100","X4","51","2009-01-23T21:00:00.000",,"262","V","HO"
"X4322301092100","X4","32","2009-01-23T21:00:00.000",,"17.7","V","HO"
"X4332301092100","X4","33","2009-01-23T21:00:00.000",,"57","V","HO"
"X4442301092100","X4","44","2009-01-23T21:00:00.000","2009-01-23T21:00:00.000","55","V","HO"
"X4352301092100","X4","35","2009-01-23T21:00:00.000",,"0","V","HO"
"X4362301092100","X4","36","2009-01-23T21:00:00.000",,"0","V","HO"
"X4402301092100","X4","40","2009-01-23T21:00:00.000","2009-01-23T21:00:00.000","18.1","V","HO"
"X4422301092100","X4","42","2009-01-23T21:00:00.000","2009-01-23T21:52:00.000","17.4","V","HO"
"X4342301092100","X4","34","2009-01-23T21:00:00.000",,"993","V","HO"
"X4512301092200","X4","51","2009-01-23T22:00:00.000",,"265","V","HO"
"X4322301092200","X4","32","2009-01-23T22:00:00.000",,"17.5","V","HO"
"X4332301092200","X4","33","2009-01-23T22:00:00.000",,"58","V","HO"
"X4342301092200","X4","34","2009-01-23T22:00:00.000",,"991","V","HO"
"X4352301092200","X4","35","2009-01-23T22:00:00.000",,"0","V","HO"
"X4362301092200","X4","36","2009-01-23T22:00:00.000",,"0","V","HO"
"X4402301092200","X4","40","2009-01-23T22:00:00.000","2009-01-23T22:19:00.000","17.8","V","HO"
"X4422301092200","X4","42","2009-01-23T22:00:00.000","2009-01-23T22:58:00.000","16.7","V","HO"
"X4442301092200","X4","44","2009-01-23T22:00:00.000","2009-01-23T22:24:00.000","56","V","HO"
"X4502301092200","X4","50","2009-01-23T22:00:00.000","2009-01-23T22:09:00.000","8.2","V","HO"
"X4352301092300","X4","35","2009-01-23T23:00:00.000",,"0","V","HO"
"X4362301092300","X4","36","2009-01-23T23:00:00.000",,"0","V","HO"
"X4402301092300","X4","40","2009-01-23T23:00:00.000","2009-01-23T23:00:00.000","16.7","V","HO"
"X4422301092300","X4","42","2009-01-23T23:00:00.000","2009-01-23T23:44:00.000","16.2","V","HO"
"X4442301092300","X4","44","2009-01-23T23:00:00.000","2009-01-23T23:58:00.000","62","V","HO"
"X4022301092300","X4","2","2009-01-23T23:00:00.000","2009-01-23T23:50:00.000","990","V","HO"
"X4512301092300","X4","51","2009-01-23T23:00:00.000",,"238","V","HO"
"X4342301092300","X4","34","2009-01-23T23:00:00.000",,"990","V","HO"
"X4322301092300","X4","32","2009-01-23T23:00:00.000",,"16.4","V","HO"
"X4332301092300","X4","33","2009-01-23T23:00:00.000",,"64","V","HO"
"X4502301092300","X4","50","2009-01-23T23:00:00.000","2009-01-23T23:38:00.000","8.9","V","HO"
"X4322401090000","X4","32","2009-01-24T00:00:00.000",,"16.7","V","HO"
"X4332401090000","X4","33","2009-01-24T00:00:00.000",,"58","V","HO"
"X4342401090000","X4","34","2009-01-24T00:00:00.000",,"989","V","HO"
"X4352401090000","X4","35","2009-01-24T00:00:00.000",,"0","V","HO"
"X4362401090000","X4","36","2009-01-24T00:00:00.000",,"0","V","HO"
"X4402401090000","X4","40","2009-01-24T00:00:00.000","2009-01-24T00:47:00.000","16.9","V","HO"
"X4422401090000","X4","42","2009-01-24T00:00:00.000","2009-01-24T00:00:00.000","16.4","V","HO"
"X4442401090000","X4","44","2009-01-24T00:00:00.000","2009-01-24T00:52:00.000","55","V","HO"
"X4502401090000","X4","50","2009-01-24T00:00:00.000","2009-01-24T00:01:00.000","8.3","V","HO"
"X4512401090000","X4","51","2009-01-24T00:00:00.000",,"265","V","HO"
"X4322401090100","X4","32","2009-01-24T01:00:00.000",,"16.5","V","HO"
"X4332401090100","X4","33","2009-01-24T01:00:00.000",,"57","V","HO"
"X4342401090100","X4","34","2009-01-24T01:00:00.000",,"988","V","HO"
"X4352401090100","X4","35","2009-01-24T01:00:00.000",,"0","V","HO"
"X4512401090100","X4","51","2009-01-24T01:00:00.000",,"224","V","HO"
"X4402401090100","X4","40","2009-01-24T01:00:00.000","2009-01-24T01:00:00.000","16.9","V","HO"
"X4422401090100","X4","42","2009-01-24T01:00:00.000","2009-01-24T01:36:00.000","16.1","V","HO"
"X4442401090100","X4","44","2009-01-24T01:00:00.000","2009-01-24T01:18:00.000","54","V","HO"
"X4502401090100","X4","50","2009-01-24T01:00:00.000","2009-01-24T01:20:00.000","8.7","V","HO"
"X4362401090100","X4","36","2009-01-24T01:00:00.000",,"0","V","HO"
"X4442401090200","X4","44","2009-01-24T02:00:00.000","2009-01-24T02:11:00.000","57","V","HO"
"X4502401090200","X4","50","2009-01-24T02:00:00.000","2009-01-24T02:52:00.000","8.6","V","HO"
"X4512401090200","X4","51","2009-01-24T02:00:00.000",,"248","V","HO"
"X4322401090200","X4","32","2009-01-24T02:00:00.000",,"15.7","V","HO"
"X4422401090200","X4","42","2009-01-24T02:00:00.000","2009-01-24T02:58:00.000","15.2","V","HO"
"X4342401090200","X4","34","2009-01-24T02:00:00.000",,"987","V","HO"
"X4352401090200","X4","35","2009-01-24T02:00:00.000",,"0","V","HO"
"X4362401090200","X4","36","2009-01-24T02:00:00.000",,"0","V","HO"
"X4402401090200","X4","40","2009-01-24T02:00:00.000","2009-01-24T02:00:00.000","16.3","V","HO"
"X4332401090200","X4","33","2009-01-24T02:00:00.000",,"63","V","HO"
"X4322401090300","X4","32","2009-01-24T03:00:00.000",,"15.5","V","HO"
"X4332401090300","X4","33","2009-01-24T03:00:00.000",,"63","V","HO"
"X4342401090300","X4","34","2009-01-24T03:00:00.000",,"985","V","HO"
"X4352401090300","X4","35","2009-01-24T03:00:00.000",,"0","V","HO"
"X4512401090300","X4","51","2009-01-24T03:00:00.000",,"264","V","HO"
"X4402401090300","X4","40","2009-01-24T03:00:00.000","2009-01-24T03:55:00.000","15.7","V","HO"
"X4422401090300","X4","42","2009-01-24T03:00:00.000","2009-01-24T03:00:00.000","15.2","V","HO"
"X4442401090300","X4","44","2009-01-24T03:00:00.000","2009-01-24T03:55:00.000","60","V","HO"
"X4502401090300","X4","50","2009-01-24T03:00:00.000","2009-01-24T03:09:00.000","8.9","V","HO"
"X4362401090300","X4","36","2009-01-24T03:00:00.000",,"0","V","HO"
"X4402401090400","X4","40","2009-01-24T04:00:00.000","2009-01-24T04:58:00.000","17","V","HO"
"X4422401090400","X4","42","2009-01-24T04:00:00.000","2009-01-24T04:05:00.000","15.6","V","HO"
"X4442401090400","X4","44","2009-01-24T04:00:00.000","2009-01-24T04:58:00.000","44","V","HO"
"X4502401090400","X4","50","2009-01-24T04:00:00.000","2009-01-24T04:57:00.000","17.7","V","HO"
"X4362401090400","X4","36","2009-01-24T04:00:00.000",,"0","V","HO"
"X4322401090400","X4","32","2009-01-24T04:00:00.000",,"16.4","V","HO"
"X4332401090400","X4","33","2009-01-24T04:00:00.000",,"51","V","HO"
"X4342401090400","X4","34","2009-01-24T04:00:00.000",,"985","V","HO"
"X4352401090400","X4","35","2009-01-24T04:00:00.000",,"0","V","HO"
"X4512401090400","X4","51","2009-01-24T04:00:00.000",,"247","V","HO"
"X4322401090500","X4","32","2009-01-24T05:00:00.000",,"16.8","V","HO"
"X4332401090500","X4","33","2009-01-24T05:00:00.000",,"38","V","HO"
"X4342401090500","X4","34","2009-01-24T05:00:00.000",,"984","V","HO"
"X4352401090500","X4","35","2009-01-24T05:00:00.000",,"0","V","HO"
"X4512401090500","X4","51","2009-01-24T05:00:00.000",,"264","V","HO"
"X4402401090500","X4","40","2009-01-24T05:00:00.000","2009-01-24T05:00:00.000","17","V","HO"
"X4422401090500","X4","42","2009-01-24T05:00:00.000","2009-01-24T05:55:00.000","16.7","V","HO"
"X4442401090500","X4","44","2009-01-24T05:00:00.000","2009-01-24T05:57:00.000","31","V","HO"
"X4502401090500","X4","50","2009-01-24T05:00:00.000","2009-01-24T05:01:00.000","18.3","V","HO"
"X4362401090500","X4","36","2009-01-24T05:00:00.000",,"0","V","HO"
"X4322401090600","X4","32","2009-01-24T06:00:00.000",,"16.4","V","HO"
"X4332401090600","X4","33","2009-01-24T06:00:00.000",,"30","V","HO"
"X4342401090600","X4","34","2009-01-24T06:00:00.000",,"984","V","HO"
"X4352401090600","X4","35","2009-01-24T06:00:00.000",,"0","V","HO"
"X4512401090600","X4","51","2009-01-24T06:00:00.000",,"319","V","HO"
"X4402401090600","X4","40","2009-01-24T06:00:00.000","2009-01-24T06:02:00.000","16.8","V","HO"
"X4422401090600","X4","42","2009-01-24T06:00:00.000","2009-01-24T06:57:00.000","16","V","HO"
"X4502401090600","X4","50","2009-01-24T06:00:00.000","2009-01-24T06:11:00.000","22.6","V","HO"
"X4442401090600","X4","44","2009-01-24T06:00:00.000","2009-01-24T06:58:00.000","28","V","HO"
"X4362401090600","X4","36","2009-01-24T06:00:00.000",,"0","V","HO"
"X4322401090700","X4","32","2009-01-24T07:00:00.000",,"15.7","V","HO"
"X4332401090700","X4","33","2009-01-24T07:00:00.000",,"28","V","HO"
"X4342401090700","X4","34","2009-01-24T07:00:00.000",,"985","V","HO"
"X4352401090700","X4","35","2009-01-24T07:00:00.000",,"0","V","HO"
"X4512401090700","X4","51","2009-01-24T07:00:00.000",,"301","V","HO"
"X4402401090700","X4","40","2009-01-24T07:00:00.000","2009-01-24T07:00:00.000","16","V","HO"
"X4422401090700","X4","42","2009-01-24T07:00:00.000","2009-01-24T07:58:00.000","15.4","V","HO"
"X4442401090700","X4","44","2009-01-24T07:00:00.000","2009-01-24T07:16:00.000","27","V","HO"
"X4502401090700","X4","50","2009-01-24T07:00:00.000","2009-01-24T07:03:00.000","22.1","V","HO"
"X4362401090700","X4","36","2009-01-24T07:00:00.000",,"36","V","HO"
"X4322401090800","X4","32","2009-01-24T08:00:00.000",,"15.1","V","HO"
"X4332401090800","X4","33","2009-01-24T08:00:00.000",,"30","V","HO"
"X4342401090800","X4","34","2009-01-24T08:00:00.000",,"986","V","HO"
"X4352401090800","X4","35","2009-01-24T08:00:00.000",,"0","V","HO"
"X4512401090800","X4","51","2009-01-24T08:00:00.000",,"285","V","HO"
"X4402401090800","X4","40","2009-01-24T08:00:00.000","2009-01-24T08:00:00.000","15.4","V","HO"
"X4422401090800","X4","42","2009-01-24T08:00:00.000","2009-01-24T08:58:00.000","14.9","V","HO"
"X4442401090800","X4","44","2009-01-24T08:00:00.000","2009-01-24T08:00:00.000","29","V","HO"
"X4502401090800","X4","50","2009-01-24T08:00:00.000","2009-01-24T08:54:00.000","24.9","V","HO"
"X4362401090800","X4","36","2009-01-24T08:00:00.000",,"183","V","HO"
"X4322401090900","X4","32","2009-01-24T09:00:00.000",,"15.1","V","HO"
"X4332401090900","X4","33","2009-01-24T09:00:00.000",,"30","V","HO"
"X4342401090900","X4","34","2009-01-24T09:00:00.000",,"984","V","HO"
"X4352401090900","X4","35","2009-01-24T09:00:00.000",,"0","V","HO"
"X4362401090900","X4","36","2009-01-24T09:00:00.000",,"348","V","HO"
"X4022401090900","X4","2","2009-01-24T09:00:00.000","2009-01-24T09:17:00.000","982","V","HO"
"X4422401090900","X4","42","2009-01-24T09:00:00.000","2009-01-24T09:01:00.000","14.8","V","HO"
"X4442401090900","X4","44","2009-01-24T09:00:00.000","2009-01-24T09:31:00.000","29","V","HO"
"X4502401090900","X4","50","2009-01-24T09:00:00.000","2009-01-24T09:24:00.000","27.3","V","HO"
"X4512401090900","X4","51","2009-01-24T09:00:00.000",,"266","V","HO"
"X4402401090900","X4","40","2009-01-24T09:00:00.000","2009-01-24T09:58:00.000","15.5","V","HO"
"X4502401091000","X4","50","2009-01-24T10:00:00.000","2009-01-24T10:30:00.000","16.2","V","HO"
"X4512401091000","X4","51","2009-01-24T10:00:00.000",,"302","V","HO"
"X4322401091000","X4","32","2009-01-24T10:00:00.000",,"15.3","V","HO"
"X4332401091000","X4","33","2009-01-24T10:00:00.000",,"30","V","HO"
"X4442401091000","X4","44","2009-01-24T10:00:00.000","2009-01-24T10:12:00.000","29","V","HO"
"X4352401091000","X4","35","2009-01-24T10:00:00.000",,"0","V","HO"
"X4362401091000","X4","36","2009-01-24T10:00:00.000",,"305","V","HO"
"X4402401091000","X4","40","2009-01-24T10:00:00.000","2009-01-24T10:28:00.000","15.7","V","HO"
"X4422401091000","X4","42","2009-01-24T10:00:00.000","2009-01-24T10:46:00.000","15","V","HO"
"X4342401091000","X4","34","2009-01-24T10:00:00.000",,"986","V","HO"
"X4442401091100","X4","44","2009-01-24T11:00:00.000","2009-01-24T11:17:00.000","29","V","HO"
"X4402401091100","X4","40","2009-01-24T11:00:00.000","2009-01-24T11:42:00.000","15.7","V","HO"
"X4512401091100","X4","51","2009-01-24T11:00:00.000",,"348","V","HO"
"X4502401091100","X4","50","2009-01-24T11:00:00.000","2009-01-24T11:10:00.000","17.8","V","HO"
"X4362401091100","X4","36","2009-01-24T11:00:00.000",,"497","V","HO"
"X4352401091100","X4","35","2009-01-24T11:00:00.000",,"0","V","HO"
"X4342401091100","X4","34","2009-01-24T11:00:00.000",,"988","V","HO"
"X4332401091100","X4","33","2009-01-24T11:00:00.000",,"30","V","HO"
"X4322401091100","X4","32","2009-01-24T11:00:00.000",,"15.3","V","HO"
"X4422401091100","X4","42","2009-01-24T11:00:00.000","2009-01-24T11:54:00.000","15.1","V","HO"
"X4502401091200","X4","50","2009-01-24T12:00:00.000","2009-01-24T12:10:00.000","21","V","HO"
"X4512401091200","X4","51","2009-01-24T12:00:00.000",,"287","V","HO"
"X4322401091200","X4","32","2009-01-24T12:00:00.000",,"14.8","V","HO"
"X4332401091200","X4","33","2009-01-24T12:00:00.000",,"33","V","HO"
"X4442401091200","X4","44","2009-01-24T12:00:00.000","2009-01-24T12:00:00.000","31","V","HO"
"X4352401091200","X4","35","2009-01-24T12:00:00.000",,"0","V","HO"
"X4362401091200","X4","36","2009-01-24T12:00:00.000",,"597","V","HO"
"X4402401091200","X4","40","2009-01-24T12:00:00.000","2009-01-24T12:00:00.000","15.3","V","HO"
"X4422401091200","X4","42","2009-01-24T12:00:00.000","2009-01-24T12:45:00.000","14.4","V","HO"
"X4342401091200","X4","34","2009-01-24T12:00:00.000",,"988","V","HO"
"X4422401091300","X4","42","2009-01-24T13:00:00.000","2009-01-24T13:58:00.000","13.4","V","HO"
"X4442401091300","X4","44","2009-01-24T13:00:00.000","2009-01-24T13:06:00.000","33","V","HO"
"X4402401091300","X4","40","2009-01-24T13:00:00.000","2009-01-24T13:06:00.000","14.8","V","HO"
"X4362401091300","X4","36","2009-01-24T13:00:00.000",,"260","V","HO"
"X4352401091300","X4","35","2009-01-24T13:00:00.000",,"0","V","HO"
"X4322401091300","X4","32","2009-01-24T13:00:00.000",,"14","V","HO"
"X4332401091300","X4","33","2009-01-24T13:00:00.000",,"36","V","HO"
"X4342401091300","X4","34","2009-01-24T13:00:00.000",,"988","V","HO"
"X4512401091300","X4","51","2009-01-24T13:00:00.000",,"331","V","HO"
"X4502401091300","X4","50","2009-01-24T13:00:00.000","2009-01-24T13:07:00.000","19","V","HO"
"X4342401091400","X4","34","2009-01-24T14:00:00.000",,"989","V","HO"
"X4322401091400","X4","32","2009-01-24T14:00:00.000",,"13.1","V","HO"
"X4512401091400","X4","51","2009-01-24T14:00:00.000",,"281","V","HO"
"X4502401091400","X4","50","2009-01-24T14:00:00.000","2009-01-24T14:32:00.000","19.1","V","HO"
"X4442401091400","X4","44","2009-01-24T14:00:00.000","2009-01-24T14:00:00.000","37","V","HO"
"X4422401091400","X4","42","2009-01-24T14:00:00.000","2009-01-24T14:58:00.000","12.8","V","HO"
"X4402401091400","X4","40","2009-01-24T14:00:00.000","2009-01-24T14:07:00.000","13.5","V","HO"
"X4362401091400","X4","36","2009-01-24T14:00:00.000",,"147","V","HO"
"X4352401091400","X4","35","2009-01-24T14:00:00.000",,"0","V","HO"
"X4332401091400","X4","33","2009-01-24T14:00:00.000",,"39","V","HO"
"X4322401091500","X4","32","2009-01-24T15:00:00.000",,"12.8","V","HO"
"X4332401091500","X4","33","2009-01-24T15:00:00.000",,"41","V","HO"
"X4342401091500","X4","34","2009-01-24T15:00:00.000",,"990","V","HO"
"X4352401091500","X4","35","2009-01-24T15:00:00.000",,"0","V","HO"
"X4512401091500","X4","51","2009-01-24T15:00:00.000",,"308","V","HO"
"X4402401091500","X4","40","2009-01-24T15:00:00.000","2009-01-24T15:21:00.000","13","V","HO"
"X4422401091500","X4","42","2009-01-24T15:00:00.000","2009-01-24T15:56:00.000","12.5","V","HO"
"X4442401091500","X4","44","2009-01-24T15:00:00.000","2009-01-24T15:22:00.000","40","V","HO"
"X4502401091500","X4","50","2009-01-24T15:00:00.000","2009-01-24T15:34:00.000","17.1","V","HO"
"X4362401091500","X4","36","2009-01-24T15:00:00.000",,"195","V","HO"
"X4352401091600","X4","35","2009-01-24T16:00:00.000",,"0","V","HO"
"X4362401091600","X4","36","2009-01-24T16:00:00.000",,"57","V","HO"
"X4402401091600","X4","40","2009-01-24T16:00:00.000","2009-01-24T16:00:00.000","12.6","V","HO"
"X4422401091600","X4","42","2009-01-24T16:00:00.000","2009-01-24T16:56:00.000","11.8","V","HO"
"X4342401091600","X4","34","2009-01-24T16:00:00.000",,"992","V","HO"
"X4502401091600","X4","50","2009-01-24T16:00:00.000","2009-01-24T16:12:00.000","16.8","V","HO"
"X4512401091600","X4","51","2009-01-24T16:00:00.000",,"295","V","HO"
"X4322401091600","X4","32","2009-01-24T16:00:00.000",,"12.3","V","HO"
"X4332401091600","X4","33","2009-01-24T16:00:00.000",,"43","V","HO"
"X4442401091600","X4","44","2009-01-24T16:00:00.000","2009-01-24T16:08:00.000","41","V","HO"
"X4512401091700","X4","51","2009-01-24T17:00:00.000",,"282","V","HO"
"X4502401091700","X4","50","2009-01-24T17:00:00.000","2009-01-24T17:05:00.000","16.8","V","HO"
"X4442401091700","X4","44","2009-01-24T17:00:00.000","2009-01-24T17:57:00.000","44","V","HO"
"X4422401091700","X4","42","2009-01-24T17:00:00.000","2009-01-24T17:58:00.000","11.6","V","HO"
"X4402401091700","X4","40","2009-01-24T17:00:00.000","2009-01-24T17:00:00.000","11.8","V","HO"
"X4362401091700","X4","36","2009-01-24T17:00:00.000",,"0","V","HO"
"X4342401091700","X4","34","2009-01-24T17:00:00.000",,"993","V","HO"
"X4332401091700","X4","33","2009-01-24T17:00:00.000",,"44","V","HO"
"X4322401091700","X4","32","2009-01-24T17:00:00.000",,"11.7","V","HO"
"X4352401091700","X4","35","2009-01-24T17:00:00.000",,"0","V","HO"
"X4322401091800","X4","32","2009-01-24T18:00:00.000",,"11.5","V","HO"
"X4332401091800","X4","33","2009-01-24T18:00:00.000",,"44","V","HO"
"X4342401091800","X4","34","2009-01-24T18:00:00.000",,"995","V","HO"
"X4352401091800","X4","35","2009-01-24T18:00:00.000",,"0","V","HO"
"X4512401091800","X4","51","2009-01-24T18:00:00.000",,"324","V","HO"
"X4402401091800","X4","40","2009-01-24T18:00:00.000","2009-01-24T18:33:00.000","11.6","V","HO"
"X4422401091800","X4","42","2009-01-24T18:00:00.000","2009-01-24T18:58:00.000","11.5","V","HO"
"X4442401091800","X4","44","2009-01-24T18:00:00.000","2009-01-24T18:37:00.000","43","V","HO"
"X4502401091800","X4","50","2009-01-24T18:00:00.000","2009-01-24T18:01:00.000","16.8","V","HO"
"X4362401091800","X4","36","2009-01-24T18:00:00.000",,"0","V","HO"
"X4332401091900","X4","33","2009-01-24T19:00:00.000",,"43","V","HO"
"X4342401091900","X4","34","2009-01-24T19:00:00.000",,"996","V","HO"
"X4512401091900","X4","51","2009-01-24T19:00:00.000",,"294","V","HO"
"X4502401091900","X4","50","2009-01-24T19:00:00.000","2009-01-24T19:30:00.000","15.9","V","HO"
"X4442401091900","X4","44","2009-01-24T19:00:00.000","2009-01-24T19:31:00.000","43","V","HO"
"X4422401091900","X4","42","2009-01-24T19:00:00.000","2009-01-24T19:58:00.000","11.1","V","HO"
"X4402401091900","X4","40","2009-01-24T19:00:00.000","2009-01-24T19:00:00.000","11.5","V","HO"
"X4322401091900","X4","32","2009-01-24T19:00:00.000",,"11.3","V","HO"
"X4362401091900","X4","36","2009-01-24T19:00:00.000",,"0","V","HO"
"X4352401091900","X4","35","2009-01-24T19:00:00.000",,"0","V","HO"
"X4322401092000","X4","32","2009-01-24T20:00:00.000",,"11","V","HO"
"X4332401092000","X4","33","2009-01-24T20:00:00.000",,"43","V","HO"
"X4342401092000","X4","34","2009-01-24T20:00:00.000",,"997","V","HO"
"X4352401092000","X4","35","2009-01-24T20:00:00.000",,"0","V","HO"
"X4512401092000","X4","51","2009-01-24T20:00:00.000",,"313","V","HO"
"X4402401092000","X4","40","2009-01-24T20:00:00.000","2009-01-24T20:12:00.000","11.1","V","HO"
"X4422401092000","X4","42","2009-01-24T20:00:00.000","2009-01-24T20:58:00.000","10.8","V","HO"
"X4442401092000","X4","44","2009-01-24T20:00:00.000","2009-01-24T20:24:00.000","43","V","HO"
"X4502401092000","X4","50","2009-01-24T20:00:00.000","2009-01-24T20:50:00.000","14.6","V","HO"
"X4362401092000","X4","36","2009-01-24T20:00:00.000",,"0","V","HO"
"X4322401092100","X4","32","2009-01-24T21:00:00.000",,"10.5","V","HO"
"X4332401092100","X4","33","2009-01-24T21:00:00.000",,"46","V","HO"
"X4342401092100","X4","34","2009-01-24T21:00:00.000",,"998","V","HO"
"X4352401092100","X4","35","2009-01-24T21:00:00.000",,"0","V","HO"
"X4512401092100","X4","51","2009-01-24T21:00:00.000",,"317","V","HO"
"X4402401092100","X4","40","2009-01-24T21:00:00.000","2009-01-24T21:00:00.000","10.8","V","HO"
"X4422401092100","X4","42","2009-01-24T21:00:00.000","2009-01-24T21:44:00.000","10.3","V","HO"
"X4502401092100","X4","50","2009-01-24T21:00:00.000","2009-01-24T21:46:00.000","14.5","V","HO"
"X4442401092100","X4","44","2009-01-24T21:00:00.000","2009-01-24T21:00:00.000","44","V","HO"
"X4362401092100","X4","36","2009-01-24T21:00:00.000",,"0","V","HO"
"X4322401092200","X4","32","2009-01-24T22:00:00.000",,"10.2","V","HO"
"X4332401092200","X4","33","2009-01-24T22:00:00.000",,"44","V","HO"
"X4342401092200","X4","34","2009-01-24T22:00:00.000",,"999","V","HO"
"X4352401092200","X4","35","2009-01-24T22:00:00.000",,"0","V","HO"
"X4512401092200","X4","51","2009-01-24T22:00:00.000",,"319","V","HO"
"X4402401092200","X4","40","2009-01-24T22:00:00.000","2009-01-24T22:13:00.000","10.4","V","HO"
"X4422401092200","X4","42","2009-01-24T22:00:00.000","2009-01-24T22:57:00.000","10","V","HO"
"X4442401092200","X4","44","2009-01-24T22:00:00.000","2009-01-24T22:10:00.000","43","V","HO"
"X4502401092200","X4","50","2009-01-24T22:00:00.000","2009-01-24T22:02:00.000","14.8","V","HO"
"X4362401092200","X4","36","2009-01-24T22:00:00.000",,"0","V","HO"
"X4012401092300","X4","1","2009-01-24T23:00:00.000","2009-01-24T23:28:00.000","1000","V","HO"
"X4322401092300","X4","32","2009-01-24T23:00:00.000",,"9.7","V","HO"
"X4332401092300","X4","33","2009-01-24T23:00:00.000",,"47","V","HO"
"X4342401092300","X4","34","2009-01-24T23:00:00.000",,"999","V","HO"
"X4352401092300","X4","35","2009-01-24T23:00:00.000",,"0","V","HO"
"X4362401092300","X4","36","2009-01-24T23:00:00.000",,"0","V","HO"
"X4402401092300","X4","40","2009-01-24T23:00:00.000","2009-01-24T23:00:00.000","10","V","HO"
"X4422401092300","X4","42","2009-01-24T23:00:00.000","2009-01-24T23:44:00.000","9.6","V","HO"
"X4442401092300","X4","44","2009-01-24T23:00:00.000","2009-01-24T23:00:00.000","45","V","HO"
"X4502401092300","X4","50","2009-01-24T23:00:00.000","2009-01-24T23:21:00.000","15.3","V","HO"
"X4512401092300","X4","51","2009-01-24T23:00:00.000",,"303","V","HO"
"X4322501090000","X4","32","2009-01-25T00:00:00.000",,"9.7","V","HO"
"X4332501090000","X4","33","2009-01-25T00:00:00.000",,"46","V","HO"
"X4342501090000","X4","34","2009-01-25T00:00:00.000",,"1000","V","HO"
"X4352501090000","X4","35","2009-01-25T00:00:00.000",,"0","V","HO"
"X4512501090000","X4","51","2009-01-25T00:00:00.000",,"311","V","HO"
"X4402501090000","X4","40","2009-01-25T00:00:00.000","2009-01-25T00:12:00.000","9.8","V","HO"
"X4422501090000","X4","42","2009-01-25T00:00:00.000","2009-01-25T00:42:00.000","9.6","V","HO"
"X4442501090000","X4","44","2009-01-25T00:00:00.000","2009-01-25T00:11:00.000","45","V","HO"
"X4502501090000","X4","50","2009-01-25T00:00:00.000","2009-01-25T00:05:00.000","11.6","V","HO"
"X4362501090000","X4","36","2009-01-25T00:00:00.000",,"0","V","HO"
"X4012501090100","X4","1","2009-01-25T01:00:00.000","2009-01-25T01:54:00.000","1001","V","HO"
"X4322501090100","X4","32","2009-01-25T01:00:00.000",,"9.8","V","HO"
"X4332501090100","X4","33","2009-01-25T01:00:00.000",,"45","V","HO"
"X4342501090100","X4","34","2009-01-25T01:00:00.000",,"1000","V","HO"
"X4352501090100","X4","35","2009-01-25T01:00:00.000",,"0","V","HO"
"X4512501090100","X4","51","2009-01-25T01:00:00.000",,"322","V","HO"
"X4402501090100","X4","40","2009-01-25T01:00:00.000","2009-01-25T01:55:00.000","10.1","V","HO"
"X4422501090100","X4","42","2009-01-25T01:00:00.000","2009-01-25T01:00:00.000","9.7","V","HO"
"X4442501090100","X4","44","2009-01-25T01:00:00.000","2009-01-25T01:47:00.000","44","V","HO"
"X4502501090100","X4","50","2009-01-25T01:00:00.000","2009-01-25T01:00:00.000","8.4","V","HO"
"X4362501090100","X4","36","2009-01-25T01:00:00.000",,"0","V","HO"
"X4332501090200","X4","33","2009-01-25T02:00:00.000",,"45","V","HO"
"X4342501090200","X4","34","2009-01-25T02:00:00.000",,"1000","V","HO"
"X4352501090200","X4","35","2009-01-25T02:00:00.000",,"0","V","HO"
"X4362501090200","X4","36","2009-01-25T02:00:00.000",,"0","V","HO"
"X4402501090200","X4","40","2009-01-25T02:00:00.000","2009-01-25T02:14:00.000","10.1","V","HO"
"X4422501090200","X4","42","2009-01-25T02:00:00.000","2009-01-25T02:53:00.000","9.9","V","HO"
"X4442501090200","X4","44","2009-01-25T02:00:00.000","2009-01-25T02:13:00.000","44","V","HO"
"X4502501090200","X4","50","2009-01-25T02:00:00.000","2009-01-25T02:06:00.000","5.5","V","HO"
"X4512501090200","X4","51","2009-01-25T02:00:00.000",,"330","V","HO"
"X4322501090200","X4","32","2009-01-25T02:00:00.000",,"10","V","HO"
"X4322501090300","X4","32","2009-01-25T03:00:00.000",,"10","V","HO"
"X4332501090300","X4","33","2009-01-25T03:00:00.000",,"46","V","HO"
"X4342501090300","X4","34","2009-01-25T03:00:00.000",,"999","V","HO"
"X4362501090300","X4","36","2009-01-25T03:00:00.000",,"0","V","HO"
"X4352501090300","X4","35","2009-01-25T03:00:00.000",,"0","V","HO"
"X4422501090300","X4","42","2009-01-25T03:00:00.000","2009-01-25T03:15:00.000","9.9","V","HO"
"X4442501090300","X4","44","2009-01-25T03:00:00.000","2009-01-25T03:48:00.000","45","V","HO"
"X4502501090300","X4","50","2009-01-25T03:00:00.000","2009-01-25T03:41:00.000","7.1","V","HO"
"X4512501090300","X4","51","2009-01-25T03:00:00.000",,"305","V","HO"
"X4402501090300","X4","40","2009-01-25T03:00:00.000","2009-01-25T03:54:00.000","10.3","V","HO"
"X4332501090400","X4","33","2009-01-25T04:00:00.000",,"45","V","HO"
"X4342501090400","X4","34","2009-01-25T04:00:00.000",,"999","V","HO"
"X4352501090400","X4","35","2009-01-25T04:00:00.000",,"0","V","HO"
"X4362501090400","X4","36","2009-01-25T04:00:00.000",,"0","V","HO"
"X4322501090400","X4","32","2009-01-25T04:00:00.000",,"10.1","V","HO"
"X4422501090400","X4","42","2009-01-25T04:00:00.000","2009-01-25T04:44:00.000","10","V","HO"
"X4442501090400","X4","44","2009-01-25T04:00:00.000","2009-01-25T04:58:00.000","43","V","HO"
"X4502501090400","X4","50","2009-01-25T04:00:00.000","2009-01-25T04:45:00.000","7.5","V","HO"
"X4512501090400","X4","51","2009-01-25T04:00:00.000",,"333","V","HO"
"X4402501090400","X4","40","2009-01-25T04:00:00.000","2009-01-25T04:58:00.000","10.5","V","HO"
"X4362501090500","X4","36","2009-01-25T05:00:00.000",,"0","V","HO"
"X4402501090500","X4","40","2009-01-25T05:00:00.000","2009-01-25T05:01:00.000","10.6","V","HO"
"X4422501090500","X4","42","2009-01-25T05:00:00.000","2009-01-25T05:36:00.000","10.1","V","HO"
"X4442501090500","X4","44","2009-01-25T05:00:00.000","2009-01-25T05:01:00.000","43","V","HO"
"X4352501090500","X4","35","2009-01-25T05:00:00.000",,"0","V","HO"
"X4512501090500","X4","51","2009-01-25T05:00:00.000",,"278","V","HO"
"X4322501090500","X4","32","2009-01-25T05:00:00.000",,"10.3","V","HO"
"X4332501090500","X4","33","2009-01-25T05:00:00.000",,"44","V","HO"
"X4342501090500","X4","34","2009-01-25T05:00:00.000",,"998","V","HO"
"X4502501090500","X4","50","2009-01-25T05:00:00.000","2009-01-25T05:10:00.000","6","V","HO"
"X4512501090600","X4","51","2009-01-25T06:00:00.000",,"236","V","HO"
"X4322501090600","X4","32","2009-01-25T06:00:00.000",,"10.3","V","HO"
"X4332501090600","X4","33","2009-01-25T06:00:00.000",,"44","V","HO"
"X4342501090600","X4","34","2009-01-25T06:00:00.000",,"998","V","HO"
"X4502501090600","X4","50","2009-01-25T06:00:00.000","2009-01-25T06:27:00.000","7.6","V","HO"
"X4362501090600","X4","36","2009-01-25T06:00:00.000",,"0","V","HO"
"X4402501090600","X4","40","2009-01-25T06:00:00.000","2009-01-25T06:28:00.000","10.4","V","HO"
"X4422501090600","X4","42","2009-01-25T06:00:00.000","2009-01-25T06:57:00.000","10","V","HO"
"X4442501090600","X4","44","2009-01-25T06:00:00.000","2009-01-25T06:29:00.000","44","V","HO"
"X4352501090600","X4","35","2009-01-25T06:00:00.000",,"0","V","HO"
"X4322501090700","X4","32","2009-01-25T07:00:00.000",,"9.9","V","HO"
"X4332501090700","X4","33","2009-01-25T07:00:00.000",,"46","V","HO"
"X4342501090700","X4","34","2009-01-25T07:00:00.000",,"998","V","HO"
"X4352501090700","X4","35","2009-01-25T07:00:00.000",,"0","V","HO"
"X4512501090700","X4","51","2009-01-25T07:00:00.000",,"298","V","HO"
"X4402501090700","X4","40","2009-01-25T07:00:00.000","2009-01-25T07:00:00.000","10","V","HO"
"X4422501090700","X4","42","2009-01-25T07:00:00.000","2009-01-25T07:44:00.000","9.7","V","HO"
"X4442501090700","X4","44","2009-01-25T07:00:00.000","2009-01-25T07:00:00.000","45","V","HO"
"X4502501090700","X4","50","2009-01-25T07:00:00.000","2009-01-25T07:17:00.000","3.8","V","HO"
"X4362501090700","X4","36","2009-01-25T07:00:00.000",,"21","V","HO"
"X4322501090800","X4","32","2009-01-25T08:00:00.000",,"10.8","V","HO"
"X4332501090800","X4","33","2009-01-25T08:00:00.000",,"43","V","HO"
"X4342501090800","X4","34","2009-01-25T08:00:00.000",,"998","V","HO"
"X4352501090800","X4","35","2009-01-25T08:00:00.000",,"0","V","HO"
"X4362501090800","X4","36","2009-01-25T08:00:00.000",,"187","V","HO"
"X4402501090800","X4","40","2009-01-25T08:00:00.000","2009-01-25T08:58:00.000","11.7","V","HO"
"X4422501090800","X4","42","2009-01-25T08:00:00.000","2009-01-25T08:00:00.000","10","V","HO"
"X4442501090800","X4","44","2009-01-25T08:00:00.000","2009-01-25T08:58:00.000","40","V","HO"
"X4502501090800","X4","50","2009-01-25T08:00:00.000","2009-01-25T08:43:00.000","6.6","V","HO"
"X4512501090800","X4","51","2009-01-25T08:00:00.000",,"268","V","HO"
"X4322501090900","X4","32","2009-01-25T09:00:00.000",,"12.2","V","HO"
"X4332501090900","X4","33","2009-01-25T09:00:00.000",,"38","V","HO"
"X4342501090900","X4","34","2009-01-25T09:00:00.000",,"997","V","HO"
"X4352501090900","X4","35","2009-01-25T09:00:00.000",,"0","V","HO"
"X4512501090900","X4","51","2009-01-25T09:00:00.000",,"281","V","HO"
"X4402501090900","X4","40","2009-01-25T09:00:00.000","2009-01-25T09:53:00.000","12.7","V","HO"
"X4422501090900","X4","42","2009-01-25T09:00:00.000","2009-01-25T09:00:00.000","11.7","V","HO"
"X4442501090900","X4","44","2009-01-25T09:00:00.000","2009-01-25T09:53:00.000","37","V","HO"
"X4502501090900","X4","50","2009-01-25T09:00:00.000","2009-01-25T09:37:00.000","8.5","V","HO"
"X4362501090900","X4","36","2009-01-25T09:00:00.000",,"344","V","HO"
"X4322501091000","X4","32","2009-01-25T10:00:00.000",,"13.2","V","HO"
"X4332501091000","X4","33","2009-01-25T10:00:00.000",,"35","V","HO"
"X4342501091000","X4","34","2009-01-25T10:00:00.000",,"996","V","HO"
"X4352501091000","X4","35","2009-01-25T10:00:00.000",,"0","V","HO"
"X4512501091000","X4","51","2009-01-25T10:00:00.000",,"277","V","HO"
"X4402501091000","X4","40","2009-01-25T10:00:00.000","2009-01-25T10:54:00.000","14","V","HO"
"X4422501091000","X4","42","2009-01-25T10:00:00.000","2009-01-25T10:00:00.000","12.7","V","HO"
"X4442501091000","X4","44","2009-01-25T10:00:00.000","2009-01-25T10:55:00.000","33","V","HO"
"X4502501091000","X4","50","2009-01-25T10:00:00.000","2009-01-25T10:34:00.000","10","V","HO"
"X4362501091000","X4","36","2009-01-25T10:00:00.000",,"459","V","HO"
"X4352501091100","X4","35","2009-01-25T11:00:00.000",,"0","V","HO"
"X4362501091100","X4","36","2009-01-25T11:00:00.000",,"521","V","HO"
"X4402501091100","X4","40","2009-01-25T11:00:00.000","2009-01-25T11:58:00.000","15.1","V","HO"
"X4422501091100","X4","42","2009-01-25T11:00:00.000","2009-01-25T11:00:00.000","14","V","HO"
"X4342501091100","X4","34","2009-01-25T11:00:00.000",,"995","V","HO"
"X4502501091100","X4","50","2009-01-25T11:00:00.000","2009-01-25T11:25:00.000","9.7","V","HO"
"X4512501091100","X4","51","2009-01-25T11:00:00.000",,"263","V","HO"
"X4322501091100","X4","32","2009-01-25T11:00:00.000",,"14.5","V","HO"
"X4332501091100","X4","33","2009-01-25T11:00:00.000",,"32","V","HO"
"X4442501091100","X4","44","2009-01-25T11:00:00.000","2009-01-25T11:58:00.000","31","V","HO"
"X4322501091200","X4","32","2009-01-25T12:00:00.000",,"15.5","V","HO"
"X4332501091200","X4","33","2009-01-25T12:00:00.000",,"30","V","HO"
"X4342501091200","X4","34","2009-01-25T12:00:00.000",,"993","V","HO"
"X4352501091200","X4","35","2009-01-25T12:00:00.000",,"0","V","HO"
"X4512501091200","X4","51","2009-01-25T12:00:00.000",,"277","V","HO"
"X4402501091200","X4","40","2009-01-25T12:00:00.000","2009-01-25T12:48:00.000","15.9","V","HO"
"X4422501091200","X4","42","2009-01-25T12:00:00.000","2009-01-25T12:00:00.000","15.1","V","HO"
"X4442501091200","X4","44","2009-01-25T12:00:00.000","2009-01-25T12:55:00.000","30","V","HO"
"X4502501091200","X4","50","2009-01-25T12:00:00.000","2009-01-25T12:26:00.000","9.2","V","HO"
"X4362501091200","X4","36","2009-01-25T12:00:00.000",,"520","V","HO"
"X4352501091300","X4","35","2009-01-25T13:00:00.000",,"0","V","HO"
"X4362501091300","X4","36","2009-01-25T13:00:00.000",,"463","V","HO"
"X4402501091300","X4","40","2009-01-25T13:00:00.000","2009-01-25T13:51:00.000","16.6","V","HO"
"X4422501091300","X4","42","2009-01-25T13:00:00.000","2009-01-25T13:06:00.000","15.9","V","HO"
"X4342501091300","X4","34","2009-01-25T13:00:00.000",,"991","V","HO"
"X4502501091300","X4","50","2009-01-25T13:00:00.000","2009-01-25T13:00:00.000","9.4","V","HO"
"X4512501091300","X4","51","2009-01-25T13:00:00.000",,"254","V","HO"
"X4322501091300","X4","32","2009-01-25T13:00:00.000",,"16.2","V","HO"
"X4332501091300","X4","33","2009-01-25T13:00:00.000",,"30","V","HO"
"X4442501091300","X4","44","2009-01-25T13:00:00.000","2009-01-25T13:16:00.000","29","V","HO"
"X4322501091400","X4","32","2009-01-25T14:00:00.000",,"15.7","V","HO"
"X4332501091400","X4","33","2009-01-25T14:00:00.000",,"35","V","HO"
"X4342501091400","X4","34","2009-01-25T14:00:00.000",,"991","V","HO"
"X4352501091400","X4","35","2009-01-25T14:00:00.000",,"0","V","HO"
"X4442501091400","X4","44","2009-01-25T14:00:00.000","2009-01-25T14:02:00.000","30","V","HO"
"X4402501091400","X4","40","2009-01-25T14:00:00.000","2009-01-25T14:01:00.000","16.6","V","HO"
"X4422501091400","X4","42","2009-01-25T14:00:00.000","2009-01-25T14:58:00.000","15","V","HO"
"X4502501091400","X4","50","2009-01-25T14:00:00.000","2009-01-25T14:36:00.000","10.4","V","HO"
"X4512501091400","X4","51","2009-01-25T14:00:00.000",,"240","V","HO"
"X4362501091400","X4","36","2009-01-25T14:00:00.000",,"345","V","HO"
"X4322501091500","X4","32","2009-01-25T15:00:00.000",,"14.2","V","HO"
"X4332501091500","X4","33","2009-01-25T15:00:00.000",,"46","V","HO"
"X4342501091500","X4","34","2009-01-25T15:00:00.000",,"991","V","HO"
"X4352501091500","X4","35","2009-01-25T15:00:00.000",,"0","V","HO"
"X4512501091500","X4","51","2009-01-25T15:00:00.000",,"257","V","HO"
"X4402501091500","X4","40","2009-01-25T15:00:00.000","2009-01-25T15:00:00.000","15","V","HO"
"X4422501091500","X4","42","2009-01-25T15:00:00.000","2009-01-25T15:58:00.000","13.4","V","HO"
"X4442501091500","X4","44","2009-01-25T15:00:00.000","2009-01-25T15:00:00.000","39","V","HO"
"X4502501091500","X4","50","2009-01-25T15:00:00.000","2009-01-25T15:04:00.000","9.8","V","HO"
"X4362501091500","X4","36","2009-01-25T15:00:00.000",,"176","V","HO"
"X4322501091600","X4","32","2009-01-25T16:00:00.000",,"12.6","V","HO"
"X4332501091600","X4","33","2009-01-25T16:00:00.000",,"58","V","HO"
"X4342501091600","X4","34","2009-01-25T16:00:00.000",,"991","V","HO"
"X4352501091600","X4","35","2009-01-25T16:00:00.000",,"0","V","HO"
"X4512501091600","X4","51","2009-01-25T16:00:00.000",,"274","V","HO"
"X4402501091600","X4","40","2009-01-25T16:00:00.000","2009-01-25T16:00:00.000","13.3","V","HO"
"X4422501091600","X4","42","2009-01-25T16:00:00.000","2009-01-25T16:58:00.000","12.3","V","HO"
"X4442501091600","X4","44","2009-01-25T16:00:00.000","2009-01-25T16:00:00.000","52","V","HO"
"X4502501091600","X4","50","2009-01-25T16:00:00.000","2009-01-25T16:07:00.000","9.6","V","HO"
"X4362501091600","X4","36","2009-01-25T16:00:00.000",,"24","V","HO"
"X4322501091700","X4","32","2009-01-25T17:00:00.000",,"12.2","V","HO"
"X4332501091700","X4","33","2009-01-25T17:00:00.000",,"58","V","HO"
"X4342501091700","X4","34","2009-01-25T17:00:00.000",,"991","V","HO"
"X4352501091700","X4","35","2009-01-25T17:00:00.000",,"0","V","HO"
"X4362501091700","X4","36","2009-01-25T17:00:00.000",,"0","V","HO"
"X4402501091700","X4","40","2009-01-25T17:00:00.000","2009-01-25T17:00:00.000","12.3","V","HO"
"X4422501091700","X4","42","2009-01-25T17:00:00.000","2009-01-25T17:58:00.000","12.1","V","HO"
"X4442501091700","X4","44","2009-01-25T17:00:00.000","2009-01-25T17:46:00.000","55","V","HO"
"X4502501091700","X4","50","2009-01-25T17:00:00.000","2009-01-25T17:27:00.000","6.8","V","HO"
"X4512501091700","X4","51","2009-01-25T17:00:00.000",,"288","V","HO"
"X4322501091800","X4","32","2009-01-25T18:00:00.000",,"12.1","V","HO"
"X4332501091800","X4","33","2009-01-25T18:00:00.000",,"53","V","HO"
"X4342501091800","X4","34","2009-01-25T18:00:00.000",,"991","V","HO"
"X4352501091800","X4","35","2009-01-25T18:00:00.000",,"0","V","HO"
"X4362501091800","X4","36","2009-01-25T18:00:00.000",,"0","V","HO"
"X4402501091800","X4","40","2009-01-25T18:00:00.000","2009-01-25T18:22:00.000","12.2","V","HO"
"X4422501091800","X4","42","2009-01-25T18:00:00.000","2009-01-25T18:57:00.000","11.9","V","HO"
"X4442501091800","X4","44","2009-01-25T18:00:00.000","2009-01-25T18:31:00.000","49","V","HO"
"X4502501091800","X4","50","2009-01-25T18:00:00.000","2009-01-25T18:27:00.000","6.1","V","HO"
"X4512501091800","X4","51","2009-01-25T18:00:00.000",,"244","V","HO"
"X4322501091900","X4","32","2009-01-25T19:00:00.000",,"11.7","V","HO"
"X4332501091900","X4","33","2009-01-25T19:00:00.000",,"55","V","HO"
"X4342501091900","X4","34","2009-01-25T19:00:00.000",,"991","V","HO"
"X4352501091900","X4","35","2009-01-25T19:00:00.000",,"0","V","HO"
"X4362501091900","X4","36","2009-01-25T19:00:00.000",,"0","V","HO"
"X4402501091900","X4","40","2009-01-25T19:00:00.000","2009-01-25T19:00:00.000","11.9","V","HO"
"X4422501091900","X4","42","2009-01-25T19:00:00.000","2009-01-25T19:44:00.000","11.6","V","HO"
"X4442501091900","X4","44","2009-01-25T19:00:00.000","2009-01-25T19:00:00.000","53","V","HO"
"X4502501091900","X4","50","2009-01-25T19:00:00.000","2009-01-25T19:49:00.000","4.8","V","HO"
"X4512501091900","X4","51","2009-01-25T19:00:00.000",,"240","V","HO"
"X4022501092000","X4","2","2009-01-25T20:00:00.000","2009-01-25T20:04:00.000","990","V","HO"
"X4322501092000","X4","32","2009-01-25T20:00:00.000",,"11.9","V","HO"
"X4332501092000","X4","33","2009-01-25T20:00:00.000",,"52","V","HO"
"X4342501092000","X4","34","2009-01-25T20:00:00.000",,"991","V","HO"
"X4352501092000","X4","35","2009-01-25T20:00:00.000",,"0","V","HO"
"X4512501092000","X4","51","2009-01-25T20:00:00.000",,"299","V","HO"
"X4402501092000","X4","40","2009-01-25T20:00:00.000","2009-01-25T20:22:00.000","12","V","HO"
"X4422501092000","X4","42","2009-01-25T20:00:00.000","2009-01-25T20:00:00.000","11.7","V","HO"
"X4442501092000","X4","44","2009-01-25T20:00:00.000","2009-01-25T20:50:00.000","51","V","HO"
"X4502501092000","X4","50","2009-01-25T20:00:00.000","2009-01-25T20:10:00.000","6.5","V","HO"
"X4362501092000","X4","36","2009-01-25T20:00:00.000",,"0","V","HO"
"X4512501092100","X4","51","2009-01-25T21:00:00.000",,"327","V","HO"
"X4502501092100","X4","50","2009-01-25T21:00:00.000","2009-01-25T21:21:00.000","6.5","V","HO"
"X4442501092100","X4","44","2009-01-25T21:00:00.000","2009-01-25T21:00:00.000","51","V","HO"
"X4422501092100","X4","42","2009-01-25T21:00:00.000","2009-01-25T21:57:00.000","11","V","HO"
"X4402501092100","X4","40","2009-01-25T21:00:00.000","2009-01-25T21:00:00.000","11.8","V","HO"
"X4362501092100","X4","36","2009-01-25T21:00:00.000",,"0","V","HO"
"X4352501092100","X4","35","2009-01-25T21:00:00.000",,"0","V","HO"
"X4342501092100","X4","34","2009-01-25T21:00:00.000",,"991","V","HO"
"X4332501092100","X4","33","2009-01-25T21:00:00.000",,"52","V","HO"
"X4322501092100","X4","32","2009-01-25T21:00:00.000",,"11.4","V","HO"
"X4322501092200","X4","32","2009-01-25T22:00:00.000",,"10.7","V","HO"
"X4332501092200","X4","33","2009-01-25T22:00:00.000",,"54","V","HO"
"X4342501092200","X4","34","2009-01-25T22:00:00.000",,"991","V","HO"
"X4352501092200","X4","35","2009-01-25T22:00:00.000",,"0","V","HO"
"X4512501092200","X4","51","2009-01-25T22:00:00.000",,"283","V","HO"
"X4402501092200","X4","40","2009-01-25T22:00:00.000","2009-01-25T22:00:00.000","11","V","HO"
"X4422501092200","X4","42","2009-01-25T22:00:00.000","2009-01-25T22:58:00.000","10.2","V","HO"
"X4442501092200","X4","44","2009-01-25T22:00:00.000","2009-01-25T22:00:00.000","53","V","HO"
"X4502501092200","X4","50","2009-01-25T22:00:00.000","2009-01-25T22:58:00.000","9","V","HO"
"X4362501092200","X4","36","2009-01-25T22:00:00.000",,"0","V","HO"
"X4322501092300","X4","32","2009-01-25T23:00:00.000",,"9.6","V","HO"
"X4332501092300","X4","33","2009-01-25T23:00:00.000",,"54","V","HO"
"X4342501092300","X4","34","2009-01-25T23:00:00.000",,"991","V","HO"
"X4352501092300","X4","35","2009-01-25T23:00:00.000",,"0","V","HO"
"X4512501092300","X4","51","2009-01-25T23:00:00.000",,"301","V","HO"
"X4402501092300","X4","40","2009-01-25T23:00:00.000","2009-01-25T23:00:00.000","10.2","V","HO"
"X4422501092300","X4","42","2009-01-25T23:00:00.000","2009-01-25T23:58:00.000","9.1","V","HO"
"X4442501092300","X4","44","2009-01-25T23:00:00.000","2009-01-25T23:37:00.000","53","V","HO"
"X4502501092300","X4","50","2009-01-25T23:00:00.000","2009-01-25T23:36:00.000","11.6","V","HO"
"X4362501092300","X4","36","2009-01-25T23:00:00.000",,"0","V","HO"
"X4422601090000","X4","42","2009-01-26T00:00:00.000","2009-01-26T00:58:00.000","8.4","V","HO"
"X4442601090000","X4","44","2009-01-26T00:00:00.000","2009-01-26T00:00:00.000","54","V","HO"
"X4502601090000","X4","50","2009-01-26T00:00:00.000","2009-01-26T00:09:00.000","6.5","V","HO"
"X4512601090000","X4","51","2009-01-26T00:00:00.000",,"296","V","HO"
"X4332601090000","X4","33","2009-01-26T00:00:00.000",,"55","V","HO"
"X4022601090000","X4","2","2009-01-26T00:00:00.000","2009-01-26T00:02:00.000","991","V","HO"
"X4352601090000","X4","35","2009-01-26T00:00:00.000",,"0","V","HO"
"X4362601090000","X4","36","2009-01-26T00:00:00.000",,"0","V","HO"
"X4402601090000","X4","40","2009-01-26T00:00:00.000","2009-01-26T00:00:00.000","9","V","HO"
"X4322601090000","X4","32","2009-01-26T00:00:00.000",,"8.7","V","HO"
"X4342601090000","X4","34","2009-01-26T00:00:00.000",,"992","V","HO"
"X4342601090100","X4","34","2009-01-26T01:00:00.000",,"992","V","HO"
"X4352601090100","X4","35","2009-01-26T01:00:00.000",,"0","V","HO"
"X4362601090100","X4","36","2009-01-26T01:00:00.000",,"0","V","HO"
"X4402601090100","X4","40","2009-01-26T01:00:00.000","2009-01-26T01:09:00.000","8.6","V","HO"
"X4332601090100","X4","33","2009-01-26T01:00:00.000",,"56","V","HO"
"X4442601090100","X4","44","2009-01-26T01:00:00.000","2009-01-26T01:08:00.000","54","V","HO"
"X4502601090100","X4","50","2009-01-26T01:00:00.000","2009-01-26T01:12:00.000","9.4","V","HO"
"X4512601090100","X4","51","2009-01-26T01:00:00.000",,"316","V","HO"
"X4322601090100","X4","32","2009-01-26T01:00:00.000",,"8.4","V","HO"
"X4422601090100","X4","42","2009-01-26T01:00:00.000","2009-01-26T01:52:00.000","8.2","V","HO"
"X4322601090200","X4","32","2009-01-26T02:00:00.000",,"8.2","V","HO"
"X4332601090200","X4","33","2009-01-26T02:00:00.000",,"57","V","HO"
"X4342601090200","X4","34","2009-01-26T02:00:00.000",,"993","V","HO"
"X4352601090200","X4","35","2009-01-26T02:00:00.000",,"0","V","HO"
"X4512601090200","X4","51","2009-01-26T02:00:00.000",,"324","V","HO"
"X4402601090200","X4","40","2009-01-26T02:00:00.000","2009-01-26T02:07:00.000","8.2","V","HO"
"X4422601090200","X4","42","2009-01-26T02:00:00.000","2009-01-26T02:44:00.000","8.1","V","HO"
"X4442601090200","X4","44","2009-01-26T02:00:00.000","2009-01-26T02:38:00.000","57","V","HO"
"X4502601090200","X4","50","2009-01-26T02:00:00.000","2009-01-26T02:36:00.000","8.5","V","HO"
"X4362601090200","X4","36","2009-01-26T02:00:00.000",,"0","V","HO"
"X4322601090300","X4","32","2009-01-26T03:00:00.000",,"8.1","V","HO"
"X4332601090300","X4","33","2009-01-26T03:00:00.000",,"58","V","HO"
"X4342601090300","X4","34","2009-01-26T03:00:00.000",,"994","V","HO"
"X4352601090300","X4","35","2009-01-26T03:00:00.000",,"0","V","HO"
"X4512601090300","X4","51","2009-01-26T03:00:00.000",,"333","V","HO"
"X4402601090300","X4","40","2009-01-26T03:00:00.000","2009-01-26T03:37:00.000","8.2","V","HO"
"X4422601090300","X4","42","2009-01-26T03:00:00.000","2009-01-26T03:50:00.000","8","V","HO"
"X4442601090300","X4","44","2009-01-26T03:00:00.000","2009-01-26T03:30:00.000","57","V","HO"
"X4502601090300","X4","50","2009-01-26T03:00:00.000","2009-01-26T03:39:00.000","9.9","V","HO"
"X4362601090300","X4","36","2009-01-26T03:00:00.000",,"0","V","HO"
"X4502601090400","X4","50","2009-01-26T04:00:00.000","2009-01-26T04:57:00.000","8.9","V","HO"
"X4512601090400","X4","51","2009-01-26T04:00:00.000",,"318","V","HO"
"X4322601090400","X4","32","2009-01-26T04:00:00.000",,"8.1","V","HO"
"X4332601090400","X4","33","2009-01-26T04:00:00.000",,"56","V","HO"
"X4342601090400","X4","34","2009-01-26T04:00:00.000",,"994","V","HO"
"X4352601090400","X4","35","2009-01-26T04:00:00.000",,"0","V","HO"
"X4362601090400","X4","36","2009-01-26T04:00:00.000",,"0","V","HO"
"X4402601090400","X4","40","2009-01-26T04:00:00.000","2009-01-26T04:12:00.000","8.2","V","HO"
"X4422601090400","X4","42","2009-01-26T04:00:00.000","2009-01-26T04:37:00.000","8","V","HO"
"X4442601090400","X4","44","2009-01-26T04:00:00.000","2009-01-26T04:58:00.000","55","V","HO"
"X4322601090500","X4","32","2009-01-26T05:00:00.000",,"8.1","V","HO"
"X4332601090500","X4","33","2009-01-26T05:00:00.000",,"55","V","HO"
"X4342601090500","X4","34","2009-01-26T05:00:00.000",,"994","V","HO"
"X4352601090500","X4","35","2009-01-26T05:00:00.000",,"0","V","HO"
"X4512601090500","X4","51","2009-01-26T05:00:00.000",,"329","V","HO"
"X4402601090500","X4","40","2009-01-26T05:00:00.000","2009-01-26T05:05:00.000","8.1","V","HO"
"X4422601090500","X4","42","2009-01-26T05:00:00.000","2009-01-26T05:57:00.000","8","V","HO"
"X4442601090500","X4","44","2009-01-26T05:00:00.000","2009-01-26T05:56:00.000","54","V","HO"
"X4502601090500","X4","50","2009-01-26T05:00:00.000","2009-01-26T05:01:00.000","9.9","V","HO"
"X4362601090500","X4","36","2009-01-26T05:00:00.000",,"0","V","HO"
"X4322601090600","X4","32","2009-01-26T06:00:00.000",,"8","V","HO"
"X4332601090600","X4","33","2009-01-26T06:00:00.000",,"54","V","HO"
"X4342601090600","X4","34","2009-01-26T06:00:00.000",,"994","V","HO"
"X4352601090600","X4","35","2009-01-26T06:00:00.000",,"0","V","HO"
"X4512601090600","X4","51","2009-01-26T06:00:00.000",,"286","V","HO"
"X4402601090600","X4","40","2009-01-26T06:00:00.000","2009-01-26T06:00:00.000","8","V","HO"
"X4422601090600","X4","42","2009-01-26T06:00:00.000","2009-01-26T06:44:00.000","7.9","V","HO"
"X4442601090600","X4","44","2009-01-26T06:00:00.000","2009-01-26T06:46:00.000","54","V","HO"
"X4502601090600","X4","50","2009-01-26T06:00:00.000","2009-01-26T06:38:00.000","10.2","V","HO"
"X4362601090600","X4","36","2009-01-26T06:00:00.000",,"0","V","HO"
"X4422601090700","X4","42","2009-01-26T07:00:00.000","2009-01-26T07:11:00.000","7.9","V","HO"
"X4402601090700","X4","40","2009-01-26T07:00:00.000","2009-01-26T07:58:00.000","8.2","V","HO"
"X4442601090700","X4","44","2009-01-26T07:00:00.000","2009-01-26T07:58:00.000","52","V","HO"
"X4362601090700","X4","36","2009-01-26T07:00:00.000",,"35","V","HO"
"X4502601090700","X4","50","2009-01-26T07:00:00.000","2009-01-26T07:58:00.000","9.9","V","HO"
"X4342601090700","X4","34","2009-01-26T07:00:00.000",,"995","V","HO"
"X4332601090700","X4","33","2009-01-26T07:00:00.000",,"54","V","HO"
"X4322601090700","X4","32","2009-01-26T07:00:00.000",,"8","V","HO"
"X4512601090700","X4","51","2009-01-26T07:00:00.000",,"326","V","HO"
"X4352601090700","X4","35","2009-01-26T07:00:00.000",,"0","V","HO"
"X4362601090800","X4","36","2009-01-26T08:00:00.000",,"111","V","HO"
"X4402601090800","X4","40","2009-01-26T08:00:00.000","2009-01-26T08:14:00.000","8.8","V","HO"
"X4422601090800","X4","42","2009-01-26T08:00:00.000","2009-01-26T08:00:00.000","8.3","V","HO"
"X4442601090800","X4","44","2009-01-26T08:00:00.000","2009-01-26T08:15:00.000","50","V","HO"
"X4352601090800","X4","35","2009-01-26T08:00:00.000",,"0","V","HO"
"X4512601090800","X4","51","2009-01-26T08:00:00.000",,"328","V","HO"
"X4322601090800","X4","32","2009-01-26T08:00:00.000",,"8.6","V","HO"
"X4332601090800","X4","33","2009-01-26T08:00:00.000",,"50","V","HO"
"X4342601090800","X4","34","2009-01-26T08:00:00.000",,"995","V","HO"
"X4502601090800","X4","50","2009-01-26T08:00:00.000","2009-01-26T08:58:00.000","12.9","V","HO"
"X4362601090900","X4","36","2009-01-26T09:00:00.000",,"205","V","HO"
"X4502601090900","X4","50","2009-01-26T09:00:00.000","2009-01-26T09:55:00.000","13.4","V","HO"
"X4402601090900","X4","40","2009-01-26T09:00:00.000","2009-01-26T09:21:00.000","9.1","V","HO"
"X4422601090900","X4","42","2009-01-26T09:00:00.000","2009-01-26T09:00:00.000","8.6","V","HO"
"X4512601090900","X4","51","2009-01-26T09:00:00.000",,"314","V","HO"
"X4322601090900","X4","32","2009-01-26T09:00:00.000",,"8.9","V","HO"
"X4332601090900","X4","33","2009-01-26T09:00:00.000",,"49","V","HO"
"X4342601090900","X4","34","2009-01-26T09:00:00.000",,"995","V","HO"
"X4352601090900","X4","35","2009-01-26T09:00:00.000",,"0","V","HO"
"X4442601090900","X4","44","2009-01-26T09:00:00.000","2009-01-26T09:23:00.000","48","V","HO"
"X4442601091000","X4","44","2009-01-26T10:00:00.000","2009-01-26T10:54:00.000","46","V","HO"
"X4502601091000","X4","50","2009-01-26T10:00:00.000","2009-01-26T10:31:00.000","13.3","V","HO"
"X4512601091000","X4","51","2009-01-26T10:00:00.000",,"325","V","HO"
"X4322601091000","X4","32","2009-01-26T10:00:00.000",,"9.5","V","HO"
"X4422601091000","X4","42","2009-01-26T10:00:00.000","2009-01-26T10:00:00.000","9","V","HO"
"X4342601091000","X4","34","2009-01-26T10:00:00.000",,"996","V","HO"
"X4352601091000","X4","35","2009-01-26T10:00:00.000",,"0","V","HO"
"X4362601091000","X4","36","2009-01-26T10:00:00.000",,"252","V","HO"
"X4402601091000","X4","40","2009-01-26T10:00:00.000","2009-01-26T10:16:00.000","9.7","V","HO"
"X4332601091000","X4","33","2009-01-26T10:00:00.000",,"47","V","HO"
"X4322601091100","X4","32","2009-01-26T11:00:00.000",,"10.5","V","HO"
"X4332601091100","X4","33","2009-01-26T11:00:00.000",,"44","V","HO"
"X4342601091100","X4","34","2009-01-26T11:00:00.000",,"996","V","HO"
"X4352601091100","X4","35","2009-01-26T11:00:00.000",,"0","V","HO"
"X4512601091100","X4","51","2009-01-26T11:00:00.000",,"311","V","HO"
"X4402601091100","X4","40","2009-01-26T11:00:00.000","2009-01-26T11:48:00.000","11.1","V","HO"
"X4422601091100","X4","42","2009-01-26T11:00:00.000","2009-01-26T11:00:00.000","9.7","V","HO"
"X4442601091100","X4","44","2009-01-26T11:00:00.000","2009-01-26T11:49:00.000","42","V","HO"
"X4502601091100","X4","50","2009-01-26T11:00:00.000","2009-01-26T11:09:00.000","12.5","V","HO"
"X4362601091100","X4","36","2009-01-26T11:00:00.000",,"318","V","HO"
"X4442601091200","X4","44","2009-01-26T12:00:00.000","2009-01-26T12:58:00.000","37","V","HO"
"X4342601091200","X4","34","2009-01-26T12:00:00.000",,"995","V","HO"
"X4512601091200","X4","51","2009-01-26T12:00:00.000",,"295","V","HO"
"X4502601091200","X4","50","2009-01-26T12:00:00.000","2009-01-26T12:36:00.000","12.4","V","HO"
"X4352601091200","X4","35","2009-01-26T12:00:00.000",,"0","V","HO"
"X4362601091200","X4","36","2009-01-26T12:00:00.000",,"512","V","HO"
"X4402601091200","X4","40","2009-01-26T12:00:00.000","2009-01-26T12:57:00.000","12.8","V","HO"
"X4422601091200","X4","42","2009-01-26T12:00:00.000","2009-01-26T12:00:00.000","10.9","V","HO"
"X4322601091200","X4","32","2009-01-26T12:00:00.000",,"12","V","HO"
"X4332601091200","X4","33","2009-01-26T12:00:00.000",,"39","V","HO"
"X4322601091300","X4","32","2009-01-26T13:00:00.000",,"13.2","V","HO"
"X4332601091300","X4","33","2009-01-26T13:00:00.000",,"36","V","HO"
"X4342601091300","X4","34","2009-01-26T13:00:00.000",,"995","V","HO"
"X4352601091300","X4","35","2009-01-26T13:00:00.000",,"0","V","HO"
"X4512601091300","X4","51","2009-01-26T13:00:00.000",,"320","V","HO"
"X4402601091300","X4","40","2009-01-26T13:00:00.000","2009-01-26T13:49:00.000","13.7","V","HO"
"X4422601091300","X4","42","2009-01-26T13:00:00.000","2009-01-26T13:00:00.000","12.7","V","HO"
"X4442601091300","X4","44","2009-01-26T13:00:00.000","2009-01-26T13:49:00.000","35","V","HO"
"X4502601091300","X4","50","2009-01-26T13:00:00.000","2009-01-26T13:00:00.000","11.8","V","HO"
"X4362601091300","X4","36","2009-01-26T13:00:00.000",,"476","V","HO"
"X4402601091400","X4","40","2009-01-26T14:00:00.000","2009-01-26T14:50:00.000","13.9","V","HO"
"X4442601091400","X4","44","2009-01-26T14:00:00.000","2009-01-26T14:55:00.000","34","V","HO"
"X4352601091400","X4","35","2009-01-26T14:00:00.000",,"0","V","HO"
"X4342601091400","X4","34","2009-01-26T14:00:00.000",,"996","V","HO"
"X4332601091400","X4","33","2009-01-26T14:00:00.000",,"35","V","HO"
"X4422601091400","X4","42","2009-01-26T14:00:00.000","2009-01-26T14:00:00.000","13.4","V","HO"
"X4362601091400","X4","36","2009-01-26T14:00:00.000",,"366","V","HO"
"X4502601091400","X4","50","2009-01-26T14:00:00.000","2009-01-26T14:05:00.000","13.7","V","HO"
"X4322601091400","X4","32","2009-01-26T14:00:00.000",,"13.7","V","HO"
"X4512601091400","X4","51","2009-01-26T14:00:00.000",,"311","V","HO"
"X4502601091500","X4","50","2009-01-26T15:00:00.000","2009-01-26T15:30:00.000","12.9","V","HO"
"X4512601091500","X4","51","2009-01-26T15:00:00.000",,"294","V","HO"
"X4322601091500","X4","32","2009-01-26T15:00:00.000",,"12.9","V","HO"
"X4332601091500","X4","33","2009-01-26T15:00:00.000",,"35","V","HO"
"X4442601091500","X4","44","2009-01-26T15:00:00.000","2009-01-26T15:01:00.000","34","V","HO"
"X4352601091500","X4","35","2009-01-26T15:00:00.000",,"0","V","HO"
"X4362601091500","X4","36","2009-01-26T15:00:00.000",,"210","V","HO"
"X4402601091500","X4","40","2009-01-26T15:00:00.000","2009-01-26T15:00:00.000","13.7","V","HO"
"X4422601091500","X4","42","2009-01-26T15:00:00.000","2009-01-26T15:58:00.000","12.2","V","HO"
"X4342601091500","X4","34","2009-01-26T15:00:00.000",,"996","V","HO"
"X4352601091600","X4","35","2009-01-26T16:00:00.000",,"0","V","HO"
"X4362601091600","X4","36","2009-01-26T16:00:00.000",,"42","V","HO"
"X4402601091600","X4","40","2009-01-26T16:00:00.000","2009-01-26T16:00:00.000","12.2","V","HO"
"X4322601091600","X4","32","2009-01-26T16:00:00.000",,"10.8","V","HO"
"X4332601091600","X4","33","2009-01-26T16:00:00.000",,"46","V","HO"
"X4342601091600","X4","34","2009-01-26T16:00:00.000",,"997","V","HO"
"X4422601091600","X4","42","2009-01-26T16:00:00.000","2009-01-26T16:58:00.000","9.7","V","HO"
"X4442601091600","X4","44","2009-01-26T16:00:00.000","2009-01-26T16:00:00.000","38","V","HO"
"X4502601091600","X4","50","2009-01-26T16:00:00.000","2009-01-26T16:33:00.000","14.3","V","HO"
"X4512601091600","X4","51","2009-01-26T16:00:00.000",,"310","V","HO"
"X4442601091700","X4","44","2009-01-26T17:00:00.000","2009-01-26T17:00:00.000","52","V","HO"
"X4502601091700","X4","50","2009-01-26T17:00:00.000","2009-01-26T17:30:00.000","10.2","V","HO"
"X4512601091700","X4","51","2009-01-26T17:00:00.000",,"309","V","HO"
"X4322601091700","X4","32","2009-01-26T17:00:00.000",,"9.5","V","HO"
"X4422601091700","X4","42","2009-01-26T17:00:00.000","2009-01-26T17:58:00.000","9.3","V","HO"
"X4342601091700","X4","34","2009-01-26T17:00:00.000",,"997","V","HO"
"X4352601091700","X4","35","2009-01-26T17:00:00.000",,"0","V","HO"
"X4362601091700","X4","36","2009-01-26T17:00:00.000",,"0","V","HO"
"X4402601091700","X4","40","2009-01-26T17:00:00.000","2009-01-26T17:00:00.000","9.7","V","HO"
"X4332601091700","X4","33","2009-01-26T17:00:00.000",,"53","V","HO"
"X4322601091800","X4","32","2009-01-26T18:00:00.000",,"9.1","V","HO"
"X4332601091800","X4","33","2009-01-26T18:00:00.000",,"56","V","HO"
"X4342601091800","X4","34","2009-01-26T18:00:00.000",,"998","V","HO"
"X4352601091800","X4","35","2009-01-26T18:00:00.000",,"0","V","HO"
"X4512601091800","X4","51","2009-01-26T18:00:00.000",,"336","V","HO"
"X4402601091800","X4","40","2009-01-26T18:00:00.000","2009-01-26T18:00:00.000","9.3","V","HO"
"X4422601091800","X4","42","2009-01-26T18:00:00.000","2009-01-26T18:54:00.000","8.9","V","HO"
"X4442601091800","X4","44","2009-01-26T18:00:00.000","2009-01-26T18:00:00.000","55","V","HO"
"X4502601091800","X4","50","2009-01-26T18:00:00.000","2009-01-26T18:09:00.000","10.3","V","HO"
"X4362601091800","X4","36","2009-01-26T18:00:00.000",,"0","V","HO"
"X4422601091900","X4","42","2009-01-26T19:00:00.000","2009-01-26T19:55:00.000","8.6","V","HO"
"X4502601091900","X4","50","2009-01-26T19:00:00.000","2009-01-26T19:58:00.000","4","V","HO"
"X4352601091900","X4","35","2009-01-26T19:00:00.000",,"0","V","HO"
"X4342601091900","X4","34","2009-01-26T19:00:00.000",,"999","V","HO"
"X4332601091900","X4","33","2009-01-26T19:00:00.000",,"58","V","HO"
"X4322601091900","X4","32","2009-01-26T19:00:00.000",,"8.7","V","HO"
"X4442601091900","X4","44","2009-01-26T19:00:00.000","2009-01-26T19:00:00.000","57","V","HO"
"X4402601091900","X4","40","2009-01-26T19:00:00.000","2009-01-26T19:00:00.000","8.9","V","HO"
"X4512601091900","X4","51","2009-01-26T19:00:00.000",,"8","V","HO"
"X4362601091900","X4","36","2009-01-26T19:00:00.000",,"0","V","HO"
"X4322601092000","X4","32","2009-01-26T20:00:00.000",,"8.4","V","HO"
"X4332601092000","X4","33","2009-01-26T20:00:00.000",,"58","V","HO"
"X4342601092000","X4","34","2009-01-26T20:00:00.000",,"1000","V","HO"
"X4352601092000","X4","35","2009-01-26T20:00:00.000",,"0","V","HO"
"X4512601092000","X4","51","2009-01-26T20:00:00.000",,"305","V","HO"
"X4402601092000","X4","40","2009-01-26T20:00:00.000","2009-01-26T20:00:00.000","8.6","V","HO"
"X4422601092000","X4","42","2009-01-26T20:00:00.000","2009-01-26T20:32:00.000","8.3","V","HO"
"X4442601092000","X4","44","2009-01-26T20:00:00.000","2009-01-26T20:00:00.000","58","V","HO"
"X4502601092000","X4","50","2009-01-26T20:00:00.000","2009-01-26T20:42:00.000","6.2","V","HO"
"X4362601092000","X4","36","2009-01-26T20:00:00.000",,"0","V","HO"
"X4322601092100","X4","32","2009-01-26T21:00:00.000",,"8.2","V","HO"
"X4512601092100","X4","51","2009-01-26T21:00:00.000",,"293","V","HO"
"X4502601092100","X4","50","2009-01-26T21:00:00.000","2009-01-26T21:17:00.000","7.2","V","HO"
"X4442601092100","X4","44","2009-01-26T21:00:00.000","2009-01-26T21:00:00.000","58","V","HO"
"X4422601092100","X4","42","2009-01-26T21:00:00.000","2009-01-26T21:57:00.000","8","V","HO"
"X4402601092100","X4","40","2009-01-26T21:00:00.000","2009-01-26T21:00:00.000","8.4","V","HO"
"X4362601092100","X4","36","2009-01-26T21:00:00.000",,"0","V","HO"
"X4352601092100","X4","35","2009-01-26T21:00:00.000",,"0","V","HO"
"X4342601092100","X4","34","2009-01-26T21:00:00.000",,"1001","V","HO"
"X4332601092100","X4","33","2009-01-26T21:00:00.000",,"59","V","HO"
"X4322601092200","X4","32","2009-01-26T22:00:00.000",,"8","V","HO"
"X4332601092200","X4","33","2009-01-26T22:00:00.000",,"60","V","HO"
"X4342601092200","X4","34","2009-01-26T22:00:00.000",,"1001","V","HO"
"X4352601092200","X4","35","2009-01-26T22:00:00.000",,"0","V","HO"
"X4512601092200","X4","51","2009-01-26T22:00:00.000",,"292","V","HO"
"X4402601092200","X4","40","2009-01-26T22:00:00.000","2009-01-26T22:38:00.000","8.1","V","HO"
"X4422601092200","X4","42","2009-01-26T22:00:00.000","2009-01-26T22:12:00.000","7.9","V","HO"
"X4442601092200","X4","44","2009-01-26T22:00:00.000","2009-01-26T22:33:00.000","59","V","HO"
"X4502601092200","X4","50","2009-01-26T22:00:00.000","2009-01-26T22:11:00.000","6.4","V","HO"
"X4362601092200","X4","36","2009-01-26T22:00:00.000",,"0","V","HO"
"X4012601092300","X4","1","2009-01-26T23:00:00.000","2009-01-26T23:05:00.000","1002","V","HO"
"X4322601092300","X4","32","2009-01-26T23:00:00.000",,"7.9","V","HO"
"X4332601092300","X4","33","2009-01-26T23:00:00.000",,"60","V","HO"
"X4342601092300","X4","34","2009-01-26T23:00:00.000",,"1001","V","HO"
"X4352601092300","X4","35","2009-01-26T23:00:00.000",,"0","V","HO"
"X4362601092300","X4","36","2009-01-26T23:00:00.000",,"0","V","HO"
"X4402601092300","X4","40","2009-01-26T23:00:00.000","2009-01-26T23:55:00.000","8","V","HO"
"X4422601092300","X4","42","2009-01-26T23:00:00.000","2009-01-26T23:14:00.000","7.9","V","HO"
"X4442601092300","X4","44","2009-01-26T23:00:00.000","2009-01-26T23:58:00.000","59","V","HO"
"X4502601092300","X4","50","2009-01-26T23:00:00.000","2009-01-26T23:04:00.000","4.5","V","HO"
"X4512601092300","X4","51","2009-01-26T23:00:00.000",,"191","V","HO"
"X4512701090000","X4","51","2009-01-27T00:00:00.000",,"117","V","HO"
"X4502701090000","X4","50","2009-01-27T00:00:00.000","2009-01-27T00:34:00.000","5","V","HO"
"X4442701090000","X4","44","2009-01-27T00:00:00.000","2009-01-27T00:14:00.000","59","V","HO"
"X4422701090000","X4","42","2009-01-27T00:00:00.000","2009-01-27T00:57:00.000","7.9","V","HO"
"X4322701090000","X4","32","2009-01-27T00:00:00.000",,"7.9","V","HO"
"X4362701090000","X4","36","2009-01-27T00:00:00.000",,"0","V","HO"
"X4352701090000","X4","35","2009-01-27T00:00:00.000",,"0","V","HO"
"X4342701090000","X4","34","2009-01-27T00:00:00.000",,"1001","V","HO"
"X4332701090000","X4","33","2009-01-27T00:00:00.000",,"59","V","HO"
"X4402701090000","X4","40","2009-01-27T00:00:00.000","2009-01-27T00:00:00.000","8","V","HO"
"X4322701090100","X4","32","2009-01-27T01:00:00.000",,"7.8","V","HO"
"X4332701090100","X4","33","2009-01-27T01:00:00.000",,"59","V","HO"
"X4342701090100","X4","34","2009-01-27T01:00:00.000",,"1001","V","HO"
"X4352701090100","X4","35","2009-01-27T01:00:00.000",,"0","V","HO"
"X4362701090100","X4","36","2009-01-27T01:00:00.000",,"0","V","HO"
"X4512701090100","X4","51","2009-01-27T01:00:00.000",,"325","V","HO"
"X4422701090100","X4","42","2009-01-27T01:00:00.000","2009-01-27T01:58:00.000","7.6","V","HO"
"X4022701090100","X4","2","2009-01-27T01:00:00.000","2009-01-27T01:36:00.000","1001","V","HO"
"X4442701090100","X4","44","2009-01-27T01:00:00.000","2009-01-27T01:35:00.000","57","V","HO"
"X4502701090100","X4","50","2009-01-27T01:00:00.000","2009-01-27T01:36:00.000","13.7","V","HO"
"X4402701090100","X4","40","2009-01-27T01:00:00.000","2009-01-27T01:34:00.000","7.9","V","HO"
"X4322701090200","X4","32","2009-01-27T02:00:00.000",,"7.5","V","HO"
"X4332701090200","X4","33","2009-01-27T02:00:00.000",,"60","V","HO"
"X4342701090200","X4","34","2009-01-27T02:00:00.000",,"1001","V","HO"
"X4352701090200","X4","35","2009-01-27T02:00:00.000",,"0","V","HO"
"X4512701090200","X4","51","2009-01-27T02:00:00.000",,"317","V","HO"
"X4402701090200","X4","40","2009-01-27T02:00:00.000","2009-01-27T02:03:00.000","7.6","V","HO"
"X4422701090200","X4","42","2009-01-27T02:00:00.000","2009-01-27T02:50:00.000","7.4","V","HO"
"X4442701090200","X4","44","2009-01-27T02:00:00.000","2009-01-27T02:58:00.000","59","V","HO"
"X4502701090200","X4","50","2009-01-27T02:00:00.000","2009-01-27T02:00:00.000","13.2","V","HO"
"X4362701090200","X4","36","2009-01-27T02:00:00.000",,"0","V","HO"
"X4322701090300","X4","32","2009-01-27T03:00:00.000",,"7.4","V","HO"
"X4332701090300","X4","33","2009-01-27T03:00:00.000",,"58","V","HO"
"X4342701090300","X4","34","2009-01-27T03:00:00.000",,"1001","V","HO"
"X4352701090300","X4","35","2009-01-27T03:00:00.000",,"0","V","HO"
"X4512701090300","X4","51","2009-01-27T03:00:00.000",,"307","V","HO"
"X4402701090300","X4","40","2009-01-27T03:00:00.000","2009-01-27T03:01:00.000","7.5","V","HO"
"X4422701090300","X4","42","2009-01-27T03:00:00.000","2009-01-27T03:14:00.000","7.3","V","HO"
"X4442701090300","X4","44","2009-01-27T03:00:00.000","2009-01-27T03:58:00.000","57","V","HO"
"X4502701090300","X4","50","2009-01-27T03:00:00.000","2009-01-27T03:25:00.000","13.3","V","HO"
"X4362701090300","X4","36","2009-01-27T03:00:00.000",,"0","V","HO"
"X4342701090400","X4","34","2009-01-27T04:00:00.000",,"1001","V","HO"
"X4352701090400","X4","35","2009-01-27T04:00:00.000",,"0","V","HO"
"X4362701090400","X4","36","2009-01-27T04:00:00.000",,"0","V","HO"
"X4402701090400","X4","40","2009-01-27T04:00:00.000","2009-01-27T04:48:00.000","7.6","V","HO"
"X4332701090400","X4","33","2009-01-27T04:00:00.000",,"55","V","HO"
"X4442701090400","X4","44","2009-01-27T04:00:00.000","2009-01-27T04:50:00.000","54","V","HO"
"X4502701090400","X4","50","2009-01-27T04:00:00.000","2009-01-27T04:37:00.000","12.5","V","HO"
"X4512701090400","X4","51","2009-01-27T04:00:00.000",,"315","V","HO"
"X4322701090400","X4","32","2009-01-27T04:00:00.000",,"7.5","V","HO"
"X4422701090400","X4","42","2009-01-27T04:00:00.000","2009-01-27T04:18:00.000","7.3","V","HO"
"X4512701090500","X4","51","2009-01-27T05:00:00.000",,"344","V","HO"
"X4322701090500","X4","32","2009-01-27T05:00:00.000",,"7.4","V","HO"
"X4332701090500","X4","33","2009-01-27T05:00:00.000",,"55","V","HO"
"X4342701090500","X4","34","2009-01-27T05:00:00.000",,"1002","V","HO"
"X4502701090500","X4","50","2009-01-27T05:00:00.000","2009-01-27T05:00:00.000","9.8","V","HO"
"X4362701090500","X4","36","2009-01-27T05:00:00.000",,"0","V","HO"
"X4402701090500","X4","40","2009-01-27T05:00:00.000","2009-01-27T05:00:00.000","7.5","V","HO"
"X4422701090500","X4","42","2009-01-27T05:00:00.000","2009-01-27T05:58:00.000","7.2","V","HO"
"X4442701090500","X4","44","2009-01-27T05:00:00.000","2009-01-27T05:00:00.000","54","V","HO"
"X4352701090500","X4","35","2009-01-27T05:00:00.000",,"0","V","HO"
"X4322701090600","X4","32","2009-01-27T06:00:00.000",,"7.2","V","HO"
"X4332701090600","X4","33","2009-01-27T06:00:00.000",,"55","V","HO"
"X4342701090600","X4","34","2009-01-27T06:00:00.000",,"1003","V","HO"
"X4352701090600","X4","35","2009-01-27T06:00:00.000",,"0","V","HO"
"X4512701090600","X4","51","2009-01-27T06:00:00.000",,"184","V","HO"
"X4402701090600","X4","40","2009-01-27T06:00:00.000","2009-01-27T06:00:00.000","7.2","V","HO"
"X4422701090600","X4","42","2009-01-27T06:00:00.000","2009-01-27T06:26:00.000","7.2","V","HO"
"X4442701090600","X4","44","2009-01-27T06:00:00.000","2009-01-27T06:51:00.000","55","V","HO"
"X4502701090600","X4","50","2009-01-27T06:00:00.000","2009-01-27T06:19:00.000","5.7","V","HO"
"X4362701090600","X4","36","2009-01-27T06:00:00.000",,"0","V","HO"
"X4512701090700","X4","51","2009-01-27T07:00:00.000",,"334","V","HO"
"X4502701090700","X4","50","2009-01-27T07:00:00.000","2009-01-27T07:40:00.000","4","V","HO"
"X4442701090700","X4","44","2009-01-27T07:00:00.000","2009-01-27T07:58:00.000","53","V","HO"
"X4422701090700","X4","42","2009-01-27T07:00:00.000","2009-01-27T07:32:00.000","7.1","V","HO"
"X4322701090700","X4","32","2009-01-27T07:00:00.000",,"7.3","V","HO"
"X4362701090700","X4","36","2009-01-27T07:00:00.000",,"33","V","HO"
"X4352701090700","X4","35","2009-01-27T07:00:00.000",,"0","V","HO"
"X4342701090700","X4","34","2009-01-27T07:00:00.000",,"1004","V","HO"
"X4332701090700","X4","33","2009-01-27T07:00:00.000",,"55","V","HO"
"X4402701090700","X4","40","2009-01-27T07:00:00.000","2009-01-27T07:58:00.000","7.9","V","HO"
"X4402701090800","X4","40","2009-01-27T08:00:00.000","2009-01-27T08:58:00.000","10.2","V","HO"
"X4362701090800","X4","36","2009-01-27T08:00:00.000",,"188","V","HO"
"X4352701090800","X4","35","2009-01-27T08:00:00.000",,"0","V","HO"
"X4342701090800","X4","34","2009-01-27T08:00:00.000",,"1004","V","HO"
"X4332701090800","X4","33","2009-01-27T08:00:00.000",,"48","V","HO"
"X4322701090800","X4","32","2009-01-27T08:00:00.000",,"9","V","HO"
"X4512701090800","X4","51","2009-01-27T08:00:00.000",,"82","V","HO"
"X4502701090800","X4","50","2009-01-27T08:00:00.000","2009-01-27T08:36:00.000","4.4","V","HO"
"X4442701090800","X4","44","2009-01-27T08:00:00.000","2009-01-27T08:58:00.000","44","V","HO"
"X4422701090800","X4","42","2009-01-27T08:00:00.000","2009-01-27T08:00:00.000","7.9","V","HO"
"X4322701090900","X4","32","2009-01-27T09:00:00.000",,"10.5","V","HO"
"X4332701090900","X4","33","2009-01-27T09:00:00.000",,"43","V","HO"
"X4342701090900","X4","34","2009-01-27T09:00:00.000",,"1005","V","HO"
"X4352701090900","X4","35","2009-01-27T09:00:00.000",,"0","V","HO"
"X4512701090900","X4","51","2009-01-27T09:00:00.000",,"287","V","HO"
"X4402701090900","X4","40","2009-01-27T09:00:00.000","2009-01-27T09:58:00.000","11","V","HO"
"X4422701090900","X4","42","2009-01-27T09:00:00.000","2009-01-27T09:28:00.000","10.1","V","HO"
"X4442701090900","X4","44","2009-01-27T09:00:00.000","2009-01-27T09:58:00.000","41","V","HO"
"X4502701090900","X4","50","2009-01-27T09:00:00.000","2009-01-27T09:40:00.000","5.3","V","HO"
"X4362701090900","X4","36","2009-01-27T09:00:00.000",,"342","V","HO"
"X4322701091000","X4","32","2009-01-27T10:00:00.000",,"11.9","V","HO"
"X4332701091000","X4","33","2009-01-27T10:00:00.000",,"38","V","HO"
"X4342701091000","X4","34","2009-01-27T10:00:00.000",,"1005","V","HO"
"X4352701091000","X4","35","2009-01-27T10:00:00.000",,"0","V","HO"
"X4512701091000","X4","51","2009-01-27T10:00:00.000",,"330","V","HO"
"X4402701091000","X4","40","2009-01-27T10:00:00.000","2009-01-27T10:58:00.000","12.8","V","HO"
"X4422701091000","X4","42","2009-01-27T10:00:00.000","2009-01-27T10:00:00.000","11.1","V","HO"
"X4442701091000","X4","44","2009-01-27T10:00:00.000","2009-01-27T10:42:00.000","36","V","HO"
"X4502701091000","X4","50","2009-01-27T10:00:00.000","2009-01-27T10:34:00.000","6.5","V","HO"
"X4362701091000","X4","36","2009-01-27T10:00:00.000",,"461","V","HO"
"X4332701091100","X4","33","2009-01-27T11:00:00.000",,"35","V","HO"
"X4342701091100","X4","34","2009-01-27T11:00:00.000",,"1004","V","HO"
"X4352701091100","X4","35","2009-01-27T11:00:00.000",,"0","V","HO"
"X4362701091100","X4","36","2009-01-27T11:00:00.000",,"525","V","HO"
"X4402701091100","X4","40","2009-01-27T11:00:00.000","2009-01-27T11:58:00.000","14.6","V","HO"
"X4422701091100","X4","42","2009-01-27T11:00:00.000","2009-01-27T11:04:00.000","12.7","V","HO"
"X4442701091100","X4","44","2009-01-27T11:00:00.000","2009-01-27T11:58:00.000","32","V","HO"
"X4502701091100","X4","50","2009-01-27T11:00:00.000","2009-01-27T11:42:00.000","6.4","V","HO"
"X4512701091100","X4","51","2009-01-27T11:00:00.000",,"344","V","HO"
"X4322701091100","X4","32","2009-01-27T11:00:00.000",,"13.5","V","HO"
"X4322701091200","X4","32","2009-01-27T12:00:00.000",,"15.2","V","HO"
"X4332701091200","X4","33","2009-01-27T12:00:00.000",,"31","V","HO"
"X4342701091200","X4","34","2009-01-27T12:00:00.000",,"1004","V","HO"
"X4352701091200","X4","35","2009-01-27T12:00:00.000",,"0","V","HO"
"X4512701091200","X4","51","2009-01-27T12:00:00.000",,"319","V","HO"
"X4402701091200","X4","40","2009-01-27T12:00:00.000","2009-01-27T12:35:00.000","15.6","V","HO"
"X4422701091200","X4","42","2009-01-27T12:00:00.000","2009-01-27T12:00:00.000","14.6","V","HO"
"X4442701091200","X4","44","2009-01-27T12:00:00.000","2009-01-27T12:56:00.000","29","V","HO"
"X4502701091200","X4","50","2009-01-27T12:00:00.000","2009-01-27T12:52:00.000","8.1","V","HO"
"X4362701091200","X4","36","2009-01-27T12:00:00.000",,"523","V","HO"
"X4512701091300","X4","51","2009-01-27T13:00:00.000",,"355","V","HO"
"X4322701091300","X4","32","2009-01-27T13:00:00.000",,"15.9","V","HO"
"X4332701091300","X4","33","2009-01-27T13:00:00.000",,"30","V","HO"
"X4342701091300","X4","34","2009-01-27T13:00:00.000",,"1003","V","HO"
"X4502701091300","X4","50","2009-01-27T13:00:00.000","2009-01-27T13:14:00.000","8.9","V","HO"
"X4362701091300","X4","36","2009-01-27T13:00:00.000",,"472","V","HO"
"X4402701091300","X4","40","2009-01-27T13:00:00.000","2009-01-27T13:58:00.000","16.3","V","HO"
"X4422701091300","X4","42","2009-01-27T13:00:00.000","2009-01-27T13:00:00.000","15.5","V","HO"
"X4442701091300","X4","44","2009-01-27T13:00:00.000","2009-01-27T13:27:00.000","28","V","HO"
"X4352701091300","X4","35","2009-01-27T13:00:00.000",,"0","V","HO"
"X4322701091400","X4","32","2009-01-27T14:00:00.000",,"16.2","V","HO"
"X4332701091400","X4","33","2009-01-27T14:00:00.000",,"30","V","HO"
"X4342701091400","X4","34","2009-01-27T14:00:00.000",,"1004","V","HO"
"X4352701091400","X4","35","2009-01-27T14:00:00.000",,"0","V","HO"
"X4512701091400","X4","51","2009-01-27T14:00:00.000",,"302","V","HO"
"X4402701091400","X4","40","2009-01-27T14:00:00.000","2009-01-27T14:17:00.000","16.6","V","HO"
"X4422701091400","X4","42","2009-01-27T14:00:00.000","2009-01-27T14:44:00.000","15.8","V","HO"
"X4442701091400","X4","44","2009-01-27T14:00:00.000","2009-01-27T14:00:00.000","30","V","HO"
"X4502701091400","X4","50","2009-01-27T14:00:00.000","2009-01-27T14:47:00.000","8","V","HO"
"X4362701091400","X4","36","2009-01-27T14:00:00.000",,"371","V","HO"
"X4442701091500","X4","44","2009-01-27T15:00:00.000","2009-01-27T15:03:00.000","31","V","HO"
"X4322701091500","X4","32","2009-01-27T15:00:00.000",,"15.9","V","HO"
"X4332701091500","X4","33","2009-01-27T15:00:00.000",,"32","V","HO"
"X4342701091500","X4","34","2009-01-27T15:00:00.000",,"1004","V","HO"
"X4352701091500","X4","35","2009-01-27T15:00:00.000",,"0","V","HO"
"X4362701091500","X4","36","2009-01-27T15:00:00.000",,"214","V","HO"
"X4402701091500","X4","40","2009-01-27T15:00:00.000","2009-01-27T15:00:00.000","16.1","V","HO"
"X4422701091500","X4","42","2009-01-27T15:00:00.000","2009-01-27T15:42:00.000","15.7","V","HO"
"X4502701091500","X4","50","2009-01-27T15:00:00.000","2009-01-27T15:00:00.000","7.8","V","HO"
"X4512701091500","X4","51","2009-01-27T15:00:00.000",,"311","V","HO"
"X4512701091600","X4","51","2009-01-27T16:00:00.000",,"291","V","HO"
"X4502701091600","X4","50","2009-01-27T16:00:00.000","2009-01-27T16:27:00.000","6.7","V","HO"
"X4442701091600","X4","44","2009-01-27T16:00:00.000","2009-01-27T16:00:00.000","33","V","HO"
"X4422701091600","X4","42","2009-01-27T16:00:00.000","2009-01-27T16:58:00.000","14.3","V","HO"
"X4352701091600","X4","35","2009-01-27T16:00:00.000",,"0","V","HO"
"X4342701091600","X4","34","2009-01-27T16:00:00.000",,"1005","V","HO"
"X4332701091600","X4","33","2009-01-27T16:00:00.000",,"35","V","HO"
"X4362701091600","X4","36","2009-01-27T16:00:00.000",,"59","V","HO"
"X4322701091600","X4","32","2009-01-27T16:00:00.000",,"15.1","V","HO"
"X4402701091600","X4","40","2009-01-27T16:00:00.000","2009-01-27T16:00:00.000","15.8","V","HO"
"X4322701091700","X4","32","2009-01-27T17:00:00.000",,"13.7","V","HO"
"X4332701091700","X4","33","2009-01-27T17:00:00.000",,"38","V","HO"
"X4342701091700","X4","34","2009-01-27T17:00:00.000",,"1005","V","HO"
"X4352701091700","X4","35","2009-01-27T17:00:00.000",,"0","V","HO"
"X4512701091700","X4","51","2009-01-27T17:00:00.000",,"303","V","HO"
"X4402701091700","X4","40","2009-01-27T17:00:00.000","2009-01-27T17:00:00.000","14.3","V","HO"
"X4422701091700","X4","42","2009-01-27T17:00:00.000","2009-01-27T17:58:00.000","13.2","V","HO"
"X4442701091700","X4","44","2009-01-27T17:00:00.000","2009-01-27T17:00:00.000","37","V","HO"
"X4502701091700","X4","50","2009-01-27T17:00:00.000","2009-01-27T17:54:00.000","10.2","V","HO"
"X4362701091700","X4","36","2009-01-27T17:00:00.000",,"0","V","HO"
"X4322701091800","X4","32","2009-01-27T18:00:00.000",,"12.7","V","HO"
"X4332701091800","X4","33","2009-01-27T18:00:00.000",,"43","V","HO"
"X4342701091800","X4","34","2009-01-27T18:00:00.000",,"1006","V","HO"
"X4352701091800","X4","35","2009-01-27T18:00:00.000",,"0","V","HO"
"X4512701091800","X4","51","2009-01-27T18:00:00.000",,"303","V","HO"
"X4402701091800","X4","40","2009-01-27T18:00:00.000","2009-01-27T18:00:00.000","13.2","V","HO"
"X4422701091800","X4","42","2009-01-27T18:00:00.000","2009-01-27T18:57:00.000","12.2","V","HO"
"X4442701091800","X4","44","2009-01-27T18:00:00.000","2009-01-27T18:00:00.000","40","V","HO"
"X4502701091800","X4","50","2009-01-27T18:00:00.000","2009-01-27T18:04:00.000","10.8","V","HO"
"X4362701091800","X4","36","2009-01-27T18:00:00.000",,"0","V","HO"
"X4322701091900","X4","32","2009-01-27T19:00:00.000",,"11.8","V","HO"
"X4332701091900","X4","33","2009-01-27T19:00:00.000",,"47","V","HO"
"X4342701091900","X4","34","2009-01-27T19:00:00.000",,"1006","V","HO"
"X4352701091900","X4","35","2009-01-27T19:00:00.000",,"0","V","HO"
"X4512701091900","X4","51","2009-01-27T19:00:00.000",,"322","V","HO"
"X4402701091900","X4","40","2009-01-27T19:00:00.000","2009-01-27T19:00:00.000","12.2","V","HO"
"X4422701091900","X4","42","2009-01-27T19:00:00.000","2009-01-27T19:54:00.000","11.5","V","HO"
"X4442701091900","X4","44","2009-01-27T19:00:00.000","2009-01-27T19:00:00.000","46","V","HO"
"X4502701091900","X4","50","2009-01-27T19:00:00.000","2009-01-27T19:04:00.000","8.9","V","HO"
"X4362701091900","X4","36","2009-01-27T19:00:00.000",,"0","V","HO"
"X4322701092000","X4","32","2009-01-27T20:00:00.000",,"11.1","V","HO"
"X4332701092000","X4","33","2009-01-27T20:00:00.000",,"48","V","HO"
"X4342701092000","X4","34","2009-01-27T20:00:00.000",,"1007","V","HO"
"X4352701092000","X4","35","2009-01-27T20:00:00.000",,"0","V","HO"
"X4512701092000","X4","51","2009-01-27T20:00:00.000",,"330","V","HO"
"X4402701092000","X4","40","2009-01-27T20:00:00.000","2009-01-27T20:00:00.000","11.5","V","HO"
"X4422701092000","X4","42","2009-01-27T20:00:00.000","2009-01-27T20:56:00.000","10.8","V","HO"
"X4442701092000","X4","44","2009-01-27T20:00:00.000","2009-01-27T20:00:00.000","47","V","HO"
"X4502701092000","X4","50","2009-01-27T20:00:00.000","2009-01-27T20:56:00.000","5.2","V","HO"
"X4362701092000","X4","36","2009-01-27T20:00:00.000",,"0","V","HO"
"X4352701092100","X4","35","2009-01-27T21:00:00.000",,"0","V","HO"
"X4442701092100","X4","44","2009-01-27T21:00:00.000","2009-01-27T21:57:00.000","48","V","HO"
"X4332701092100","X4","33","2009-01-27T21:00:00.000",,"49","V","HO"
"X4322701092100","X4","32","2009-01-27T21:00:00.000",,"10.5","V","HO"
"X4362701092100","X4","36","2009-01-27T21:00:00.000",,"0","V","HO"
"X4402701092100","X4","40","2009-01-27T21:00:00.000","2009-01-27T21:00:00.000","10.8","V","HO"
"X4422701092100","X4","42","2009-01-27T21:00:00.000","2009-01-27T21:54:00.000","10.3","V","HO"
"X4342701092100","X4","34","2009-01-27T21:00:00.000",,"1007","V","HO"
"X4502701092100","X4","50","2009-01-27T21:00:00.000","2009-01-27T21:00:00.000","5.7","V","HO"
"X4512701092100","X4","51","2009-01-27T21:00:00.000",,"324","V","HO"
"X4322701092200","X4","32","2009-01-27T22:00:00.000",,"10.2","V","HO"
"X4332701092200","X4","33","2009-01-27T22:00:00.000",,"48","V","HO"
"X4342701092200","X4","34","2009-01-27T22:00:00.000",,"1007","V","HO"
"X4352701092200","X4","35","2009-01-27T22:00:00.000",,"0","V","HO"
"X4512701092200","X4","51","2009-01-27T22:00:00.000",,"294","V","HO"
"X4402701092200","X4","40","2009-01-27T22:00:00.000","2009-01-27T22:32:00.000","10.4","V","HO"
"X4422701092200","X4","42","2009-01-27T22:00:00.000","2009-01-27T22:56:00.000","9.9","V","HO"
"X4442701092200","X4","44","2009-01-27T22:00:00.000","2009-01-27T22:31:00.000","46","V","HO"
"X4502701092200","X4","50","2009-01-27T22:00:00.000","2009-01-27T22:29:00.000","6.6","V","HO"
"X4362701092200","X4","36","2009-01-27T22:00:00.000",,"0","V","HO"
"X4322701092300","X4","32","2009-01-27T23:00:00.000",,"10.3","V","HO"
"X4332701092300","X4","33","2009-01-27T23:00:00.000",,"43","V","HO"
"X4342701092300","X4","34","2009-01-27T23:00:00.000",,"1007","V","HO"
"X4352701092300","X4","35","2009-01-27T23:00:00.000",,"0","V","HO"
"X4362701092300","X4","36","2009-01-27T23:00:00.000",,"0","V","HO"
"X4012701092300","X4","1","2009-01-27T23:00:00.000","2009-01-27T23:20:00.000","1007","V","HO"
"X4422701092300","X4","42","2009-01-27T23:00:00.000","2009-01-27T23:00:00.000","9.9","V","HO"
"X4442701092300","X4","44","2009-01-27T23:00:00.000","2009-01-27T23:50:00.000","38","V","HO"
"X4502701092300","X4","50","2009-01-27T23:00:00.000","2009-01-27T23:27:00.000","5.4","V","HO"
"X4512701092300","X4","51","2009-01-27T23:00:00.000",,"255","V","HO"
"X4402701092300","X4","40","2009-01-27T23:00:00.000","2009-01-27T23:54:00.000","10.7","V","HO"
"X4322801090000","X4","32","2009-01-28T00:00:00.000",,"10.5","V","HO"
"X4332801090000","X4","33","2009-01-28T00:00:00.000",,"40","V","HO"
"X4342801090000","X4","34","2009-01-28T00:00:00.000",,"1007","V","HO"
"X4352801090000","X4","35","2009-01-28T00:00:00.000",,"0","V","HO"
"X4512801090000","X4","51","2009-01-28T00:00:00.000",,"245","V","HO"
"X4402801090000","X4","40","2009-01-28T00:00:00.000","2009-01-28T00:58:00.000","10.7","V","HO"
"X4422801090000","X4","42","2009-01-28T00:00:00.000","2009-01-28T00:46:00.000","10.3","V","HO"
"X4442801090000","X4","44","2009-01-28T00:00:00.000","2009-01-28T00:58:00.000","35","V","HO"
"X4502801090000","X4","50","2009-01-28T00:00:00.000","2009-01-28T00:44:00.000","4.8","V","HO"
"X4362801090000","X4","36","2009-01-28T00:00:00.000",,"0","V","HO"
"X4332801090100","X4","33","2009-01-28T01:00:00.000",,"41","V","HO"
"X4322801090100","X4","32","2009-01-28T01:00:00.000",,"10.2","V","HO"
"X4362801090100","X4","36","2009-01-28T01:00:00.000",,"0","V","HO"
"X4342801090100","X4","34","2009-01-28T01:00:00.000",,"1007","V","HO"
"X4402801090100","X4","40","2009-01-28T01:00:00.000","2009-01-28T01:00:00.000","10.7","V","HO"
"X4512801090100","X4","51","2009-01-28T01:00:00.000",,"167","V","HO"
"X4502801090100","X4","50","2009-01-28T01:00:00.000","2009-01-28T01:43:00.000","4.2","V","HO"
"X4442801090100","X4","44","2009-01-28T01:00:00.000","2009-01-28T01:00:00.000","35","V","HO"
"X4422801090100","X4","42","2009-01-28T01:00:00.000","2009-01-28T01:58:00.000","9.6","V","HO"
"X4352801090100","X4","35","2009-01-28T01:00:00.000",,"0","V","HO"
"X4442801090200","X4","44","2009-01-28T02:00:00.000","2009-01-28T02:00:00.000","45","V","HO"
"X4422801090200","X4","42","2009-01-28T02:00:00.000","2009-01-28T02:58:00.000","8.5","V","HO"
"X4402801090200","X4","40","2009-01-28T02:00:00.000","2009-01-28T02:00:00.000","9.5","V","HO"
"X4362801090200","X4","36","2009-01-28T02:00:00.000",,"0","V","HO"
"X4512801090200","X4","51","2009-01-28T02:00:00.000",,"8","V","HO"
"X4342801090200","X4","34","2009-01-28T02:00:00.000",,"1007","V","HO"
"X4332801090200","X4","33","2009-01-28T02:00:00.000",,"48","V","HO"
"X4502801090200","X4","50","2009-01-28T02:00:00.000","2009-01-28T02:50:00.000","2.4","V","HO"
"X4322801090200","X4","32","2009-01-28T02:00:00.000",,"9.1","V","HO"
"X4352801090200","X4","35","2009-01-28T02:00:00.000",,"0","V","HO"
"X4502801090300","X4","50","2009-01-28T03:00:00.000","2009-01-28T03:33:00.000","2.9","V","HO"
"X4512801090300","X4","51","2009-01-28T03:00:00.000",,"0","V","HO"
"X4322801090300","X4","32","2009-01-28T03:00:00.000",,"8.3","V","HO"
"X4332801090300","X4","33","2009-01-28T03:00:00.000",,"52","V","HO"
"X4342801090300","X4","34","2009-01-28T03:00:00.000",,"1008","V","HO"
"X4352801090300","X4","35","2009-01-28T03:00:00.000",,"0","V","HO"
"X4362801090300","X4","36","2009-01-28T03:00:00.000",,"0","V","HO"
"X4402801090300","X4","40","2009-01-28T03:00:00.000","2009-01-28T03:00:00.000","8.5","V","HO"
"X4422801090300","X4","42","2009-01-28T03:00:00.000","2009-01-28T03:58:00.000","8","V","HO"
"X4442801090300","X4","44","2009-01-28T03:00:00.000","2009-01-28T03:03:00.000","50","V","HO"
"X4322801090400","X4","32","2009-01-28T04:00:00.000",,"7.8","V","HO"
"X4332801090400","X4","33","2009-01-28T04:00:00.000",,"55","V","HO"
"X4342801090400","X4","34","2009-01-28T04:00:00.000",,"1008","V","HO"
"X4352801090400","X4","35","2009-01-28T04:00:00.000",,"0","V","HO"
"X4512801090400","X4","51","2009-01-28T04:00:00.000",,"307","V","HO"
"X4402801090400","X4","40","2009-01-28T04:00:00.000","2009-01-28T04:00:00.000","8","V","HO"
"X4422801090400","X4","42","2009-01-28T04:00:00.000","2009-01-28T04:56:00.000","7.7","V","HO"
"X4442801090400","X4","44","2009-01-28T04:00:00.000","2009-01-28T04:50:00.000","54","V","HO"
"X4502801090400","X4","50","2009-01-28T04:00:00.000","2009-01-28T04:58:00.000","3.2","V","HO"
"X4362801090400","X4","36","2009-01-28T04:00:00.000",,"0","V","HO"
"X4322801090500","X4","32","2009-01-28T05:00:00.000",,"7.9","V","HO"
"X4332801090500","X4","33","2009-01-28T05:00:00.000",,"51","V","HO"
"X4342801090500","X4","34","2009-01-28T05:00:00.000",,"1008","V","HO"
"X4352801090500","X4","35","2009-01-28T05:00:00.000",,"0","V","HO"
"X4512801090500","X4","51","2009-01-28T05:00:00.000",,"302","V","HO"
"X4402801090500","X4","40","2009-01-28T05:00:00.000","2009-01-28T05:42:00.000","8.2","V","HO"
"X4422801090500","X4","42","2009-01-28T05:00:00.000","2009-01-28T05:19:00.000","7.6","V","HO"
"X4442801090500","X4","44","2009-01-28T05:00:00.000","2009-01-28T05:36:00.000","49","V","HO"
"X4502801090500","X4","50","2009-01-28T05:00:00.000","2009-01-28T05:32:00.000","4.8","V","HO"
"X4362801090500","X4","36","2009-01-28T05:00:00.000",,"0","V","HO"
"X4322801090600","X4","32","2009-01-28T06:00:00.000",,"8","V","HO"
"X4332801090600","X4","33","2009-01-28T06:00:00.000",,"51","V","HO"
"X4342801090600","X4","34","2009-01-28T06:00:00.000",,"1008","V","HO"
"X4352801090600","X4","35","2009-01-28T06:00:00.000",,"0","V","HO"
"X4512801090600","X4","51","2009-01-28T06:00:00.000",,"290","V","HO"
"X4402801090600","X4","40","2009-01-28T06:00:00.000","2009-01-28T06:55:00.000","8.2","V","HO"
"X4422801090600","X4","42","2009-01-28T06:00:00.000","2009-01-28T06:32:00.000","7.8","V","HO"
"X4442801090600","X4","44","2009-01-28T06:00:00.000","2009-01-28T06:57:00.000","50","V","HO"
"X4502801090600","X4","50","2009-01-28T06:00:00.000","2009-01-28T06:42:00.000","3.4","V","HO"
"X4362801090600","X4","36","2009-01-28T06:00:00.000",,"0","V","HO"
"X4322801090700","X4","32","2009-01-28T07:00:00.000",,"8.7","V","HO"
"X4332801090700","X4","33","2009-01-28T07:00:00.000",,"47","V","HO"
"X4342801090700","X4","34","2009-01-28T07:00:00.000",,"1008","V","HO"
"X4352801090700","X4","35","2009-01-28T07:00:00.000",,"0","V","HO"
"X4512801090700","X4","51","2009-01-28T07:00:00.000",,"305","V","HO"
"X4402801090700","X4","40","2009-01-28T07:00:00.000","2009-01-28T07:41:00.000","9.2","V","HO"
"X4422801090700","X4","42","2009-01-28T07:00:00.000","2009-01-28T07:13:00.000","8.1","V","HO"
"X4442801090700","X4","44","2009-01-28T07:00:00.000","2009-01-28T07:39:00.000","45","V","HO"
"X4502801090700","X4","50","2009-01-28T07:00:00.000","2009-01-28T07:52:00.000","3.2","V","HO"
"X4362801090700","X4","36","2009-01-28T07:00:00.000",,"45","V","HO"
"X4322801090800","X4","32","2009-01-28T08:00:00.000",,"9.7","V","HO"
"X4332801090800","X4","33","2009-01-28T08:00:00.000",,"45","V","HO"
"X4342801090800","X4","34","2009-01-28T08:00:00.000",,"1008","V","HO"
"X4352801090800","X4","35","2009-01-28T08:00:00.000",,"0","V","HO"
"X4362801090800","X4","36","2009-01-28T08:00:00.000",,"204","V","HO"
"X4512801090800","X4","51","2009-01-28T08:00:00.000",,"277","V","HO"
"X4422801090800","X4","42","2009-01-28T08:00:00.000","2009-01-28T08:00:00.000","9.1","V","HO"
"X4012801090800","X4","1","2009-01-28T08:00:00.000","2009-01-28T08:22:00.000","1008","V","HO"
"X4442801090800","X4","44","2009-01-28T08:00:00.000","2009-01-28T08:54:00.000","43","V","HO"
"X4502801090800","X4","50","2009-01-28T08:00:00.000","2009-01-28T08:35:00.000","4.9","V","HO"
"X4402801090800","X4","40","2009-01-28T08:00:00.000","2009-01-28T08:58:00.000","10.3","V","HO"
"X4322801090900","X4","32","2009-01-28T09:00:00.000",,"11","V","HO"
"X4332801090900","X4","33","2009-01-28T09:00:00.000",,"45","V","HO"
"X4342801090900","X4","34","2009-01-28T09:00:00.000",,"1008","V","HO"
"X4352801090900","X4","35","2009-01-28T09:00:00.000",,"0","V","HO"
"X4512801090900","X4","51","2009-01-28T09:00:00.000",,"333","V","HO"
"X4402801090900","X4","40","2009-01-28T09:00:00.000","2009-01-28T09:57:00.000","11.9","V","HO"
"X4422801090900","X4","42","2009-01-28T09:00:00.000","2009-01-28T09:04:00.000","10.2","V","HO"
"X4442801090900","X4","44","2009-01-28T09:00:00.000","2009-01-28T09:57:00.000","43","V","HO"
"X4502801090900","X4","50","2009-01-28T09:00:00.000","2009-01-28T09:41:00.000","7.5","V","HO"
"X4362801090900","X4","36","2009-01-28T09:00:00.000",,"330","V","HO"
"X4502801091000","X4","50","2009-01-28T10:00:00.000","2009-01-28T10:41:00.000","8.4","V","HO"
"X4512801091000","X4","51","2009-01-28T10:00:00.000",,"305","V","HO"
"X4322801091000","X4","32","2009-01-28T10:00:00.000",,"12.7","V","HO"
"X4332801091000","X4","33","2009-01-28T10:00:00.000",,"41","V","HO"
"X4342801091000","X4","34","2009-01-28T10:00:00.000",,"1008","V","HO"
"X4352801091000","X4","35","2009-01-28T10:00:00.000",,"0","V","HO"
"X4362801091000","X4","36","2009-01-28T10:00:00.000",,"496","V","HO"
"X4402801091000","X4","40","2009-01-28T10:00:00.000","2009-01-28T10:58:00.000","13.5","V","HO"
"X4422801091000","X4","42","2009-01-28T10:00:00.000","2009-01-28T10:00:00.000","11.9","V","HO"
"X4442801091000","X4","44","2009-01-28T10:00:00.000","2009-01-28T10:34:00.000","38","V","HO"
"X4322801091100","X4","32","2009-01-28T11:00:00.000",,"15","V","HO"
"X4332801091100","X4","33","2009-01-28T11:00:00.000",,"36","V","HO"
"X4342801091100","X4","34","2009-01-28T11:00:00.000",,"1007","V","HO"
"X4352801091100","X4","35","2009-01-28T11:00:00.000",,"0","V","HO"
"X4512801091100","X4","51","2009-01-28T11:00:00.000",,"315","V","HO"
"X4402801091100","X4","40","2009-01-28T11:00:00.000","2009-01-28T11:58:00.000","16","V","HO"
"X4422801091100","X4","42","2009-01-28T11:00:00.000","2009-01-28T11:00:00.000","13.5","V","HO"
"X4442801091100","X4","44","2009-01-28T11:00:00.000","2009-01-28T11:56:00.000","33","V","HO"
"X4502801091100","X4","50","2009-01-28T11:00:00.000","2009-01-28T11:05:00.000","5.8","V","HO"
"X4362801091100","X4","36","2009-01-28T11:00:00.000",,"523","V","HO"
"X4322801091200","X4","32","2009-01-28T12:00:00.000",,"16","V","HO"
"X4332801091200","X4","33","2009-01-28T12:00:00.000",,"32","V","HO"
"X4342801091200","X4","34","2009-01-28T12:00:00.000",,"1007","V","HO"
"X4352801091200","X4","35","2009-01-28T12:00:00.000",,"0","V","HO"
"X4512801091200","X4","51","2009-01-28T12:00:00.000",,"333","V","HO"
"X4402801091200","X4","40","2009-01-28T12:00:00.000","2009-01-28T12:58:00.000","16.6","V","HO"
"X4422801091200","X4","42","2009-01-28T12:00:00.000","2009-01-28T12:24:00.000","15.6","V","HO"
"X4442801091200","X4","44","2009-01-28T12:00:00.000","2009-01-28T12:58:00.000","31","V","HO"
"X4502801091200","X4","50","2009-01-28T12:00:00.000","2009-01-28T12:19:00.000","6.9","V","HO"
"X4362801091200","X4","36","2009-01-28T12:00:00.000",,"432","V","HO"
"X4022801091300","X4","2","2009-01-28T13:00:00.000","2009-01-28T13:35:00.000","1006","V","HO"
"X4322801091300","X4","32","2009-01-28T13:00:00.000",,"16.7","V","HO"
"X4332801091300","X4","33","2009-01-28T13:00:00.000",,"30","V","HO"
"X4342801091300","X4","34","2009-01-28T13:00:00.000",,"1006","V","HO"
"X4352801091300","X4","35","2009-01-28T13:00:00.000",,"0","V","HO"
"X4512801091300","X4","51","2009-01-28T13:00:00.000",,"344","V","HO"
"X4402801091300","X4","40","2009-01-28T13:00:00.000","2009-01-28T13:48:00.000","17","V","HO"
"X4422801091300","X4","42","2009-01-28T13:00:00.000","2009-01-28T13:58:00.000","16.4","V","HO"
"X4442801091300","X4","44","2009-01-28T13:00:00.000","2009-01-28T13:48:00.000","29","V","HO"
"X4502801091300","X4","50","2009-01-28T13:00:00.000","2009-01-28T13:16:00.000","6.8","V","HO"
"X4362801091300","X4","36","2009-01-28T13:00:00.000",,"408","V","HO"
"X4322801091400","X4","32","2009-01-28T14:00:00.000",,"16.8","V","HO"
"X4332801091400","X4","33","2009-01-28T14:00:00.000",,"31","V","HO"
"X4342801091400","X4","34","2009-01-28T14:00:00.000",,"1006","V","HO"
"X4352801091400","X4","35","2009-01-28T14:00:00.000",,"0","V","HO"
"X4512801091400","X4","51","2009-01-28T14:00:00.000",,"327","V","HO"
"X4402801091400","X4","40","2009-01-28T14:00:00.000","2009-01-28T14:25:00.000","17","V","HO"
"X4422801091400","X4","42","2009-01-28T14:00:00.000","2009-01-28T14:01:00.000","16.3","V","HO"
"X4442801091400","X4","44","2009-01-28T14:00:00.000","2009-01-28T14:19:00.000","29","V","HO"
"X4502801091400","X4","50","2009-01-28T14:00:00.000","2009-01-28T14:00:00.000","6.3","V","HO"
"X4362801091400","X4","36","2009-01-28T14:00:00.000",,"311","V","HO"
"X4322801091500","X4","32","2009-01-28T15:00:00.000",,"14.6","V","HO"
"X4332801091500","X4","33","2009-01-28T15:00:00.000",,"53","V","HO"
"X4342801091500","X4","34","2009-01-28T15:00:00.000",,"1006","V","HO"
"X4352801091500","X4","35","2009-01-28T15:00:00.000",,"0","V","HO"
"X4512801091500","X4","51","2009-01-28T15:00:00.000",,"83","V","HO"
"X4402801091500","X4","40","2009-01-28T15:00:00.000","2009-01-28T15:04:00.000","16.9","V","HO"
"X4422801091500","X4","42","2009-01-28T15:00:00.000","2009-01-28T15:58:00.000","13.4","V","HO"
"X4442801091500","X4","44","2009-01-28T15:00:00.000","2009-01-28T15:01:00.000","34","V","HO"
"X4502801091500","X4","50","2009-01-28T15:00:00.000","2009-01-28T15:13:00.000","4.6","V","HO"
"X4362801091500","X4","36","2009-01-28T15:00:00.000",,"144","V","HO"
"X4322801091600","X4","32","2009-01-28T16:00:00.000",,"12.8","V","HO"
"X4332801091600","X4","33","2009-01-28T16:00:00.000",,"60","V","HO"
"X4342801091600","X4","34","2009-01-28T16:00:00.000",,"1007","V","HO"
"X4352801091600","X4","35","2009-01-28T16:00:00.000",,"0","V","HO"
"X4512801091600","X4","51","2009-01-28T16:00:00.000",,"93","V","HO"
"X4402801091600","X4","40","2009-01-28T16:00:00.000","2009-01-28T16:01:00.000","13.4","V","HO"
"X4422801091600","X4","42","2009-01-28T16:00:00.000","2009-01-28T16:58:00.000","12.4","V","HO"
"X4442801091600","X4","44","2009-01-28T16:00:00.000","2009-01-28T16:29:00.000","59","V","HO"
"X4502801091600","X4","50","2009-01-28T16:00:00.000","2009-01-28T16:03:00.000","4.3","V","HO"
"X4362801091600","X4","36","2009-01-28T16:00:00.000",,"51","V","HO"
"X4402801091700","X4","40","2009-01-28T17:00:00.000","2009-01-28T17:00:00.000","12.4","V","HO"
"X4422801091700","X4","42","2009-01-28T17:00:00.000","2009-01-28T17:29:00.000","12.1","V","HO"
"X4442801091700","X4","44","2009-01-28T17:00:00.000","2009-01-28T17:00:00.000","60","V","HO"
"X4502801091700","X4","50","2009-01-28T17:00:00.000","2009-01-28T17:22:00.000","3.3","V","HO"
"X4512801091700","X4","51","2009-01-28T17:00:00.000",,"72","V","HO"
"X4322801091700","X4","32","2009-01-28T17:00:00.000",,"12.2","V","HO"
"X4332801091700","X4","33","2009-01-28T17:00:00.000",,"62","V","HO"
"X4342801091700","X4","34","2009-01-28T17:00:00.000",,"1007","V","HO"
"X4352801091700","X4","35","2009-01-28T17:00:00.000",,"0","V","HO"
"X4362801091700","X4","36","2009-01-28T17:00:00.000",,"0","V","HO"
"X4332801091800","X4","33","2009-01-28T18:00:00.000",,"61","V","HO"
"X4342801091800","X4","34","2009-01-28T18:00:00.000",,"1007","V","HO"
"X4352801091800","X4","35","2009-01-28T18:00:00.000",,"0","V","HO"
"X4362801091800","X4","36","2009-01-28T18:00:00.000",,"0","V","HO"
"X4502801091800","X4","50","2009-01-28T18:00:00.000","2009-01-28T18:07:00.000","2.8","V","HO"
"X4422801091800","X4","42","2009-01-28T18:00:00.000","2009-01-28T18:28:00.000","12.1","V","HO"
"X4442801091800","X4","44","2009-01-28T18:00:00.000","2009-01-28T18:08:00.000","60","V","HO"
"X4322801091800","X4","32","2009-01-28T18:00:00.000",,"12.1","V","HO"
"X4512801091800","X4","51","2009-01-28T18:00:00.000",,"53","V","HO"
"X4402801091800","X4","40","2009-01-28T18:00:00.000","2009-01-28T18:02:00.000","12.1","V","HO"
"X4402801091900","X4","40","2009-01-28T19:00:00.000","2009-01-28T19:04:00.000","12.1","V","HO"
"X4422801091900","X4","42","2009-01-28T19:00:00.000","2009-01-28T19:49:00.000","12.1","V","HO"
"X4442801091900","X4","44","2009-01-28T19:00:00.000","2009-01-28T19:09:00.000","61","V","HO"
"X4502801091900","X4","50","2009-01-28T19:00:00.000","2009-01-28T19:13:00.000","3.1","V","HO"
"X4362801091900","X4","36","2009-01-28T19:00:00.000",,"0","V","HO"
"X4322801091900","X4","32","2009-01-28T19:00:00.000",,"12.1","V","HO"
"X4332801091900","X4","33","2009-01-28T19:00:00.000",,"63","V","HO"
"X4342801091900","X4","34","2009-01-28T19:00:00.000",,"1007","V","HO"
"X4352801091900","X4","35","2009-01-28T19:00:00.000",,"0","V","HO"
"X4512801091900","X4","51","2009-01-28T19:00:00.000",,"84","V","HO"
"X4332801092000","X4","33","2009-01-28T20:00:00.000",,"63","V","HO"
"X4342801092000","X4","34","2009-01-28T20:00:00.000",,"1007","V","HO"
"X4352801092000","X4","35","2009-01-28T20:00:00.000",,"0","V","HO"
"X4362801092000","X4","36","2009-01-28T20:00:00.000",,"0","V","HO"
"X4322801092000","X4","32","2009-01-28T20:00:00.000",,"12","V","HO"
"X4422801092000","X4","42","2009-01-28T20:00:00.000","2009-01-28T20:58:00.000","11.9","V","HO"
"X4442801092000","X4","44","2009-01-28T20:00:00.000","2009-01-28T20:58:00.000","61","V","HO"
"X4502801092000","X4","50","2009-01-28T20:00:00.000","2009-01-28T20:37:00.000","3.6","V","HO"
"X4512801092000","X4","51","2009-01-28T20:00:00.000",,"34","V","HO"
"X4402801092000","X4","40","2009-01-28T20:00:00.000","2009-01-28T20:00:00.000","12.1","V","HO"
"X4422801092100","X4","42","2009-01-28T21:00:00.000","2009-01-28T21:14:00.000","11.8","V","HO"
"X4442801092100","X4","44","2009-01-28T21:00:00.000","2009-01-28T21:44:00.000","57","V","HO"
"X4502801092100","X4","50","2009-01-28T21:00:00.000","2009-01-28T21:56:00.000","3.7","V","HO"
"X4512801092100","X4","51","2009-01-28T21:00:00.000",,"18","V","HO"
"X4402801092100","X4","40","2009-01-28T21:00:00.000","2009-01-28T21:00:00.000","11.9","V","HO"
"X4332801092100","X4","33","2009-01-28T21:00:00.000",,"59","V","HO"
"X4342801092100","X4","34","2009-01-28T21:00:00.000",,"1007","V","HO"
"X4352801092100","X4","35","2009-01-28T21:00:00.000",,"0","V","HO"
"X4362801092100","X4","36","2009-01-28T21:00:00.000",,"0","V","HO"
"X4322801092100","X4","32","2009-01-28T21:00:00.000",,"11.9","V","HO"
"X4322801092200","X4","32","2009-01-28T22:00:00.000",,"12","V","HO"
"X4332801092200","X4","33","2009-01-28T22:00:00.000",,"59","V","HO"
"X4342801092200","X4","34","2009-01-28T22:00:00.000",,"1007","V","HO"
"X4352801092200","X4","35","2009-01-28T22:00:00.000",,"0","V","HO"
"X4442801092200","X4","44","2009-01-28T22:00:00.000","2009-01-28T22:00:00.000","58","V","HO"
"X4402801092200","X4","40","2009-01-28T22:00:00.000","2009-01-28T22:43:00.000","12","V","HO"
"X4422801092200","X4","42","2009-01-28T22:00:00.000","2009-01-28T22:00:00.000","11.9","V","HO"
"X4512801092200","X4","51","2009-01-28T22:00:00.000",,"35","V","HO"
"X4502801092200","X4","50","2009-01-28T22:00:00.000","2009-01-28T22:04:00.000","3.6","V","HO"
"X4362801092200","X4","36","2009-01-28T22:00:00.000",,"0","V","HO"
"X4322801092300","X4","32","2009-01-28T23:00:00.000",,"12","V","HO"
"X4362801092300","X4","36","2009-01-28T23:00:00.000",,"0","V","HO"
"X4342801092300","X4","34","2009-01-28T23:00:00.000",,"1007","V","HO"
"X4352801092300","X4","35","2009-01-28T23:00:00.000",,"0","V","HO"
"X4332801092300","X4","33","2009-01-28T23:00:00.000",,"60","V","HO"
"X4402801092300","X4","40","2009-01-28T23:00:00.000","2009-01-28T23:17:00.000","12","V","HO"
"X4422801092300","X4","42","2009-01-28T23:00:00.000","2009-01-28T23:32:00.000","12","V","HO"
"X4442801092300","X4","44","2009-01-28T23:00:00.000","2009-01-28T23:00:00.000","60","V","HO"
"X4502801092300","X4","50","2009-01-28T23:00:00.000","2009-01-28T23:06:00.000","3.1","V","HO"
"X4512801092300","X4","51","2009-01-28T23:00:00.000",,"48","V","HO"
"X4322901090000","X4","32","2009-01-29T00:00:00.000",,"12","V","HO"
"X4342901090000","X4","34","2009-01-29T00:00:00.000",,"1007","V","HO"
"X4352901090000","X4","35","2009-01-29T00:00:00.000",,"0","V","HO"
"X4362901090000","X4","36","2009-01-29T00:00:00.000",,"0","V","HO"
"X4402901090000","X4","40","2009-01-29T00:00:00.000","2009-01-29T00:51:00.000","12.1","V","HO"
"X4422901090000","X4","42","2009-01-29T00:00:00.000","2009-01-29T00:00:00.000","12","V","HO"
"X4442901090000","X4","44","2009-01-29T00:00:00.000","2009-01-29T00:00:00.000","61","V","HO"
"X4502901090000","X4","50","2009-01-29T00:00:00.000","2009-01-29T00:27:00.000","2.2","V","HO"
"X4332901090000","X4","33","2009-01-29T00:00:00.000",,"62","V","HO"
"X4022901090000","X4","2","2009-01-29T00:00:00.000","2009-01-29T00:01:00.000","1007","V","HO"
"X4512901090000","X4","51","2009-01-29T00:00:00.000",,"358","V","HO"
"X4322901090100","X4","32","2009-01-29T01:00:00.000",,"12.1","V","HO"
"X4332901090100","X4","33","2009-01-29T01:00:00.000",,"63","V","HO"
"X4342901090100","X4","34","2009-01-29T01:00:00.000",,"1008","V","HO"
"X4352901090100","X4","35","2009-01-29T01:00:00.000",,"0","V","HO"
"X4512901090100","X4","51","2009-01-29T01:00:00.000",,"73","V","HO"
"X4402901090100","X4","40","2009-01-29T01:00:00.000","2009-01-29T01:20:00.000","12.1","V","HO"
"X4422901090100","X4","42","2009-01-29T01:00:00.000","2009-01-29T01:39:00.000","12","V","HO"
"X4442901090100","X4","44","2009-01-29T01:00:00.000","2009-01-29T01:58:00.000","62","V","HO"
"X4502901090100","X4","50","2009-01-29T01:00:00.000","2009-01-29T01:26:00.000","1.9","V","HO"
"X4362901090100","X4","36","2009-01-29T01:00:00.000",,"0","V","HO"
"X4322901090200","X4","32","2009-01-29T02:00:00.000",,"11.9","V","HO"
"X4332901090200","X4","33","2009-01-29T02:00:00.000",,"61","V","HO"
"X4342901090200","X4","34","2009-01-29T02:00:00.000",,"1008","V","HO"
"X4352901090200","X4","35","2009-01-29T02:00:00.000",,"0","V","HO"
"X4362901090200","X4","36","2009-01-29T02:00:00.000",,"0","V","HO"
"X4402901090200","X4","40","2009-01-29T02:00:00.000","2009-01-29T02:00:00.000","12","V","HO"
"X4422901090200","X4","42","2009-01-29T02:00:00.000","2009-01-29T02:58:00.000","11.6","V","HO"
"X4442901090200","X4","44","2009-01-29T02:00:00.000","2009-01-29T02:28:00.000","60","V","HO"
"X4502901090200","X4","50","2009-01-29T02:00:00.000","2009-01-29T02:24:00.000","2.8","V","HO"
"X4512901090200","X4","51","2009-01-29T02:00:00.000",,"29","V","HO"
"X4322901090300","X4","32","2009-01-29T03:00:00.000",,"11.5","V","HO"
"X4332901090300","X4","33","2009-01-29T03:00:00.000",,"60","V","HO"
"X4342901090300","X4","34","2009-01-29T03:00:00.000",,"1008","V","HO"
"X4352901090300","X4","35","2009-01-29T03:00:00.000",,"0","V","HO"
"X4512901090300","X4","51","2009-01-29T03:00:00.000",,"39","V","HO"
"X4402901090300","X4","40","2009-01-29T03:00:00.000","2009-01-29T03:00:00.000","11.6","V","HO"
"X4422901090300","X4","42","2009-01-29T03:00:00.000","2009-01-29T03:35:00.000","11.5","V","HO"
"X4442901090300","X4","44","2009-01-29T03:00:00.000","2009-01-29T03:56:00.000","58","V","HO"
"X4502901090300","X4","50","2009-01-29T03:00:00.000","2009-01-29T03:40:00.000","2.3","V","HO"
"X4362901090300","X4","36","2009-01-29T03:00:00.000",,"0","V","HO"
"X4332901090400","X4","33","2009-01-29T04:00:00.000",,"57","V","HO"
"X4442901090400","X4","44","2009-01-29T04:00:00.000","2009-01-29T04:33:00.000","56","V","HO"
"X4512901090400","X4","51","2009-01-29T04:00:00.000",,"47","V","HO"
"X4502901090400","X4","50","2009-01-29T04:00:00.000","2009-01-29T04:31:00.000","2.3","V","HO"
"X4402901090400","X4","40","2009-01-29T04:00:00.000","2009-01-29T04:40:00.000","11.6","V","HO"
"X4362901090400","X4","36","2009-01-29T04:00:00.000",,"0","V","HO"
"X4352901090400","X4","35","2009-01-29T04:00:00.000",,"0","V","HO"
"X4342901090400","X4","34","2009-01-29T04:00:00.000",,"1008","V","HO"
"X4322901090400","X4","32","2009-01-29T04:00:00.000",,"11.6","V","HO"
"X4422901090400","X4","42","2009-01-29T04:00:00.000","2009-01-29T04:58:00.000","11.4","V","HO"
"X4502901090500","X4","50","2009-01-29T05:00:00.000","2009-01-29T05:02:00.000","1.7","V","HO"
"X4512901090500","X4","51","2009-01-29T05:00:00.000",,"48","V","HO"
"X4442901090500","X4","44","2009-01-29T05:00:00.000","2009-01-29T05:04:00.000","58","V","HO"
"X4422901090500","X4","42","2009-01-29T05:00:00.000","2009-01-29T05:58:00.000","10.4","V","HO"
"X4402901090500","X4","40","2009-01-29T05:00:00.000","2009-01-29T05:00:00.000","11.4","V","HO"
"X4362901090500","X4","36","2009-01-29T05:00:00.000",,"0","V","HO"
"X4352901090500","X4","35","2009-01-29T05:00:00.000",,"0","V","HO"
"X4342901090500","X4","34","2009-01-29T05:00:00.000",,"1008","V","HO"
"X4332901090500","X4","33","2009-01-29T05:00:00.000",,"60","V","HO"
"X4322901090500","X4","32","2009-01-29T05:00:00.000",,"10.9","V","HO"
"X4422901090600","X4","42","2009-01-29T06:00:00.000","2009-01-29T06:55:00.000","9.8","V","HO"
"X4442901090600","X4","44","2009-01-29T06:00:00.000","2009-01-29T06:00:00.000","62","V","HO"
"X4402901090600","X4","40","2009-01-29T06:00:00.000","2009-01-29T06:00:00.000","10.3","V","HO"
"X4362901090600","X4","36","2009-01-29T06:00:00.000",,"0","V","HO"
"X4352901090600","X4","35","2009-01-29T06:00:00.000",,"0","V","HO"
"X4342901090600","X4","34","2009-01-29T06:00:00.000",,"1008","V","HO"
"X4332901090600","X4","33","2009-01-29T06:00:00.000",,"64","V","HO"
"X4322901090600","X4","32","2009-01-29T06:00:00.000",,"10.1","V","HO"
"X4512901090600","X4","51","2009-01-29T06:00:00.000",,"212","V","HO"
"X4502901090600","X4","50","2009-01-29T06:00:00.000","2009-01-29T06:36:00.000","1.1","V","HO"
"X4362901090700","X4","36","2009-01-29T07:00:00.000",,"33","V","HO"
"X4402901090700","X4","40","2009-01-29T07:00:00.000","2009-01-29T07:58:00.000","10.5","V","HO"
"X4422901090700","X4","42","2009-01-29T07:00:00.000","2009-01-29T07:12:00.000","9.7","V","HO"
"X4442901090700","X4","44","2009-01-29T07:00:00.000","2009-01-29T07:58:00.000","60","V","HO"
"X4502901090700","X4","50","2009-01-29T07:00:00.000","2009-01-29T07:38:00.000","1.4","V","HO"
"X4512901090700","X4","51","2009-01-29T07:00:00.000",,"84","V","HO"
"X4322901090700","X4","32","2009-01-29T07:00:00.000",,"9.9","V","HO"
"X4332901090700","X4","33","2009-01-29T07:00:00.000",,"64","V","HO"
"X4342901090700","X4","34","2009-01-29T07:00:00.000",,"1009","V","HO"
"X4352901090700","X4","35","2009-01-29T07:00:00.000",,"0","V","HO"
"X4322901090800","X4","32","2009-01-29T08:00:00.000",,"12","V","HO"
"X4332901090800","X4","33","2009-01-29T08:00:00.000",,"55","V","HO"
"X4342901090800","X4","34","2009-01-29T08:00:00.000",,"1009","V","HO"
"X4352901090800","X4","35","2009-01-29T08:00:00.000",,"0","V","HO"
"X4512901090800","X4","51","2009-01-29T08:00:00.000",,"74","V","HO"
"X4402901090800","X4","40","2009-01-29T08:00:00.000","2009-01-29T08:47:00.000","13.1","V","HO"
"X4422901090800","X4","42","2009-01-29T08:00:00.000","2009-01-29T08:00:00.000","10.6","V","HO"
"X4442901090800","X4","44","2009-01-29T08:00:00.000","2009-01-29T08:49:00.000","52","V","HO"
"X4502901090800","X4","50","2009-01-29T08:00:00.000","2009-01-29T08:01:00.000","1.9","V","HO"
"X4362901090800","X4","36","2009-01-29T08:00:00.000",,"156","V","HO"
"X4322901090900","X4","32","2009-01-29T09:00:00.000",,"13.1","V","HO"
"X4332901090900","X4","33","2009-01-29T09:00:00.000",,"57","V","HO"
"X4342901090900","X4","34","2009-01-29T09:00:00.000",,"1010","V","HO"
"X4352901090900","X4","35","2009-01-29T09:00:00.000",,"0","V","HO"
"X4512901090900","X4","51","2009-01-29T09:00:00.000",,"121","V","HO"
"X4402901090900","X4","40","2009-01-29T09:00:00.000","2009-01-29T09:48:00.000","14","V","HO"
"X4422901090900","X4","42","2009-01-29T09:00:00.000","2009-01-29T09:24:00.000","12.5","V","HO"
"X4442901090900","X4","44","2009-01-29T09:00:00.000","2009-01-29T09:04:00.000","52","V","HO"
"X4502901090900","X4","50","2009-01-29T09:00:00.000","2009-01-29T09:56:00.000","2.4","V","HO"
"X4362901090900","X4","36","2009-01-29T09:00:00.000",,"215","V","HO"
"X4352901091000","X4","35","2009-01-29T10:00:00.000",,"0","V","HO"
"X4342901091000","X4","34","2009-01-29T10:00:00.000",,"1010","V","HO"
"X4502901091000","X4","50","2009-01-29T10:00:00.000","2009-01-29T10:58:00.000","3.9","V","HO"
"X4512901091000","X4","51","2009-01-29T10:00:00.000",,"147","V","HO"
"X4442901091000","X4","44","2009-01-29T10:00:00.000","2009-01-29T10:00:00.000","58","V","HO"
"X4422901091000","X4","42","2009-01-29T10:00:00.000","2009-01-29T10:20:00.000","13.2","V","HO"
"X4402901091000","X4","40","2009-01-29T10:00:00.000","2009-01-29T10:50:00.000","14.1","V","HO"
"X4362901091000","X4","36","2009-01-29T10:00:00.000",,"376","V","HO"
"X4322901091000","X4","32","2009-01-29T10:00:00.000",,"13.7","V","HO"
"X4332901091000","X4","33","2009-01-29T10:00:00.000",,"63","V","HO"
"X4502901091100","X4","50","2009-01-29T11:00:00.000","2009-01-29T11:33:00.000","4.1","V","HO"
"X4512901091100","X4","51","2009-01-29T11:00:00.000",,"146","V","HO"
"X4442901091100","X4","44","2009-01-29T11:00:00.000","2009-01-29T11:19:00.000","61","V","HO"
"X4422901091100","X4","42","2009-01-29T11:00:00.000","2009-01-29T11:58:00.000","13.1","V","HO"
"X4402901091100","X4","40","2009-01-29T11:00:00.000","2009-01-29T11:19:00.000","14.3","V","HO"
"X4362901091100","X4","36","2009-01-29T11:00:00.000",,"319","V","HO"
"X4352901091100","X4","35","2009-01-29T11:00:00.000",,"0","V","HO"
"X4342901091100","X4","34","2009-01-29T11:00:00.000",,"1010","V","HO"
"X4332901091100","X4","33","2009-01-29T11:00:00.000",,"65","V","HO"
"X4322901091100","X4","32","2009-01-29T11:00:00.000",,"13.7","V","HO"
"X4322901091200","X4","32","2009-01-29T12:00:00.000",,"12.9","V","HO"
"X4332901091200","X4","33","2009-01-29T12:00:00.000",,"72","V","HO"
"X4342901091200","X4","34","2009-01-29T12:00:00.000",,"1010","V","HO"
"X4352901091200","X4","35","2009-01-29T12:00:00.000",,"0","V","HO"
"X4512901091200","X4","51","2009-01-29T12:00:00.000",,"177","V","HO"
"X4402901091200","X4","40","2009-01-29T12:00:00.000","2009-01-29T12:05:00.000","13.2","V","HO"
"X4422901091200","X4","42","2009-01-29T12:00:00.000","2009-01-29T12:54:00.000","12.7","V","HO"
"X4442901091200","X4","44","2009-01-29T12:00:00.000","2009-01-29T12:16:00.000","71","V","HO"
"X4502901091200","X4","50","2009-01-29T12:00:00.000","2009-01-29T12:20:00.000","4.1","V","HO"
"X4362901091200","X4","36","2009-01-29T12:00:00.000",,"91","V","HO"
"X4422901091300","X4","42","2009-01-29T13:00:00.000","2009-01-29T13:58:00.000","12.4","V","HO"
"X4442901091300","X4","44","2009-01-29T13:00:00.000","2009-01-29T13:15:00.000","73","V","HO"
"X4502901091300","X4","50","2009-01-29T13:00:00.000","2009-01-29T13:18:00.000","4.5","V","HO"
"X4512901091300","X4","51","2009-01-29T13:00:00.000",,"165","V","HO"
"X4402901091300","X4","40","2009-01-29T13:00:00.000","2009-01-29T13:14:00.000","12.7","V","HO"
"X4332901091300","X4","33","2009-01-29T13:00:00.000",,"74","V","HO"
"X4342901091300","X4","34","2009-01-29T13:00:00.000",,"1010","V","HO"
"X4352901091300","X4","35","2009-01-29T13:00:00.000",,"0","V","HO"
"X4362901091300","X4","36","2009-01-29T13:00:00.000",,"56","V","HO"
"X4322901091300","X4","32","2009-01-29T13:00:00.000",,"12.6","V","HO"
"X4402901091400","X4","40","2009-01-29T14:00:00.000","2009-01-29T14:57:00.000","12.6","V","HO"
"X4422901091400","X4","42","2009-01-29T14:00:00.000","2009-01-29T14:21:00.000","12.3","V","HO"
"X4442901091400","X4","44","2009-01-29T14:00:00.000","2009-01-29T14:00:00.000","75","V","HO"
"X4502901091400","X4","50","2009-01-29T14:00:00.000","2009-01-29T14:17:00.000","4","V","HO"
"X4512901091400","X4","51","2009-01-29T14:00:00.000",,"186","V","HO"
"X4322901091400","X4","32","2009-01-29T14:00:00.000",,"12.4","V","HO"
"X4332901091400","X4","33","2009-01-29T14:00:00.000",,"76","V","HO"
"X4342901091400","X4","34","2009-01-29T14:00:00.000",,"1010","V","HO"
"X4352901091400","X4","35","2009-01-29T14:00:00.000",,"0","V","HO"
"X4362901091400","X4","36","2009-01-29T14:00:00.000",,"32","V","HO"
"X4322901091500","X4","32","2009-01-29T15:00:00.000",,"12.4","V","HO"
"X4332901091500","X4","33","2009-01-29T15:00:00.000",,"77","V","HO"
"X4342901091500","X4","34","2009-01-29T15:00:00.000",,"1010","V","HO"
"X4352901091500","X4","35","2009-01-29T15:00:00.000",,"0","V","HO"
"X4512901091500","X4","51","2009-01-29T15:00:00.000",,"204","V","HO"
"X4402901091500","X4","40","2009-01-29T15:00:00.000","2009-01-29T15:00:00.000","12.6","V","HO"
"X4422901091500","X4","42","2009-01-29T15:00:00.000","2009-01-29T15:44:00.000","12.3","V","HO"
"X4442901091500","X4","44","2009-01-29T15:00:00.000","2009-01-29T15:04:00.000","76","V","HO"
"X4502901091500","X4","50","2009-01-29T15:00:00.000","2009-01-29T15:05:00.000","3.3","V","HO"
"X4362901091500","X4","36","2009-01-29T15:00:00.000",,"21","V","HO"
"X4442901091600","X4","44","2009-01-29T16:00:00.000","2009-01-29T16:07:00.000","77","V","HO"
"X4422901091600","X4","42","2009-01-29T16:00:00.000","2009-01-29T16:00:00.000","12.4","V","HO"
"X4402901091600","X4","40","2009-01-29T16:00:00.000","2009-01-29T16:22:00.000","12.5","V","HO"
"X4362901091600","X4","36","2009-01-29T16:00:00.000",,"11","V","HO"
"X4502901091600","X4","50","2009-01-29T16:00:00.000","2009-01-29T16:21:00.000","3.3","V","HO"
"X4342901091600","X4","34","2009-01-29T16:00:00.000",,"1010","V","HO"
"X4332901091600","X4","33","2009-01-29T16:00:00.000",,"77","V","HO"
"X4322901091600","X4","32","2009-01-29T16:00:00.000",,"12.5","V","HO"
"X4512901091600","X4","51","2009-01-29T16:00:00.000",,"200","V","HO"
"X4352901091600","X4","35","2009-01-29T16:00:00.000",,"0","V","HO"
"X4352901091700","X4","35","2009-01-29T17:00:00.000",,"0","V","HO"
"X4342901091700","X4","34","2009-01-29T17:00:00.000",,"1011","V","HO"
"X4332901091700","X4","33","2009-01-29T17:00:00.000",,"79","V","HO"
"X4322901091700","X4","32","2009-01-29T17:00:00.000",,"12.4","V","HO"
"X4362901091700","X4","36","2009-01-29T17:00:00.000",,"0","V","HO"
"X4422901091700","X4","42","2009-01-29T17:00:00.000","2009-01-29T17:58:00.000","12.4","V","HO"
"X4442901091700","X4","44","2009-01-29T17:00:00.000","2009-01-29T17:01:00.000","78","V","HO"
"X4502901091700","X4","50","2009-01-29T17:00:00.000","2009-01-29T17:00:00.000","3.3","V","HO"
"X4512901091700","X4","51","2009-01-29T17:00:00.000",,"191","V","HO"
"X4402901091700","X4","40","2009-01-29T17:00:00.000","2009-01-29T17:00:00.000","12.5","V","HO"
"X4402901091800","X4","40","2009-01-29T18:00:00.000","2009-01-29T18:39:00.000","12.5","V","HO"
"X4422901091800","X4","42","2009-01-29T18:00:00.000","2009-01-29T18:00:00.000","12.4","V","HO"
"X4442901091800","X4","44","2009-01-29T18:00:00.000","2009-01-29T18:11:00.000","79","V","HO"
"X4502901091800","X4","50","2009-01-29T18:00:00.000","2009-01-29T18:45:00.000","2.7","V","HO"
"X4362901091800","X4","36","2009-01-29T18:00:00.000",,"0","V","HO"
"X4322901091800","X4","32","2009-01-29T18:00:00.000",,"12.4","V","HO"
"X4332901091800","X4","33","2009-01-29T18:00:00.000",,"80","V","HO"
"X4342901091800","X4","34","2009-01-29T18:00:00.000",,"1011","V","HO"
"X4352901091800","X4","35","2009-01-29T18:00:00.000",,"0","V","HO"
"X4512901091800","X4","51","2009-01-29T18:00:00.000",,"188","V","HO"
"X4322901091900","X4","32","2009-01-29T19:00:00.000",,"12.4","V","HO"
"X4332901091900","X4","33","2009-01-29T19:00:00.000",,"80","V","HO"
"X4342901091900","X4","34","2009-01-29T19:00:00.000",,"1011","V","HO"
"X4442901091900","X4","44","2009-01-29T19:00:00.000","2009-01-29T19:03:00.000","80","V","HO"
"X4502901091900","X4","50","2009-01-29T19:00:00.000","2009-01-29T19:10:00.000","3.1","V","HO"
"X4402901091900","X4","40","2009-01-29T19:00:00.000","2009-01-29T19:57:00.000","12.5","V","HO"
"X4362901091900","X4","36","2009-01-29T19:00:00.000",,"0","V","HO"
"X4352901091900","X4","35","2009-01-29T19:00:00.000",,"0","V","HO"
"X4512901091900","X4","51","2009-01-29T19:00:00.000",,"205","V","HO"
"X4422901091900","X4","42","2009-01-29T19:00:00.000","2009-01-29T19:17:00.000","12.4","V","HO"
"X4012901092000","X4","1","2009-01-29T20:00:00.000","2009-01-29T20:58:00.000","1012","V","HO"
"X4322901092000","X4","32","2009-01-29T20:00:00.000",,"12.6","V","HO"
"X4332901092000","X4","33","2009-01-29T20:00:00.000",,"81","V","HO"
"X4342901092000","X4","34","2009-01-29T20:00:00.000",,"1012","V","HO"
"X4352901092000","X4","35","2009-01-29T20:00:00.000",,"0","V","HO"
"X4512901092000","X4","51","2009-01-29T20:00:00.000",,"206","V","HO"
"X4402901092000","X4","40","2009-01-29T20:00:00.000","2009-01-29T20:57:00.000","12.6","V","HO"
"X4422901092000","X4","42","2009-01-29T20:00:00.000","2009-01-29T20:16:00.000","12.5","V","HO"
"X4442901092000","X4","44","2009-01-29T20:00:00.000","2009-01-29T20:00:00.000","80","V","HO"
"X4502901092000","X4","50","2009-01-29T20:00:00.000","2009-01-29T20:11:00.000","3.2","V","HO"
"X4362901092000","X4","36","2009-01-29T20:00:00.000",,"0","V","HO"
"X4502901092100","X4","50","2009-01-29T21:00:00.000","2009-01-29T21:12:00.000","2.6","V","HO"
"X4512901092100","X4","51","2009-01-29T21:00:00.000",,"253","V","HO"
"X4322901092100","X4","32","2009-01-29T21:00:00.000",,"12.7","V","HO"
"X4332901092100","X4","33","2009-01-29T21:00:00.000",,"82","V","HO"
"X4342901092100","X4","34","2009-01-29T21:00:00.000",,"1012","V","HO"
"X4352901092100","X4","35","2009-01-29T21:00:00.000",,"0","V","HO"
"X4362901092100","X4","36","2009-01-29T21:00:00.000",,"0","V","HO"
"X4402901092100","X4","40","2009-01-29T21:00:00.000","2009-01-29T21:55:00.000","12.8","V","HO"
"X4422901092100","X4","42","2009-01-29T21:00:00.000","2009-01-29T21:00:00.000","12.6","V","HO"
"X4442901092100","X4","44","2009-01-29T21:00:00.000","2009-01-29T21:00:00.000","82","V","HO"
"X4342901092200","X4","34","2009-01-29T22:00:00.000",,"1012","V","HO"
"X4352901092200","X4","35","2009-01-29T22:00:00.000",,"0","V","HO"
"X4362901092200","X4","36","2009-01-29T22:00:00.000",,"0","V","HO"
"X4402901092200","X4","40","2009-01-29T22:00:00.000","2009-01-29T22:21:00.000","12.8","V","HO"
"X4422901092200","X4","42","2009-01-29T22:00:00.000","2009-01-29T22:55:00.000","12.7","V","HO"
"X4442901092200","X4","44","2009-01-29T22:00:00.000","2009-01-29T22:54:00.000","82","V","HO"
"X4502901092200","X4","50","2009-01-29T22:00:00.000","2009-01-29T22:46:00.000","3.9","V","HO"
"X4512901092200","X4","51","2009-01-29T22:00:00.000",,"269","V","HO"
"X4322901092200","X4","32","2009-01-29T22:00:00.000",,"12.8","V","HO"
"X4332901092200","X4","33","2009-01-29T22:00:00.000",,"83","V","HO"
"X4322901092300","X4","32","2009-01-29T23:00:00.000",,"12.7","V","HO"
"X4332901092300","X4","33","2009-01-29T23:00:00.000",,"81","V","HO"
"X4342901092300","X4","34","2009-01-29T23:00:00.000",,"1011","V","HO"
"X4352901092300","X4","35","2009-01-29T23:00:00.000",,"0","V","HO"
"X4512901092300","X4","51","2009-01-29T23:00:00.000",,"280","V","HO"
"X4402901092300","X4","40","2009-01-29T23:00:00.000","2009-01-29T23:00:00.000","12.7","V","HO"
"X4422901092300","X4","42","2009-01-29T23:00:00.000","2009-01-29T23:41:00.000","12.6","V","HO"
"X4442901092300","X4","44","2009-01-29T23:00:00.000","2009-01-29T23:58:00.000","80","V","HO"
"X4502901092300","X4","50","2009-01-29T23:00:00.000","2009-01-29T23:03:00.000","3.7","V","HO"
"X4362901092300","X4","36","2009-01-29T23:00:00.000",,"0","V","HO"
"X4323001090000","X4","32","2009-01-30T00:00:00.000",,"12.8","V","HO"
"X4333001090000","X4","33","2009-01-30T00:00:00.000",,"79","V","HO"
"X4343001090000","X4","34","2009-01-30T00:00:00.000",,"1011","V","HO"
"X4353001090000","X4","35","2009-01-30T00:00:00.000",,"0","V","HO"
"X4363001090000","X4","36","2009-01-30T00:00:00.000",,"0","V","HO"
"X4403001090000","X4","40","2009-01-30T00:00:00.000","2009-01-30T00:58:00.000","12.9","V","HO"
"X4423001090000","X4","42","2009-01-30T00:00:00.000","2009-01-30T00:01:00.000","12.7","V","HO"
"X4443001090000","X4","44","2009-01-30T00:00:00.000","2009-01-30T00:57:00.000","78","V","HO"
"X4503001090000","X4","50","2009-01-30T00:00:00.000","2009-01-30T00:13:00.000","2.6","V","HO"
"X4513001090000","X4","51","2009-01-30T00:00:00.000",,"262","V","HO"
"X4013001090000","X4","1","2009-01-30T00:00:00.000","2009-01-30T00:06:00.000","1011","V","HO"
"X4363001090100","X4","36","2009-01-30T01:00:00.000",,"0","V","HO"
"X4403001090100","X4","40","2009-01-30T01:00:00.000","2009-01-30T01:36:00.000","13","V","HO"
"X4423001090100","X4","42","2009-01-30T01:00:00.000","2009-01-30T01:02:00.000","12.9","V","HO"
"X4443001090100","X4","44","2009-01-30T01:00:00.000","2009-01-30T01:34:00.000","77","V","HO"
"X4323001090100","X4","32","2009-01-30T01:00:00.000",,"13","V","HO"
"X4513001090100","X4","51","2009-01-30T01:00:00.000",,"295","V","HO"
"X4353001090100","X4","35","2009-01-30T01:00:00.000",,"0","V","HO"
"X4343001090100","X4","34","2009-01-30T01:00:00.000",,"1011","V","HO"
"X4333001090100","X4","33","2009-01-30T01:00:00.000",,"78","V","HO"
"X4503001090100","X4","50","2009-01-30T01:00:00.000","2009-01-30T01:47:00.000","2.5","V","HO"
"X4323001090200","X4","32","2009-01-30T02:00:00.000",,"12.9","V","HO"
"X4503001090200","X4","50","2009-01-30T02:00:00.000","2009-01-30T02:23:00.000","2.4","V","HO"
"X4343001090200","X4","34","2009-01-30T02:00:00.000",,"1011","V","HO"
"X4353001090200","X4","35","2009-01-30T02:00:00.000",,"0","V","HO"
"X4363001090200","X4","36","2009-01-30T02:00:00.000",,"0","V","HO"
"X4403001090200","X4","40","2009-01-30T02:00:00.000","2009-01-30T02:00:00.000","13","V","HO"
"X4423001090200","X4","42","2009-01-30T02:00:00.000","2009-01-30T02:44:00.000","12.9","V","HO"
"X4443001090200","X4","44","2009-01-30T02:00:00.000","2009-01-30T02:53:00.000","77","V","HO"
"X4333001090200","X4","33","2009-01-30T02:00:00.000",,"78","V","HO"
"X4513001090200","X4","51","2009-01-30T02:00:00.000",,"332","V","HO"
"X4323001090300","X4","32","2009-01-30T03:00:00.000",,"12.9","V","HO"
"X4333001090300","X4","33","2009-01-30T03:00:00.000",,"78","V","HO"
"X4343001090300","X4","34","2009-01-30T03:00:00.000",,"1010","V","HO"
"X4353001090300","X4","35","2009-01-30T03:00:00.000",,"0","V","HO"
"X4513001090300","X4","51","2009-01-30T03:00:00.000",,"318","V","HO"
"X4403001090300","X4","40","2009-01-30T03:00:00.000","2009-01-30T03:04:00.000","12.9","V","HO"
"X4423001090300","X4","42","2009-01-30T03:00:00.000","2009-01-30T03:50:00.000","12.9","V","HO"
"X4443001090300","X4","44","2009-01-30T03:00:00.000","2009-01-30T03:07:00.000","77","V","HO"
"X4503001090300","X4","50","2009-01-30T03:00:00.000","2009-01-30T03:36:00.000","2.2","V","HO"
"X4363001090300","X4","36","2009-01-30T03:00:00.000",,"0","V","HO"
"X4323001090400","X4","32","2009-01-30T04:00:00.000",,"12.9","V","HO"
"X4333001090400","X4","33","2009-01-30T04:00:00.000",,"78","V","HO"
"X4343001090400","X4","34","2009-01-30T04:00:00.000",,"1010","V","HO"
"X4353001090400","X4","35","2009-01-30T04:00:00.000",,"0","V","HO"
"X4513001090400","X4","51","2009-01-30T04:00:00.000",,"246","V","HO"
"X4403001090400","X4","40","2009-01-30T04:00:00.000","2009-01-30T04:00:00.000","12.9","V","HO"
"X4423001090400","X4","42","2009-01-30T04:00:00.000","2009-01-30T04:54:00.000","12.8","V","HO"
"X4443001090400","X4","44","2009-01-30T04:00:00.000","2009-01-30T04:00:00.000","78","V","HO"
"X4503001090400","X4","50","2009-01-30T04:00:00.000","2009-01-30T04:39:00.000","1.8","V","HO"
"X4363001090400","X4","36","2009-01-30T04:00:00.000",,"0","V","HO"
"X4323001090500","X4","32","2009-01-30T05:00:00.000",,"12.8","V","HO"
"X4333001090500","X4","33","2009-01-30T05:00:00.000",,"78","V","HO"
"X4343001090500","X4","34","2009-01-30T05:00:00.000",,"1010","V","HO"
"X4353001090500","X4","35","2009-01-30T05:00:00.000",,"0","V","HO"
"X4513001090500","X4","51","2009-01-30T05:00:00.000",,"62","V","HO"
"X4403001090500","X4","40","2009-01-30T05:00:00.000","2009-01-30T05:57:00.000","12.9","V","HO"
"X4423001090500","X4","42","2009-01-30T05:00:00.000","2009-01-30T05:20:00.000","12.7","V","HO"
"X4443001090500","X4","44","2009-01-30T05:00:00.000","2009-01-30T05:56:00.000","75","V","HO"
"X4503001090500","X4","50","2009-01-30T05:00:00.000","2009-01-30T05:58:00.000","1.9","V","HO"
"X4363001090500","X4","36","2009-01-30T05:00:00.000",,"0","V","HO"
"X4403001090600","X4","40","2009-01-30T06:00:00.000","2009-01-30T06:01:00.000","13","V","HO"
"X4423001090600","X4","42","2009-01-30T06:00:00.000","2009-01-30T06:51:00.000","12.4","V","HO"
"X4443001090600","X4","44","2009-01-30T06:00:00.000","2009-01-30T06:58:00.000","74","V","HO"
"X4503001090600","X4","50","2009-01-30T06:00:00.000","2009-01-30T06:09:00.000","2.6","V","HO"
"X4363001090600","X4","36","2009-01-30T06:00:00.000",,"0","V","HO"
"X4323001090600","X4","32","2009-01-30T06:00:00.000",,"12.6","V","HO"
"X4333001090600","X4","33","2009-01-30T06:00:00.000",,"76","V","HO"
"X4343001090600","X4","34","2009-01-30T06:00:00.000",,"1010","V","HO"
"X4353001090600","X4","35","2009-01-30T06:00:00.000",,"0","V","HO"
"X4513001090600","X4","51","2009-01-30T06:00:00.000",,"85","V","HO"
"X4323001090700","X4","32","2009-01-30T07:00:00.000",,"12.6","V","HO"
"X4403001090700","X4","40","2009-01-30T07:00:00.000","2009-01-30T07:58:00.000","12.8","V","HO"
"X4343001090700","X4","34","2009-01-30T07:00:00.000",,"1011","V","HO"
"X4353001090700","X4","35","2009-01-30T07:00:00.000",,"0","V","HO"
"X4363001090700","X4","36","2009-01-30T07:00:00.000",,"15","V","HO"
"X4333001090700","X4","33","2009-01-30T07:00:00.000",,"73","V","HO"
"X4423001090700","X4","42","2009-01-30T07:00:00.000","2009-01-30T07:00:00.000","12.4","V","HO"
"X4443001090700","X4","44","2009-01-30T07:00:00.000","2009-01-30T07:58:00.000","73","V","HO"
"X4503001090700","X4","50","2009-01-30T07:00:00.000","2009-01-30T07:49:00.000","1.7","V","HO"
"X4513001090700","X4","51","2009-01-30T07:00:00.000",,"166","V","HO"
"X4323001090800","X4","32","2009-01-30T08:00:00.000",,"13","V","HO"
"X4333001090800","X4","33","2009-01-30T08:00:00.000",,"73","V","HO"
"X4343001090800","X4","34","2009-01-30T08:00:00.000",,"1011","V","HO"
"X4353001090800","X4","35","2009-01-30T08:00:00.000",,"0","V","HO"
"X4513001090800","X4","51","2009-01-30T08:00:00.000",,"156","V","HO"
"X4403001090800","X4","40","2009-01-30T08:00:00.000","2009-01-30T08:46:00.000","13.1","V","HO"
"X4423001090800","X4","42","2009-01-30T08:00:00.000","2009-01-30T08:00:00.000","12.8","V","HO"
"X4443001090800","X4","44","2009-01-30T08:00:00.000","2009-01-30T08:06:00.000","72","V","HO"
"X4503001090800","X4","50","2009-01-30T08:00:00.000","2009-01-30T08:46:00.000","1.9","V","HO"
"X4363001090800","X4","36","2009-01-30T08:00:00.000",,"53","V","HO"
"X4513001090900","X4","51","2009-01-30T09:00:00.000",,"173","V","HO"
"X4323001090900","X4","32","2009-01-30T09:00:00.000",,"13.3","V","HO"
"X4333001090900","X4","33","2009-01-30T09:00:00.000",,"74","V","HO"
"X4343001090900","X4","34","2009-01-30T09:00:00.000",,"1011","V","HO"
"X4353001090900","X4","35","2009-01-30T09:00:00.000",,"0","V","HO"
"X4363001090900","X4","36","2009-01-30T09:00:00.000",,"114","V","HO"
"X4403001090900","X4","40","2009-01-30T09:00:00.000","2009-01-30T09:58:00.000","13.5","V","HO"
"X4423001090900","X4","42","2009-01-30T09:00:00.000","2009-01-30T09:00:00.000","13.1","V","HO"
"X4443001090900","X4","44","2009-01-30T09:00:00.000","2009-01-30T09:47:00.000","72","V","HO"
"X4503001090900","X4","50","2009-01-30T09:00:00.000","2009-01-30T09:13:00.000","2.3","V","HO"
"X4333001091000","X4","33","2009-01-30T10:00:00.000",,"69","V","HO"
"X4343001091000","X4","34","2009-01-30T10:00:00.000",,"1011","V","HO"
"X4353001091000","X4","35","2009-01-30T10:00:00.000",,"0","V","HO"
"X4363001091000","X4","36","2009-01-30T10:00:00.000",,"243","V","HO"
"X4443001091000","X4","44","2009-01-30T10:00:00.000","2009-01-30T10:58:00.000","66","V","HO"
"X4423001091000","X4","42","2009-01-30T10:00:00.000","2009-01-30T10:00:00.000","13.5","V","HO"
"X4323001091000","X4","32","2009-01-30T10:00:00.000",,"14.1","V","HO"
"X4513001091000","X4","51","2009-01-30T10:00:00.000",,"163","V","HO"
"X4503001091000","X4","50","2009-01-30T10:00:00.000","2009-01-30T10:32:00.000","2.6","V","HO"
"X4403001091000","X4","40","2009-01-30T10:00:00.000","2009-01-30T10:58:00.000","14.8","V","HO"
"X4323001091100","X4","32","2009-01-30T11:00:00.000",,"14.3","V","HO"
"X4333001091100","X4","33","2009-01-30T11:00:00.000",,"68","V","HO"
"X4343001091100","X4","34","2009-01-30T11:00:00.000",,"1010","V","HO"
"X4353001091100","X4","35","2009-01-30T11:00:00.000",,"0","V","HO"
"X4513001091100","X4","51","2009-01-30T11:00:00.000",,"133","V","HO"
"X4403001091100","X4","40","2009-01-30T11:00:00.000","2009-01-30T11:00:00.000","14.9","V","HO"
"X4423001091100","X4","42","2009-01-30T11:00:00.000","2009-01-30T11:58:00.000","13.8","V","HO"
"X4443001091100","X4","44","2009-01-30T11:00:00.000","2009-01-30T11:08:00.000","65","V","HO"
"X4503001091100","X4","50","2009-01-30T11:00:00.000","2009-01-30T11:30:00.000","3.5","V","HO"
"X4363001091100","X4","36","2009-01-30T11:00:00.000",,"142","V","HO"
"X4323001091200","X4","32","2009-01-30T12:00:00.000",,"13.7","V","HO"
"X4333001091200","X4","33","2009-01-30T12:00:00.000",,"72","V","HO"
"X4343001091200","X4","34","2009-01-30T12:00:00.000",,"1009","V","HO"
"X4353001091200","X4","35","2009-01-30T12:00:00.000",,"0","V","HO"
"X4513001091200","X4","51","2009-01-30T12:00:00.000",,"173","V","HO"
"X4403001091200","X4","40","2009-01-30T12:00:00.000","2009-01-30T12:00:00.000","13.8","V","HO"
"X4423001091200","X4","42","2009-01-30T12:00:00.000","2009-01-30T12:36:00.000","13.6","V","HO"
"X4443001091200","X4","44","2009-01-30T12:00:00.000","2009-01-30T12:00:00.000","71","V","HO"
"X4503001091200","X4","50","2009-01-30T12:00:00.000","2009-01-30T12:44:00.000","3.4","V","HO"
"X4363001091200","X4","36","2009-01-30T12:00:00.000",,"82","V","HO"
"X4323001091300","X4","32","2009-01-30T13:00:00.000",,"13.7","V","HO"
"X4333001091300","X4","33","2009-01-30T13:00:00.000",,"74","V","HO"
"X4343001091300","X4","34","2009-01-30T13:00:00.000",,"1009","V","HO"
"X4353001091300","X4","35","2009-01-30T13:00:00.000",,"0","V","HO"
"X4513001091300","X4","51","2009-01-30T13:00:00.000",,"142","V","HO"
"X4403001091300","X4","40","2009-01-30T13:00:00.000","2009-01-30T13:45:00.000","13.8","V","HO"
"X4423001091300","X4","42","2009-01-30T13:00:00.000","2009-01-30T13:17:00.000","13.5","V","HO"
"X4443001091300","X4","44","2009-01-30T13:00:00.000","2009-01-30T13:58:00.000","71","V","HO"
"X4503001091300","X4","50","2009-01-30T13:00:00.000","2009-01-30T13:45:00.000","3.3","V","HO"
"X4363001091300","X4","36","2009-01-30T13:00:00.000",,"94","V","HO"
"X4323001091400","X4","32","2009-01-30T14:00:00.000",,"13.9","V","HO"
"X4333001091400","X4","33","2009-01-30T14:00:00.000",,"70","V","HO"
"X4343001091400","X4","34","2009-01-30T14:00:00.000",,"1008","V","HO"
"X4353001091400","X4","35","2009-01-30T14:00:00.000",,"0","V","HO"
"X4363001091400","X4","36","2009-01-30T14:00:00.000",,"101","V","HO"
"X4403001091400","X4","40","2009-01-30T14:00:00.000","2009-01-30T14:13:00.000","14","V","HO"
"X4423001091400","X4","42","2009-01-30T14:00:00.000","2009-01-30T14:00:00.000","13.8","V","HO"
"X4443001091400","X4","44","2009-01-30T14:00:00.000","2009-01-30T14:10:00.000","68","V","HO"
"X4503001091400","X4","50","2009-01-30T14:00:00.000","2009-01-30T14:46:00.000","3.7","V","HO"
"X4513001091400","X4","51","2009-01-30T14:00:00.000",,"167","V","HO"
"X4353001091500","X4","35","2009-01-30T15:00:00.000",,"0","V","HO"
"X4363001091500","X4","36","2009-01-30T15:00:00.000",,"49","V","HO"
"X4403001091500","X4","40","2009-01-30T15:00:00.000","2009-01-30T15:00:00.000","13.9","V","HO"
"X4423001091500","X4","42","2009-01-30T15:00:00.000","2009-01-30T15:32:00.000","13.6","V","HO"
"X4443001091500","X4","44","2009-01-30T15:00:00.000","2009-01-30T15:00:00.000","71","V","HO"
"X4503001091500","X4","50","2009-01-30T15:00:00.000","2009-01-30T15:04:00.000","3.1","V","HO"
"X4513001091500","X4","51","2009-01-30T15:00:00.000",,"194","V","HO"
"X4323001091500","X4","32","2009-01-30T15:00:00.000",,"13.7","V","HO"
"X4333001091500","X4","33","2009-01-30T15:00:00.000",,"73","V","HO"
"X4343001091500","X4","34","2009-01-30T15:00:00.000",,"1008","V","HO"
"X4323001091600","X4","32","2009-01-30T16:00:00.000",,"13.4","V","HO"
"X4333001091600","X4","33","2009-01-30T16:00:00.000",,"76","V","HO"
"X4343001091600","X4","34","2009-01-30T16:00:00.000",,"1008","V","HO"
"X4353001091600","X4","35","2009-01-30T16:00:00.000",,"0","V","HO"
"X4513001091600","X4","51","2009-01-30T16:00:00.000",,"219","V","HO"
"X4403001091600","X4","40","2009-01-30T16:00:00.000","2009-01-30T16:00:00.000","13.6","V","HO"
"X4423001091600","X4","42","2009-01-30T16:00:00.000","2009-01-30T16:56:00.000","13.3","V","HO"
"X4443001091600","X4","44","2009-01-30T16:00:00.000","2009-01-30T16:05:00.000","74","V","HO"
"X4503001091600","X4","50","2009-01-30T16:00:00.000","2009-01-30T16:04:00.000","3","V","HO"
"X4363001091600","X4","36","2009-01-30T16:00:00.000",,"19","V","HO"
"X4513001091700","X4","51","2009-01-30T17:00:00.000",,"162","V","HO"
"X4323001091700","X4","32","2009-01-30T17:00:00.000",,"13.2","V","HO"
"X4333001091700","X4","33","2009-01-30T17:00:00.000",,"78","V","HO"
"X4343001091700","X4","34","2009-01-30T17:00:00.000",,"1009","V","HO"
"X4503001091700","X4","50","2009-01-30T17:00:00.000","2009-01-30T17:15:00.000","2.9","V","HO"
"X4363001091700","X4","36","2009-01-30T17:00:00.000",,"0","V","HO"
"X4403001091700","X4","40","2009-01-30T17:00:00.000","2009-01-30T17:06:00.000","13.3","V","HO"
"X4423001091700","X4","42","2009-01-30T17:00:00.000","2009-01-30T17:44:00.000","13.1","V","HO"
"X4443001091700","X4","44","2009-01-30T17:00:00.000","2009-01-30T17:00:00.000","77","V","HO"
"X4353001091700","X4","35","2009-01-30T17:00:00.000",,"0","V","HO"
"X4323001091800","X4","32","2009-01-30T18:00:00.000",,"13.1","V","HO"
"X4333001091800","X4","33","2009-01-30T18:00:00.000",,"76","V","HO"
"X4343001091800","X4","34","2009-01-30T18:00:00.000",,"1009","V","HO"
"X4353001091800","X4","35","2009-01-30T18:00:00.000",,"0","V","HO"
"X4513001091800","X4","51","2009-01-30T18:00:00.000",,"97","V","HO"
"X4403001091800","X4","40","2009-01-30T18:00:00.000","2009-01-30T18:13:00.000","13.2","V","HO"
"X4423001091800","X4","42","2009-01-30T18:00:00.000","2009-01-30T18:44:00.000","13","V","HO"
"X4443001091800","X4","44","2009-01-30T18:00:00.000","2009-01-30T18:47:00.000","73","V","HO"
"X4503001091800","X4","50","2009-01-30T18:00:00.000","2009-01-30T18:34:00.000","2.2","V","HO"
"X4363001091800","X4","36","2009-01-30T18:00:00.000",,"0","V","HO"
"X4323001091900","X4","32","2009-01-30T19:00:00.000",,"13.2","V","HO"
"X4333001091900","X4","33","2009-01-30T19:00:00.000",,"74","V","HO"
"X4343001091900","X4","34","2009-01-30T19:00:00.000",,"1008","V","HO"
"X4353001091900","X4","35","2009-01-30T19:00:00.000",,"0","V","HO"
"X4513001091900","X4","51","2009-01-30T19:00:00.000",,"76","V","HO"
"X4403001091900","X4","40","2009-01-30T19:00:00.000","2009-01-30T19:25:00.000","13.2","V","HO"
"X4423001091900","X4","42","2009-01-30T19:00:00.000","2009-01-30T19:00:00.000","13.1","V","HO"
"X4443001091900","X4","44","2009-01-30T19:00:00.000","2009-01-30T19:16:00.000","72","V","HO"
"X4503001091900","X4","50","2009-01-30T19:00:00.000","2009-01-30T19:42:00.000","2.9","V","HO"
"X4363001091900","X4","36","2009-01-30T19:00:00.000",,"0","V","HO"
"X4503001092000","X4","50","2009-01-30T20:00:00.000","2009-01-30T20:06:00.000","2.6","V","HO"
"X4323001092000","X4","32","2009-01-30T20:00:00.000",,"13.2","V","HO"
"X4333001092000","X4","33","2009-01-30T20:00:00.000",,"72","V","HO"
"X4343001092000","X4","34","2009-01-30T20:00:00.000",,"1008","V","HO"
"X4443001092000","X4","44","2009-01-30T20:00:00.000","2009-01-30T20:42:00.000","71","V","HO"
"X4363001092000","X4","36","2009-01-30T20:00:00.000",,"0","V","HO"
"X4513001092000","X4","51","2009-01-30T20:00:00.000",,"68","V","HO"
"X4403001092000","X4","40","2009-01-30T20:00:00.000","2009-01-30T20:58:00.000","13.3","V","HO"
"X4423001092000","X4","42","2009-01-30T20:00:00.000","2009-01-30T20:00:00.000","13.2","V","HO"
"X4353001092000","X4","35","2009-01-30T20:00:00.000",,"0","V","HO"
"X4323001092100","X4","32","2009-01-30T21:00:00.000",,"13.3","V","HO"
"X4333001092100","X4","33","2009-01-30T21:00:00.000",,"71","V","HO"
"X4343001092100","X4","34","2009-01-30T21:00:00.000",,"1008","V","HO"
"X4353001092100","X4","35","2009-01-30T21:00:00.000",,"0","V","HO"
"X4513001092100","X4","51","2009-01-30T21:00:00.000",,"100","V","HO"
"X4403001092100","X4","40","2009-01-30T21:00:00.000","2009-01-30T21:00:00.000","13.3","V","HO"
"X4423001092100","X4","42","2009-01-30T21:00:00.000","2009-01-30T21:55:00.000","13.2","V","HO"
"X4443001092100","X4","44","2009-01-30T21:00:00.000","2009-01-30T21:23:00.000","71","V","HO"
"X4503001092100","X4","50","2009-01-30T21:00:00.000","2009-01-30T21:55:00.000","2.8","V","HO"
"X4363001092100","X4","36","2009-01-30T21:00:00.000",,"0","V","HO"
"X4323001092200","X4","32","2009-01-30T22:00:00.000",,"13.2","V","HO"
"X4333001092200","X4","33","2009-01-30T22:00:00.000",,"73","V","HO"
"X4343001092200","X4","34","2009-01-30T22:00:00.000",,"1007","V","HO"
"X4353001092200","X4","35","2009-01-30T22:00:00.000",,"0","V","HO"
"X4513001092200","X4","51","2009-01-30T22:00:00.000",,"89","V","HO"
"X4403001092200","X4","40","2009-01-30T22:00:00.000","2009-01-30T22:10:00.000","13.2","V","HO"
"X4423001092200","X4","42","2009-01-30T22:00:00.000","2009-01-30T22:42:00.000","13.2","V","HO"
"X4443001092200","X4","44","2009-01-30T22:00:00.000","2009-01-30T22:54:00.000","72","V","HO"
"X4503001092200","X4","50","2009-01-30T22:00:00.000","2009-01-30T22:33:00.000","2.8","V","HO"
"X4363001092200","X4","36","2009-01-30T22:00:00.000",,"0","V","HO"
"X4023001092300","X4","2","2009-01-30T23:00:00.000","2009-01-30T23:58:00.000","1006","V","HO"
"X4323001092300","X4","32","2009-01-30T23:00:00.000",,"13.2","V","HO"
"X4333001092300","X4","33","2009-01-30T23:00:00.000",,"72","V","HO"
"X4343001092300","X4","34","2009-01-30T23:00:00.000",,"1007","V","HO"
"X4353001092300","X4","35","2009-01-30T23:00:00.000",,"0","V","HO"
"X4513001092300","X4","51","2009-01-30T23:00:00.000",,"83","V","HO"
"X4403001092300","X4","40","2009-01-30T23:00:00.000","2009-01-30T23:57:00.000","13.3","V","HO"
"X4423001092300","X4","42","2009-01-30T23:00:00.000","2009-01-30T23:31:00.000","13.2","V","HO"
"X4443001092300","X4","44","2009-01-30T23:00:00.000","2009-01-30T23:17:00.000","72","V","HO"
"X4503001092300","X4","50","2009-01-30T23:00:00.000","2009-01-30T23:56:00.000","2.7","V","HO"
"X4363001092300","X4","36","2009-01-30T23:00:00.000",,"0","V","HO"
"X4333101090000","X4","33","2009-01-31T00:00:00.000",,"74","V","HO"
"X4343101090000","X4","34","2009-01-31T00:00:00.000",,"1006","V","HO"
"X4353101090000","X4","35","2009-01-31T00:00:00.000",,"0","V","HO"
"X4363101090000","X4","36","2009-01-31T00:00:00.000",,"0","V","HO"
"X4403101090000","X4","40","2009-01-31T00:00:00.000","2009-01-31T00:00:00.000","13.3","V","HO"
"X4423101090000","X4","42","2009-01-31T00:00:00.000","2009-01-31T00:58:00.000","13","V","HO"
"X4443101090000","X4","44","2009-01-31T00:00:00.000","2009-01-31T00:37:00.000","73","V","HO"
"X4503101090000","X4","50","2009-01-31T00:00:00.000","2009-01-31T00:12:00.000","3.3","V","HO"
"X4513101090000","X4","51","2009-01-31T00:00:00.000",,"67","V","HO"
"X4323101090000","X4","32","2009-01-31T00:00:00.000",,"13.2","V","HO"
"X4013101090000","X4","1","2009-01-31T00:00:00.000","2009-01-31T00:00:00.000","1006","V","HO"
"X4323101090100","X4","32","2009-01-31T01:00:00.000",,"12.8","V","HO"
"X4333101090100","X4","33","2009-01-31T01:00:00.000",,"79","V","HO"
"X4343101090100","X4","34","2009-01-31T01:00:00.000",,"1005","V","HO"
"X4353101090100","X4","35","2009-01-31T01:00:00.000",,"0","V","HO"
"X4513101090100","X4","51","2009-01-31T01:00:00.000",,"62","V","HO"
"X4403101090100","X4","40","2009-01-31T01:00:00.000","2009-01-31T01:00:00.000","13","V","HO"
"X4423101090100","X4","42","2009-01-31T01:00:00.000","2009-01-31T01:50:00.000","12.7","V","HO"
"X4443101090100","X4","44","2009-01-31T01:00:00.000","2009-01-31T01:00:00.000","77","V","HO"
"X4503101090100","X4","50","2009-01-31T01:00:00.000","2009-01-31T01:55:00.000","2.8","V","HO"
"X4363101090100","X4","36","2009-01-31T01:00:00.000",,"0","V","HO"
"X4323101090200","X4","32","2009-01-31T02:00:00.000",,"12.7","V","HO"
"X4333101090200","X4","33","2009-01-31T02:00:00.000",,"82","V","HO"
"X4343101090200","X4","34","2009-01-31T02:00:00.000",,"1005","V","HO"
"X4353101090200","X4","35","2009-01-31T02:00:00.000",,"0","V","HO"
"X4513101090200","X4","51","2009-01-31T02:00:00.000",,"1","V","HO"
"X4403101090200","X4","40","2009-01-31T02:00:00.000","2009-01-31T02:18:00.000","12.7","V","HO"
"X4423101090200","X4","42","2009-01-31T02:00:00.000","2009-01-31T02:44:00.000","12.7","V","HO"
"X4443101090200","X4","44","2009-01-31T02:00:00.000","2009-01-31T02:47:00.000","82","V","HO"
"X4503101090200","X4","50","2009-01-31T02:00:00.000","2009-01-31T02:01:00.000","3.5","V","HO"
"X4363101090200","X4","36","2009-01-31T02:00:00.000",,"0","V","HO"
"X4323101090300","X4","32","2009-01-31T03:00:00.000",,"12.8","V","HO"
"X4333101090300","X4","33","2009-01-31T03:00:00.000",,"83","V","HO"
"X4343101090300","X4","34","2009-01-31T03:00:00.000",,"1004","V","HO"
"X4353101090300","X4","35","2009-01-31T03:00:00.000",,"0","V","HO"
"X4513101090300","X4","51","2009-01-31T03:00:00.000",,"6","V","HO"
"X4403101090300","X4","40","2009-01-31T03:00:00.000","2009-01-31T03:55:00.000","12.8","V","HO"
"X4423101090300","X4","42","2009-01-31T03:00:00.000","2009-01-31T03:00:00.000","12.7","V","HO"
"X4443101090300","X4","44","2009-01-31T03:00:00.000","2009-01-31T03:00:00.000","82","V","HO"
"X4503101090300","X4","50","2009-01-31T03:00:00.000","2009-01-31T03:00:00.000","2.7","V","HO"
"X4363101090300","X4","36","2009-01-31T03:00:00.000",,"0","V","HO"
"X4503101090400","X4","50","2009-01-31T04:00:00.000","2009-01-31T04:44:00.000","2.6","V","HO"
"X4363101090400","X4","36","2009-01-31T04:00:00.000",,"0","V","HO"
"X4353101090400","X4","35","2009-01-31T04:00:00.000",,"0","V","HO"
"X4343101090400","X4","34","2009-01-31T04:00:00.000",,"1004","V","HO"
"X4333101090400","X4","33","2009-01-31T04:00:00.000",,"85","V","HO"
"X4323101090400","X4","32","2009-01-31T04:00:00.000",,"12.9","V","HO"
"X4443101090400","X4","44","2009-01-31T04:00:00.000","2009-01-31T04:00:00.000","84","V","HO"
"X4513101090400","X4","51","2009-01-31T04:00:00.000",,"163","V","HO"
"X4403101090400","X4","40","2009-01-31T04:00:00.000","2009-01-31T04:40:00.000","13","V","HO"
"X4423101090400","X4","42","2009-01-31T04:00:00.000","2009-01-31T04:02:00.000","12.8","V","HO"
"X4323101090500","X4","32","2009-01-31T05:00:00.000",,"12.9","V","HO"
"X4333101090500","X4","33","2009-01-31T05:00:00.000",,"87","V","HO"
"X4343101090500","X4","34","2009-01-31T05:00:00.000",,"1003","V","HO"
"X4353101090500","X4","35","2009-01-31T05:00:00.000",,"0","V","HO"
"X4513101090500","X4","51","2009-01-31T05:00:00.000",,"163","V","HO"
"X4403101090500","X4","40","2009-01-31T05:00:00.000","2009-01-31T05:00:00.000","13","V","HO"
"X4423101090500","X4","42","2009-01-31T05:00:00.000","2009-01-31T05:50:00.000","12.8","V","HO"
"X4443101090500","X4","44","2009-01-31T05:00:00.000","2009-01-31T05:00:00.000","87","V","HO"
"X4503101090500","X4","50","2009-01-31T05:00:00.000","2009-01-31T05:45:00.000","2.6","V","HO"
"X4363101090500","X4","36","2009-01-31T05:00:00.000",,"0","V","HO"
"X4323101090600","X4","32","2009-01-31T06:00:00.000",,"12.7","V","HO"
"X4333101090600","X4","33","2009-01-31T06:00:00.000",,"88","V","HO"
"X4343101090600","X4","34","2009-01-31T06:00:00.000",,"1003","V","HO"
"X4353101090600","X4","35","2009-01-31T06:00:00.000",,"0.5","V","HO"
"X4513101090600","X4","51","2009-01-31T06:00:00.000",,"199","V","HO"
"X4403101090600","X4","40","2009-01-31T06:00:00.000","2009-01-31T06:00:00.000","12.8","V","HO"
"X4423101090600","X4","42","2009-01-31T06:00:00.000","2009-01-31T06:49:00.000","12.6","V","HO"
"X4443101090600","X4","44","2009-01-31T06:00:00.000","2009-01-31T06:00:00.000","87","V","HO"
"X4503101090600","X4","50","2009-01-31T06:00:00.000","2009-01-31T06:01:00.000","2.9","V","HO"
"X4363101090600","X4","36","2009-01-31T06:00:00.000",,"0","V","HO"
"X4323101090700","X4","32","2009-01-31T07:00:00.000",,"12.5","V","HO"
"X4333101090700","X4","33","2009-01-31T07:00:00.000",,"88","V","HO"
"X4343101090700","X4","34","2009-01-31T07:00:00.000",,"1003","V","HO"
"X4353101090700","X4","35","2009-01-31T07:00:00.000",,"0","V","HO"
"X4363101090700","X4","36","2009-01-31T07:00:00.000",,"7","V","HO"
"X4403101090700","X4","40","2009-01-31T07:00:00.000","2009-01-31T07:00:00.000","12.6","V","HO"
"X4423101090700","X4","42","2009-01-31T07:00:00.000","2009-01-31T07:17:00.000","12.5","V","HO"
"X4443101090700","X4","44","2009-01-31T07:00:00.000","2009-01-31T07:58:00.000","87","V","HO"
"X4503101090700","X4","50","2009-01-31T07:00:00.000","2009-01-31T07:04:00.000","2.9","V","HO"
"X4513101090700","X4","51","2009-01-31T07:00:00.000",,"173","V","HO"
"X4333101090800","X4","33","2009-01-31T08:00:00.000",,"86","V","HO"
"X4343101090800","X4","34","2009-01-31T08:00:00.000",,"1003","V","HO"
"X4353101090800","X4","35","2009-01-31T08:00:00.000",,"0","V","HO"
"X4363101090800","X4","36","2009-01-31T08:00:00.000",,"31","V","HO"
"X4403101090800","X4","40","2009-01-31T08:00:00.000","2009-01-31T08:58:00.000","12.7","V","HO"
"X4423101090800","X4","42","2009-01-31T08:00:00.000","2009-01-31T08:13:00.000","12.5","V","HO"
"X4443101090800","X4","44","2009-01-31T08:00:00.000","2009-01-31T08:57:00.000","85","V","HO"
"X4503101090800","X4","50","2009-01-31T08:00:00.000","2009-01-31T08:28:00.000","2.5","V","HO"
"X4513101090800","X4","51","2009-01-31T08:00:00.000",,"206","V","HO"
"X4323101090800","X4","32","2009-01-31T08:00:00.000",,"12.6","V","HO"
"X4323101090900","X4","32","2009-01-31T09:00:00.000",,"12.8","V","HO"
"X4443101090900","X4","44","2009-01-31T09:00:00.000","2009-01-31T09:55:00.000","81","V","HO"
"X4343101090900","X4","34","2009-01-31T09:00:00.000",,"1003","V","HO"
"X4353101090900","X4","35","2009-01-31T09:00:00.000",,"0","V","HO"
"X4363101090900","X4","36","2009-01-31T09:00:00.000",,"33","V","HO"
"X4403101090900","X4","40","2009-01-31T09:00:00.000","2009-01-31T09:49:00.000","12.9","V","HO"
"X4423101090900","X4","42","2009-01-31T09:00:00.000","2009-01-31T09:14:00.000","12.7","V","HO"
"X4333101090900","X4","33","2009-01-31T09:00:00.000",,"83","V","HO"
"X4503101090900","X4","50","2009-01-31T09:00:00.000","2009-01-31T09:00:00.000","2","V","HO"
"X4513101090900","X4","51","2009-01-31T09:00:00.000",,"268","V","HO"
"X4333101091000","X4","33","2009-01-31T10:00:00.000",,"83","V","HO"
"X4343101091000","X4","34","2009-01-31T10:00:00.000",,"1002","V","HO"
"X4353101091000","X4","35","2009-01-31T10:00:00.000",,"0.1","V","HO"
"X4363101091000","X4","36","2009-01-31T10:00:00.000",,"46","V","HO"
"X4323101091000","X4","32","2009-01-31T10:00:00.000",,"12.8","V","HO"
"X4423101091000","X4","42","2009-01-31T10:00:00.000","2009-01-31T10:39:00.000","12.7","V","HO"
"X4443101091000","X4","44","2009-01-31T10:00:00.000","2009-01-31T10:04:00.000","81","V","HO"
"X4503101091000","X4","50","2009-01-31T10:00:00.000","2009-01-31T10:14:00.000","2.8","V","HO"
"X4513101091000","X4","51","2009-01-31T10:00:00.000",,"259","V","HO"
"X4403101091000","X4","40","2009-01-31T10:00:00.000","2009-01-31T10:09:00.000","13","V","HO"
"X4403101091100","X4","40","2009-01-31T11:00:00.000","2009-01-31T11:54:00.000","14","V","HO"
"X4423101091100","X4","42","2009-01-31T11:00:00.000","2009-01-31T11:00:00.000","12.8","V","HO"
"X4443101091100","X4","44","2009-01-31T11:00:00.000","2009-01-31T11:58:00.000","80","V","HO"
"X4503101091100","X4","50","2009-01-31T11:00:00.000","2009-01-31T11:45:00.000","2.8","V","HO"
"X4363101091100","X4","36","2009-01-31T11:00:00.000",,"238","V","HO"
"X4323101091100","X4","32","2009-01-31T11:00:00.000",,"13.3","V","HO"
"X4333101091100","X4","33","2009-01-31T11:00:00.000",,"83","V","HO"
"X4343101091100","X4","34","2009-01-31T11:00:00.000",,"1001","V","HO"
"X4353101091100","X4","35","2009-01-31T11:00:00.000",,"0.4","V","HO"
"X4513101091100","X4","51","2009-01-31T11:00:00.000",,"69","V","HO"
"X4353101091200","X4","35","2009-01-31T12:00:00.000",,"0","V","HO"
"X4363101091200","X4","36","2009-01-31T12:00:00.000",,"155","V","HO"
"X4403101091200","X4","40","2009-01-31T12:00:00.000","2009-01-31T12:34:00.000","14","V","HO"
"X4423101091200","X4","42","2009-01-31T12:00:00.000","2009-01-31T12:57:00.000","13.7","V","HO"
"X4343101091200","X4","34","2009-01-31T12:00:00.000",,"1000","V","HO"
"X4503101091200","X4","50","2009-01-31T12:00:00.000","2009-01-31T12:52:00.000","4.1","V","HO"
"X4513101091200","X4","51","2009-01-31T12:00:00.000",,"85","V","HO"
"X4323101091200","X4","32","2009-01-31T12:00:00.000",,"13.8","V","HO"
"X4333101091200","X4","33","2009-01-31T12:00:00.000",,"80","V","HO"
"X4443101091200","X4","44","2009-01-31T12:00:00.000","2009-01-31T12:38:00.000","79","V","HO"
"X4503101091300","X4","50","2009-01-31T13:00:00.000","2009-01-31T13:16:00.000","4.2","V","HO"
"X4513101091300","X4","51","2009-01-31T13:00:00.000",,"76","V","HO"
"X4423101091300","X4","42","2009-01-31T13:00:00.000","2009-01-31T13:44:00.000","13.5","V","HO"
"X4403101091300","X4","40","2009-01-31T13:00:00.000","2009-01-31T13:16:00.000","13.8","V","HO"
"X4443101091300","X4","44","2009-01-31T13:00:00.000","2009-01-31T13:17:00.000","79","V","HO"
"X4353101091300","X4","35","2009-01-31T13:00:00.000",,"0","V","HO"
"X4343101091300","X4","34","2009-01-31T13:00:00.000",,"999","V","HO"
"X4333101091300","X4","33","2009-01-31T13:00:00.000",,"80","V","HO"
"X4323101091300","X4","32","2009-01-31T13:00:00.000",,"13.7","V","HO"
"X4363101091300","X4","36","2009-01-31T13:00:00.000",,"107","V","HO"
"X4323101091400","X4","32","2009-01-31T14:00:00.000",,"13.1","V","HO"
"X4333101091400","X4","33","2009-01-31T14:00:00.000",,"84","V","HO"
"X4343101091400","X4","34","2009-01-31T14:00:00.000",,"999","V","HO"
"X4353101091400","X4","35","2009-01-31T14:00:00.000",,"0.8","V","HO"
"X4513101091400","X4","51","2009-01-31T14:00:00.000",,"139","V","HO"
"X4403101091400","X4","40","2009-01-31T14:00:00.000","2009-01-31T14:00:00.000","13.5","V","HO"
"X4423101091400","X4","42","2009-01-31T14:00:00.000","2009-01-31T14:58:00.000","12.5","V","HO"
"X4443101091400","X4","44","2009-01-31T14:00:00.000","2009-01-31T14:04:00.000","81","V","HO"
"X4503101091400","X4","50","2009-01-31T14:00:00.000","2009-01-31T14:32:00.000","7.9","V","HO"
"X4363101091400","X4","36","2009-01-31T14:00:00.000",,"28","V","HO"
"X4323101091500","X4","32","2009-01-31T15:00:00.000",,"12.1","V","HO"
"X4333101091500","X4","33","2009-01-31T15:00:00.000",,"88","V","HO"
"X4343101091500","X4","34","2009-01-31T15:00:00.000",,"998","V","HO"
"X4353101091500","X4","35","2009-01-31T15:00:00.000",,"4.9","V","HO"
"X4513101091500","X4","51","2009-01-31T15:00:00.000",,"193","V","HO"
"X4403101091500","X4","40","2009-01-31T15:00:00.000","2009-01-31T15:00:00.000","12.5","V","HO"
"X4423101091500","X4","42","2009-01-31T15:00:00.000","2009-01-31T15:44:00.000","11.8","V","HO"
"X4443101091500","X4","44","2009-01-31T15:00:00.000","2009-01-31T15:06:00.000","88","V","HO"
"X4503101091500","X4","50","2009-01-31T15:00:00.000","2009-01-31T15:02:00.000","6.5","V","HO"
"X4363101091500","X4","36","2009-01-31T15:00:00.000",,"13","V","HO"
"X4403101091600","X4","40","2009-01-31T16:00:00.000","2009-01-31T16:00:00.000","11.9","V","HO"
"X4423101091600","X4","42","2009-01-31T16:00:00.000","2009-01-31T16:58:00.000","11.2","V","HO"
"X4443101091600","X4","44","2009-01-31T16:00:00.000","2009-01-31T16:30:00.000","87","V","HO"
"X4503101091600","X4","50","2009-01-31T16:00:00.000","2009-01-31T16:12:00.000","4.8","V","HO"
"X4513101091600","X4","51","2009-01-31T16:00:00.000",,"195","V","HO"
"X4323101091600","X4","32","2009-01-31T16:00:00.000",,"11.5","V","HO"
"X4333101091600","X4","33","2009-01-31T16:00:00.000",,"88","V","HO"
"X4343101091600","X4","34","2009-01-31T16:00:00.000",,"998","V","HO"
"X4353101091600","X4","35","2009-01-31T16:00:00.000",,"4","V","HO"
"X4363101091600","X4","36","2009-01-31T16:00:00.000",,"3","V","HO"
"X4323101091700","X4","32","2009-01-31T17:00:00.000",,"11.2","V","HO"
"X4333101091700","X4","33","2009-01-31T17:00:00.000",,"88","V","HO"
"X4513101091700","X4","51","2009-01-31T17:00:00.000",,"314","V","HO"
"X4503101091700","X4","50","2009-01-31T17:00:00.000","2009-01-31T17:15:00.000","3.4","V","HO"
"X4443101091700","X4","44","2009-01-31T17:00:00.000","2009-01-31T17:58:00.000","87","V","HO"
"X4423101091700","X4","42","2009-01-31T17:00:00.000","2009-01-31T17:18:00.000","11.1","V","HO"
"X4403101091700","X4","40","2009-01-31T17:00:00.000","2009-01-31T17:53:00.000","11.3","V","HO"
"X4363101091700","X4","36","2009-01-31T17:00:00.000",,"0","V","HO"
"X4353101091700","X4","35","2009-01-31T17:00:00.000",,"2.6","V","HO"
"X4343101091700","X4","34","2009-01-31T17:00:00.000",,"998","V","HO"
"X4323101091800","X4","32","2009-01-31T18:00:00.000",,"11.4","V","HO"
"X4333101091800","X4","33","2009-01-31T18:00:00.000",,"87","V","HO"
"X4343101091800","X4","34","2009-01-31T18:00:00.000",,"997","V","HO"
"X4353101091800","X4","35","2009-01-31T18:00:00.000",,"0.9","V","HO"
"X4513101091800","X4","51","2009-01-31T18:00:00.000",,"195","V","HO"
"X4403101091800","X4","40","2009-01-31T18:00:00.000","2009-01-31T18:28:00.000","11.5","V","HO"
"X4423101091800","X4","42","2009-01-31T18:00:00.000","2009-01-31T18:04:00.000","11.3","V","HO"
"X4443101091800","X4","44","2009-01-31T18:00:00.000","2009-01-31T18:03:00.000","86","V","HO"
"X4503101091800","X4","50","2009-01-31T18:00:00.000","2009-01-31T18:57:00.000","2.6","V","HO"
"X4363101091800","X4","36","2009-01-31T18:00:00.000",,"0","V","HO"
"X4513101091900","X4","51","2009-01-31T19:00:00.000",,"222","V","HO"
"X4323101091900","X4","32","2009-01-31T19:00:00.000",,"11.2","V","HO"
"X4333101091900","X4","33","2009-01-31T19:00:00.000",,"88","V","HO"
"X4343101091900","X4","34","2009-01-31T19:00:00.000",,"997","V","HO"
"X4503101091900","X4","50","2009-01-31T19:00:00.000","2009-01-31T19:53:00.000","2.8","V","HO"
"X4363101091900","X4","36","2009-01-31T19:00:00.000",,"0","V","HO"
"X4403101091900","X4","40","2009-01-31T19:00:00.000","2009-01-31T19:00:00.000","11.3","V","HO"
"X4423101091900","X4","42","2009-01-31T19:00:00.000","2009-01-31T19:58:00.000","11","V","HO"
"X4443101091900","X4","44","2009-01-31T19:00:00.000","2009-01-31T19:36:00.000","88","V","HO"
"X4353101091900","X4","35","2009-01-31T19:00:00.000",,"2.3","V","HO"
"X4443101092000","X4","44","2009-01-31T20:00:00.000","2009-01-31T20:00:00.000","88","V","HO"
"X4503101092000","X4","50","2009-01-31T20:00:00.000","2009-01-31T20:26:00.000","3.1","V","HO"
"X4513101092000","X4","51","2009-01-31T20:00:00.000",,"270","V","HO"
"X4323101092000","X4","32","2009-01-31T20:00:00.000",,"11","V","HO"
"X4333101092000","X4","33","2009-01-31T20:00:00.000",,"89","V","HO"
"X4343101092000","X4","34","2009-01-31T20:00:00.000",,"997","V","HO"
"X4353101092000","X4","35","2009-01-31T20:00:00.000",,"1.4","V","HO"
"X4363101092000","X4","36","2009-01-31T20:00:00.000",,"0","V","HO"
"X4403101092000","X4","40","2009-01-31T20:00:00.000","2009-01-31T20:39:00.000","11","V","HO"
"X4423101092000","X4","42","2009-01-31T20:00:00.000","2009-01-31T20:19:00.000","10.9","V","HO"
"X4323101092100","X4","32","2009-01-31T21:00:00.000",,"11","V","HO"
"X4333101092100","X4","33","2009-01-31T21:00:00.000",,"87","V","HO"
"X4343101092100","X4","34","2009-01-31T21:00:00.000",,"997","V","HO"
"X4353101092100","X4","35","2009-01-31T21:00:00.000",,"0.9","V","HO"
"X4513101092100","X4","51","2009-01-31T21:00:00.000",,"266","V","HO"
"X4403101092100","X4","40","2009-01-31T21:00:00.000","2009-01-31T21:21:00.000","11","V","HO"
"X4423101092100","X4","42","2009-01-31T21:00:00.000","2009-01-31T21:39:00.000","10.9","V","HO"
"X4443101092100","X4","44","2009-01-31T21:00:00.000","2009-01-31T21:41:00.000","87","V","HO"
"X4503101092100","X4","50","2009-01-31T21:00:00.000","2009-01-31T21:15:00.000","2.3","V","HO"
"X4363101092100","X4","36","2009-01-31T21:00:00.000",,"0","V","HO"
"X4323101092200","X4","32","2009-01-31T22:00:00.000",,"10.9","V","HO"
"X4333101092200","X4","33","2009-01-31T22:00:00.000",,"88","V","HO"
"X4343101092200","X4","34","2009-01-31T22:00:00.000",,"997","V","HO"
"X4353101092200","X4","35","2009-01-31T22:00:00.000",,"1.1","V","HO"
"X4513101092200","X4","51","2009-01-31T22:00:00.000",,"102","V","HO"
"X4403101092200","X4","40","2009-01-31T22:00:00.000","2009-01-31T22:51:00.000","11","V","HO"
"X4423101092200","X4","42","2009-01-31T22:00:00.000","2009-01-31T22:58:00.000","10.9","V","HO"
"X4443101092200","X4","44","2009-01-31T22:00:00.000","2009-01-31T22:03:00.000","87","V","HO"
"X4503101092200","X4","50","2009-01-31T22:00:00.000","2009-01-31T22:54:00.000","2.2","V","HO"
"X4363101092200","X4","36","2009-01-31T22:00:00.000",,"0","V","HO"
"X4323101092300","X4","32","2009-01-31T23:00:00.000",,"10.8","V","HO"
"X4333101092300","X4","33","2009-01-31T23:00:00.000",,"89","V","HO"
"X4343101092300","X4","34","2009-01-31T23:00:00.000",,"997","V","HO"
"X4353101092300","X4","35","2009-01-31T23:00:00.000",,"0.8","V","HO"
"X4363101092300","X4","36","2009-01-31T23:00:00.000",,"0","V","HO"
"X4513101092300","X4","51","2009-01-31T23:00:00.000",,"83","V","HO"
"X4423101092300","X4","42","2009-01-31T23:00:00.000","2009-01-31T23:56:00.000","10.7","V","HO"
"X4023101092300","X4","2","2009-01-31T23:00:00.000","2009-01-31T23:26:00.000","997","V","HO"
"X4443101092300","X4","44","2009-01-31T23:00:00.000","2009-01-31T23:00:00.000","88","V","HO"
"X4503101092300","X4","50","2009-01-31T23:00:00.000","2009-01-31T23:51:00.000","3.4","V","HO"
"X4403101092300","X4","40","2009-01-31T23:00:00.000","2009-01-31T23:03:00.000","10.9","V","HO"
